1 1 1 -0.20 0.0 0.0 0.0
2 1 2 -0.20 0.0 1.09 0.5
3 1 2 -0.20 0.0 -1.09 0.5
4 1 1 -0.20 1.54 0.0 0.0
5 1 2 -0.20 1.54 1.09 -0.5
6 1 2 -0.20 1.54 -1.09 -0.5
7 1 1 -0.20 3.08 0.0 0.0
8 1 2 -0.20 3.08 1.09 0.5
9 1 2 -0.20 3.08 -1.09 0.5
10 1 1 -0.20 4.62 0.0 0.0
11 1 2 -0.20 4.62 1.09 -0.5
12 1 2 -0.20 4.62 -1.09 -0.5
13 1 1 -0.20 6.16 0.0 0.0
14 1 2 -0.20 6.16 1.09 0.5
15 1 2 -0.20 6.16 -1.09 0.5
16 1 1 -0.20 7.7 0.0 0.0
17 1 2 -0.20 7.7 1.09 -0.5
18 1 2 -0.20 7.7 -1.09 -0.5
19 1 1 -0.20 9.24 0.0 0.0
20 1 2 -0.20 9.24 1.09 0.5
21 1 2 -0.20 9.24 -1.09 0.5
22 1 1 -0.20 10.78 0.0 0.0
23 1 2 -0.20 10.78 1.09 -0.5
24 1 2 -0.20 10.78 -1.09 -0.5
25 1 3 -0.40 3.08 0.0 -1.4
26 1 1 -0.20 3.08 1.2 -2.1
27 1 2 -0.20 2.0 1.2 -2.6
28 1 2 -0.20 4.16 1.2 -2.6
29 1 1 -0.20 3.08 2.4 -1.2
30 1 1 -0.20 1.8 2.4 -0.4
31 1 2 -0.20 1.8 3.4 0.4
32 1 2 -0.20 0.8 2.4 -1.2
33 1 2 -0.20 1.8 1.4 0.4
34 1 3 -0.40 4.2 2.4 -0.4
35 1 1 -0.20 4.2 3.6 0.4
36 1 2 -0.20 3.12 3.6 1.1
37 1 2 -0.20 5.28 3.6 1.1
38 1 1 -0.20 4.2 4.8 -0.5
39 1 2 -0.20 3.12 4.8 -1.2
40 1 2 -0.20 5.28 4.8 -1.2
41 1 4 1.00 4.2 6.3 0.5
42 1 3 -0.40 3.0 6.3 1.3
43 1 3 -0.40 5.4 6.3 1.3
44 1 3 -0.40 4.2 7.4 -0.5
45 1 5 0.40 4.2 8.2 0.0
46 2 1 -0.20 0.0 0.0 0.0
47 2 2 -0.20 0.0 1.09 0.5
48 2 2 -0.20 0.0 -1.09 0.5
49 2 1 -0.20 1.54 0.0 0.0
50 2 2 -0.20 1.54 1.09 -0.5
51 2 2 -0.20 1.54 -1.09 -0.5
52 2 1 -0.20 3.08 0.0 0.0
53 2 2 -0.20 3.08 1.09 0.5
54 2 2 -0.20 3.08 -1.09 0.5
55 2 1 -0.20 4.62 0.0 0.0
56 2 2 -0.20 4.62 1.09 -0.5
57 2 2 -0.20 4.62 -1.09 -0.5
58 2 1 -0.20 6.16 0.0 0.0
59 2 2 -0.20 6.16 1.09 0.5
60 2 2 -0.20 6.16 -1.09 0.5
61 2 1 -0.20 7.7 0.0 0.0
62 2 2 -0.20 7.7 1.09 -0.5
63 2 2 -0.20 7.7 -1.09 -0.5
64 2 1 -0.20 9.24 0.0 0.0
65 2 2 -0.20 9.24 1.09 0.5
66 2 2 -0.20 9.24 -1.09 0.5
67 2 1 -0.20 10.78 0.0 0.0
68 2 2 -0.20 10.78 1.09 -0.5
69 2 2 -0.20 10.78 -1.09 -0.5
70 2 3 -0.40 3.08 0.0 -1.4
71 2 1 -0.20 3.08 1.2 -2.1
72 2 2 -0.20 2.0 1.2 -2.6
73 2 2 -0.20 4.16 1.2 -2.6
74 2 1 -0.20 3.08 2.4 -1.2
75 2 1 -0.20 1.8 2.4 -0.4
76 2 2 -0.20 1.8 3.4 0.4
77 2 2 -0.20 0.8 2.4 -1.2
78 2 2 -0.20 1.8 1.4 0.4
79 2 3 -0.40 4.2 2.4 -0.4
80 2 1 -0.20 4.2 3.6 0.4
81 2 2 -0.20 3.12 3.6 1.1
82 2 2 -0.20 5.28 3.6 1.1
83 2 1 -0.20 4.2 4.8 -0.5
84 2 2 -0.20 3.12 4.8 -1.2
85 2 2 -0.20 5.28 4.8 -1.2
86 2 4 1.00 4.2 6.3 0.5
87 2 3 -0.40 3.0 6.3 1.3
88 2 3 -0.40 5.4 6.3 1.3
89 2 3 -0.40 4.2 7.4 -0.5
90 2 5 0.40 4.2 8.2 0.0
91 3 1 -0.20 0.0 0.0 0.0
92 3 2 -0.20 0.0 1.09 0.5
93 3 2 -0.20 0.0 -1.09 0.5
94 3 1 -0.20 1.54 0.0 0.0
95 3 2 -0.20 1.54 1.09 -0.5
96 3 2 -0.20 1.54 -1.09 -0.5
97 3 1 -0.20 3.08 0.0 0.0
98 3 2 -0.20 3.08 1.09 0.5
99 3 2 -0.20 3.08 -1.09 0.5
100 3 1 -0.20 4.62 0.0 0.0
101 3 2 -0.20 4.62 1.09 -0.5
102 3 2 -0.20 4.62 -1.09 -0.5
103 3 1 -0.20 6.16 0.0 0.0
104 3 2 -0.20 6.16 1.09 0.5
105 3 2 -0.20 6.16 -1.09 0.5
106 3 1 -0.20 7.7 0.0 0.0
107 3 2 -0.20 7.7 1.09 -0.5
108 3 2 -0.20 7.7 -1.09 -0.5
109 3 1 -0.20 9.24 0.0 0.0
110 3 2 -0.20 9.24 1.09 0.5
111 3 2 -0.20 9.24 -1.09 0.5
112 3 1 -0.20 10.78 0.0 0.0
113 3 2 -0.20 10.78 1.09 -0.5
114 3 2 -0.20 10.78 -1.09 -0.5
115 3 3 -0.40 3.08 0.0 -1.4
116 3 1 -0.20 3.08 1.2 -2.1
117 3 2 -0.20 2.0 1.2 -2.6
118 3 2 -0.20 4.16 1.2 -2.6
119 3 1 -0.20 3.08 2.4 -1.2
120 3 1 -0.20 1.8 2.4 -0.4
121 3 2 -0.20 1.8 3.4 0.4
122 3 2 -0.20 0.8 2.4 -1.2
123 3 2 -0.20 1.8 1.4 0.4
124 3 3 -0.40 4.2 2.4 -0.4
125 3 1 -0.20 4.2 3.6 0.4
126 3 2 -0.20 3.12 3.6 1.1
127 3 2 -0.20 5.28 3.6 1.1
128 3 1 -0.20 4.2 4.8 -0.5
129 3 2 -0.20 3.12 4.8 -1.2
130 3 2 -0.20 5.28 4.8 -1.2
131 3 4 1.00 4.2 6.3 0.5
132 3 3 -0.40 3.0 6.3 1.3
133 3 3 -0.40 5.4 6.3 1.3
134 3 3 -0.40 4.2 7.4 -0.5
135 3 5 0.40 4.2 8.2 0.0
136 4 1 -0.20 0.0 0.0 0.0
137 4 2 -0.20 0.0 1.09 0.5
138 4 2 -0.20 0.0 -1.09 0.5
139 4 1 -0.20 1.54 0.0 0.0
140 4 2 -0.20 1.54 1.09 -0.5
141 4 2 -0.20 1.54 -1.09 -0.5
142 4 1 -0.20 3.08 0.0 0.0
143 4 2 -0.20 3.08 1.09 0.5
144 4 2 -0.20 3.08 -1.09 0.5
145 4 1 -0.20 4.62 0.0 0.0
146 4 2 -0.20 4.62 1.09 -0.5
147 4 2 -0.20 4.62 -1.09 -0.5
148 4 1 -0.20 6.16 0.0 0.0
149 4 2 -0.20 6.16 1.09 0.5
150 4 2 -0.20 6.16 -1.09 0.5
151 4 1 -0.20 7.7 0.0 0.0
152 4 2 -0.20 7.7 1.09 -0.5
153 4 2 -0.20 7.7 -1.09 -0.5
154 4 1 -0.20 9.24 0.0 0.0
155 4 2 -0.20 9.24 1.09 0.5
156 4 2 -0.20 9.24 -1.09 0.5
157 4 1 -0.20 10.78 0.0 0.0
158 4 2 -0.20 10.78 1.09 -0.5
159 4 2 -0.20 10.78 -1.09 -0.5
160 4 3 -0.40 3.08 0.0 -1.4
161 4 1 -0.20 3.08 1.2 -2.1
162 4 2 -0.20 2.0 1.2 -2.6
163 4 2 -0.20 4.16 1.2 -2.6
164 4 1 -0.20 3.08 2.4 -1.2
165 4 1 -0.20 1.8 2.4 -0.4
166 4 2 -0.20 1.8 3.4 0.4
167 4 2 -0.20 0.8 2.4 -1.2
168 4 2 -0.20 1.8 1.4 0.4
169 4 3 -0.40 4.2 2.4 -0.4
170 4 1 -0.20 4.2 3.6 0.4
171 4 2 -0.20 3.12 3.6 1.1
172 4 2 -0.20 5.28 3.6 1.1
173 4 1 -0.20 4.2 4.8 -0.5
174 4 2 -0.20 3.12 4.8 -1.2
175 4 2 -0.20 5.28 4.8 -1.2
176 4 4 1.00 4.2 6.3 0.5
177 4 3 -0.40 3.0 6.3 1.3
178 4 3 -0.40 5.4 6.3 1.3
179 4 3 -0.40 4.2 7.4 -0.5
180 4 5 0.40 4.2 8.2 0.0
181 5 1 -0.20 0.0 0.0 0.0
182 5 2 -0.20 0.0 1.09 0.5
183 5 2 -0.20 0.0 -1.09 0.5
184 5 1 -0.20 1.54 0.0 0.0
185 5 2 -0.20 1.54 1.09 -0.5
186 5 2 -0.20 1.54 -1.09 -0.5
187 5 1 -0.20 3.08 0.0 0.0
188 5 2 -0.20 3.08 1.09 0.5
189 5 2 -0.20 3.08 -1.09 0.5
190 5 1 -0.20 4.62 0.0 0.0
191 5 2 -0.20 4.62 1.09 -0.5
192 5 2 -0.20 4.62 -1.09 -0.5
193 5 1 -0.20 6.16 0.0 0.0
194 5 2 -0.20 6.16 1.09 0.5
195 5 2 -0.20 6.16 -1.09 0.5
196 5 1 -0.20 7.7 0.0 0.0
197 5 2 -0.20 7.7 1.09 -0.5
198 5 2 -0.20 7.7 -1.09 -0.5
199 5 1 -0.20 9.24 0.0 0.0
200 5 2 -0.20 9.24 1.09 0.5
201 5 2 -0.20 9.24 -1.09 0.5
202 5 1 -0.20 10.78 0.0 0.0
203 5 2 -0.20 10.78 1.09 -0.5
204 5 2 -0.20 10.78 -1.09 -0.5
205 5 3 -0.40 3.08 0.0 -1.4
206 5 1 -0.20 3.08 1.2 -2.1
207 5 2 -0.20 2.0 1.2 -2.6
208 5 2 -0.20 4.16 1.2 -2.6
209 5 1 -0.20 3.08 2.4 -1.2
210 5 1 -0.20 1.8 2.4 -0.4
211 5 2 -0.20 1.8 3.4 0.4
212 5 2 -0.20 0.8 2.4 -1.2
213 5 2 -0.20 1.8 1.4 0.4
214 5 3 -0.40 4.2 2.4 -0.4
215 5 1 -0.20 4.2 3.6 0.4
216 5 2 -0.20 3.12 3.6 1.1
217 5 2 -0.20 5.28 3.6 1.1
218 5 1 -0.20 4.2 4.8 -0.5
219 5 2 -0.20 3.12 4.8 -1.2
220 5 2 -0.20 5.28 4.8 -1.2
221 5 4 1.00 4.2 6.3 0.5
222 5 3 -0.40 3.0 6.3 1.3
223 5 3 -0.40 5.4 6.3 1.3
224 5 3 -0.40 4.2 7.4 -0.5
225 5 5 0.40 4.2 8.2 0.0
226 6 1 -0.20 0.0 0.0 0.0
227 6 2 -0.20 0.0 1.09 0.5
228 6 2 -0.20 0.0 -1.09 0.5
229 6 1 -0.20 1.54 0.0 0.0
230 6 2 -0.20 1.54 1.09 -0.5
231 6 2 -0.20 1.54 -1.09 -0.5
232 6 1 -0.20 3.08 0.0 0.0
233 6 2 -0.20 3.08 1.09 0.5
234 6 2 -0.20 3.08 -1.09 0.5
235 6 1 -0.20 4.62 0.0 0.0
236 6 2 -0.20 4.62 1.09 -0.5
237 6 2 -0.20 4.62 -1.09 -0.5
238 6 1 -0.20 6.16 0.0 0.0
239 6 2 -0.20 6.16 1.09 0.5
240 6 2 -0.20 6.16 -1.09 0.5
241 6 1 -0.20 7.7 0.0 0.0
242 6 2 -0.20 7.7 1.09 -0.5
243 6 2 -0.20 7.7 -1.09 -0.5
244 6 1 -0.20 9.24 0.0 0.0
245 6 2 -0.20 9.24 1.09 0.5
246 6 2 -0.20 9.24 -1.09 0.5
247 6 1 -0.20 10.78 0.0 0.0
248 6 2 -0.20 10.78 1.09 -0.5
249 6 2 -0.20 10.78 -1.09 -0.5
250 6 3 -0.40 3.08 0.0 -1.4
251 6 1 -0.20 3.08 1.2 -2.1
252 6 2 -0.20 2.0 1.2 -2.6
253 6 2 -0.20 4.16 1.2 -2.6
254 6 1 -0.20 3.08 2.4 -1.2
255 6 1 -0.20 1.8 2.4 -0.4
256 6 2 -0.20 1.8 3.4 0.4
257 6 2 -0.20 0.8 2.4 -1.2
258 6 2 -0.20 1.8 1.4 0.4
259 6 3 -0.40 4.2 2.4 -0.4
260 6 1 -0.20 4.2 3.6 0.4
261 6 2 -0.20 3.12 3.6 1.1
262 6 2 -0.20 5.28 3.6 1.1
263 6 1 -0.20 4.2 4.8 -0.5
264 6 2 -0.20 3.12 4.8 -1.2
265 6 2 -0.20 5.28 4.8 -1.2
266 6 4 1.00 4.2 6.3 0.5
267 6 3 -0.40 3.0 6.3 1.3
268 6 3 -0.40 5.4 6.3 1.3
269 6 3 -0.40 4.2 7.4 -0.5
270 6 5 0.40 4.2 8.2 0.0
271 7 1 -0.20 0.0 0.0 0.0
272 7 2 -0.20 0.0 1.09 0.5
273 7 2 -0.20 0.0 -1.09 0.5
274 7 1 -0.20 1.54 0.0 0.0
275 7 2 -0.20 1.54 1.09 -0.5
276 7 2 -0.20 1.54 -1.09 -0.5
277 7 1 -0.20 3.08 0.0 0.0
278 7 2 -0.20 3.08 1.09 0.5
279 7 2 -0.20 3.08 -1.09 0.5
280 7 1 -0.20 4.62 0.0 0.0
281 7 2 -0.20 4.62 1.09 -0.5
282 7 2 -0.20 4.62 -1.09 -0.5
283 7 1 -0.20 6.16 0.0 0.0
284 7 2 -0.20 6.16 1.09 0.5
285 7 2 -0.20 6.16 -1.09 0.5
286 7 1 -0.20 7.7 0.0 0.0
287 7 2 -0.20 7.7 1.09 -0.5
288 7 2 -0.20 7.7 -1.09 -0.5
289 7 1 -0.20 9.24 0.0 0.0
290 7 2 -0.20 9.24 1.09 0.5
291 7 2 -0.20 9.24 -1.09 0.5
292 7 1 -0.20 10.78 0.0 0.0
293 7 2 -0.20 10.78 1.09 -0.5
294 7 2 -0.20 10.78 -1.09 -0.5
295 7 3 -0.40 3.08 0.0 -1.4
296 7 1 -0.20 3.08 1.2 -2.1
297 7 2 -0.20 2.0 1.2 -2.6
298 7 2 -0.20 4.16 1.2 -2.6
299 7 1 -0.20 3.08 2.4 -1.2
300 7 1 -0.20 1.8 2.4 -0.4
301 7 2 -0.20 1.8 3.4 0.4
302 7 2 -0.20 0.8 2.4 -1.2
303 7 2 -0.20 1.8 1.4 0.4
304 7 3 -0.40 4.2 2.4 -0.4
305 7 1 -0.20 4.2 3.6 0.4
306 7 2 -0.20 3.12 3.6 1.1
307 7 2 -0.20 5.28 3.6 1.1
308 7 1 -0.20 4.2 4.8 -0.5
309 7 2 -0.20 3.12 4.8 -1.2
310 7 2 -0.20 5.28 4.8 -1.2
311 7 4 1.00 4.2 6.3 0.5
312 7 3 -0.40 3.0 6.3 1.3
313 7 3 -0.40 5.4 6.3 1.3
314 7 3 -0.40 4.2 7.4 -0.5
315 7 5 0.40 4.2 8.2 0.0
316 8 1 -0.20 0.0 0.0 0.0
317 8 2 -0.20 0.0 1.09 0.5
318 8 2 -0.20 0.0 -1.09 0.5
319 8 1 -0.20 1.54 0.0 0.0
320 8 2 -0.20 1.54 1.09 -0.5
321 8 2 -0.20 1.54 -1.09 -0.5
322 8 1 -0.20 3.08 0.0 0.0
323 8 2 -0.20 3.08 1.09 0.5
324 8 2 -0.20 3.08 -1.09 0.5
325 8 1 -0.20 4.62 0.0 0.0
326 8 2 -0.20 4.62 1.09 -0.5
327 8 2 -0.20 4.62 -1.09 -0.5
328 8 1 -0.20 6.16 0.0 0.0
329 8 2 -0.20 6.16 1.09 0.5
330 8 2 -0.20 6.16 -1.09 0.5
331 8 1 -0.20 7.7 0.0 0.0
332 8 2 -0.20 7.7 1.09 -0.5
333 8 2 -0.20 7.7 -1.09 -0.5
334 8 1 -0.20 9.24 0.0 0.0
335 8 2 -0.20 9.24 1.09 0.5
336 8 2 -0.20 9.24 -1.09 0.5
337 8 1 -0.20 10.78 0.0 0.0
338 8 2 -0.20 10.78 1.09 -0.5
339 8 2 -0.20 10.78 -1.09 -0.5
340 8 3 -0.40 3.08 0.0 -1.4
341 8 1 -0.20 3.08 1.2 -2.1
342 8 2 -0.20 2.0 1.2 -2.6
343 8 2 -0.20 4.16 1.2 -2.6
344 8 1 -0.20 3.08 2.4 -1.2
345 8 1 -0.20 1.8 2.4 -0.4
346 8 2 -0.20 1.8 3.4 0.4
347 8 2 -0.20 0.8 2.4 -1.2
348 8 2 -0.20 1.8 1.4 0.4
349 8 3 -0.40 4.2 2.4 -0.4
350 8 1 -0.20 4.2 3.6 0.4
351 8 2 -0.20 3.12 3.6 1.1
352 8 2 -0.20 5.28 3.6 1.1
353 8 1 -0.20 4.2 4.8 -0.5
354 8 2 -0.20 3.12 4.8 -1.2
355 8 2 -0.20 5.28 4.8 -1.2
356 8 4 1.00 4.2 6.3 0.5
357 8 3 -0.40 3.0 6.3 1.3
358 8 3 -0.40 5.4 6.3 1.3
359 8 3 -0.40 4.2 7.4 -0.5
360 8 5 0.40 4.2 8.2 0.0
361 9 1 -0.20 0.0 0.0 0.0
362 9 2 -0.20 0.0 1.09 0.5
363 9 2 -0.20 0.0 -1.09 0.5
364 9 1 -0.20 1.54 0.0 0.0
365 9 2 -0.20 1.54 1.09 -0.5
366 9 2 -0.20 1.54 -1.09 -0.5
367 9 1 -0.20 3.08 0.0 0.0
368 9 2 -0.20 3.08 1.09 0.5
369 9 2 -0.20 3.08 -1.09 0.5
370 9 1 -0.20 4.62 0.0 0.0
371 9 2 -0.20 4.62 1.09 -0.5
372 9 2 -0.20 4.62 -1.09 -0.5
373 9 1 -0.20 6.16 0.0 0.0
374 9 2 -0.20 6.16 1.09 0.5
375 9 2 -0.20 6.16 -1.09 0.5
376 9 1 -0.20 7.7 0.0 0.0
377 9 2 -0.20 7.7 1.09 -0.5
378 9 2 -0.20 7.7 -1.09 -0.5
379 9 1 -0.20 9.24 0.0 0.0
380 9 2 -0.20 9.24 1.09 0.5
381 9 2 -0.20 9.24 -1.09 0.5
382 9 1 -0.20 10.78 0.0 0.0
383 9 2 -0.20 10.78 1.09 -0.5
384 9 2 -0.20 10.78 -1.09 -0.5
385 9 3 -0.40 3.08 0.0 -1.4
386 9 1 -0.20 3.08 1.2 -2.1
387 9 2 -0.20 2.0 1.2 -2.6
388 9 2 -0.20 4.16 1.2 -2.6
389 9 1 -0.20 3.08 2.4 -1.2
390 9 1 -0.20 1.8 2.4 -0.4
391 9 2 -0.20 1.8 3.4 0.4
392 9 2 -0.20 0.8 2.4 -1.2
393 9 2 -0.20 1.8 1.4 0.4
394 9 3 -0.40 4.2 2.4 -0.4
395 9 1 -0.20 4.2 3.6 0.4
396 9 2 -0.20 3.12 3.6 1.1
397 9 2 -0.20 5.28 3.6 1.1
398 9 1 -0.20 4.2 4.8 -0.5
399 9 2 -0.20 3.12 4.8 -1.2
400 9 2 -0.20 5.28 4.8 -1.2
401 9 4 1.00 4.2 6.3 0.5
402 9 3 -0.40 3.0 6.3 1.3
403 9 3 -0.40 5.4 6.3 1.3
404 9 3 -0.40 4.2 7.4 -0.5
405 9 5 0.40 4.2 8.2 0.0
406 10 1 -0.20 0.0 0.0 0.0
407 10 2 -0.20 0.0 1.09 0.5
408 10 2 -0.20 0.0 -1.09 0.5
409 10 1 -0.20 1.54 0.0 0.0
410 10 2 -0.20 1.54 1.09 -0.5
411 10 2 -0.20 1.54 -1.09 -0.5
412 10 1 -0.20 3.08 0.0 0.0
413 10 2 -0.20 3.08 1.09 0.5
414 10 2 -0.20 3.08 -1.09 0.5
415 10 1 -0.20 4.62 0.0 0.0
416 10 2 -0.20 4.62 1.09 -0.5
417 10 2 -0.20 4.62 -1.09 -0.5
418 10 1 -0.20 6.16 0.0 0.0
419 10 2 -0.20 6.16 1.09 0.5
420 10 2 -0.20 6.16 -1.09 0.5
421 10 1 -0.20 7.7 0.0 0.0
422 10 2 -0.20 7.7 1.09 -0.5
423 10 2 -0.20 7.7 -1.09 -0.5
424 10 1 -0.20 9.24 0.0 0.0
425 10 2 -0.20 9.24 1.09 0.5
426 10 2 -0.20 9.24 -1.09 0.5
427 10 1 -0.20 10.78 0.0 0.0
428 10 2 -0.20 10.78 1.09 -0.5
429 10 2 -0.20 10.78 -1.09 -0.5
430 10 3 -0.40 3.08 0.0 -1.4
431 10 1 -0.20 3.08 1.2 -2.1
432 10 2 -0.20 2.0 1.2 -2.6
433 10 2 -0.20 4.16 1.2 -2.6
434 10 1 -0.20 3.08 2.4 -1.2
435 10 1 -0.20 1.8 2.4 -0.4
436 10 2 -0.20 1.8 3.4 0.4
437 10 2 -0.20 0.8 2.4 -1.2
438 10 2 -0.20 1.8 1.4 0.4
439 10 3 -0.40 4.2 2.4 -0.4
440 10 1 -0.20 4.2 3.6 0.4
441 10 2 -0.20 3.12 3.6 1.1
442 10 2 -0.20 5.28 3.6 1.1
443 10 1 -0.20 4.2 4.8 -0.5
444 10 2 -0.20 3.12 4.8 -1.2
445 10 2 -0.20 5.28 4.8 -1.2
446 10 4 1.00 4.2 6.3 0.5
447 10 3 -0.40 3.0 6.3 1.3
448 10 3 -0.40 5.4 6.3 1.3
449 10 3 -0.40 4.2 7.4 -0.5
450 10 5 0.40 4.2 8.2 0.0
451 11 1 -0.20 0.0 0.0 0.0
452 11 2 -0.20 0.0 1.09 0.5
453 11 2 -0.20 0.0 -1.09 0.5
454 11 1 -0.20 1.54 0.0 0.0
455 11 2 -0.20 1.54 1.09 -0.5
456 11 2 -0.20 1.54 -1.09 -0.5
457 11 1 -0.20 3.08 0.0 0.0
458 11 2 -0.20 3.08 1.09 0.5
459 11 2 -0.20 3.08 -1.09 0.5
460 11 1 -0.20 4.62 0.0 0.0
461 11 2 -0.20 4.62 1.09 -0.5
462 11 2 -0.20 4.62 -1.09 -0.5
463 11 1 -0.20 6.16 0.0 0.0
464 11 2 -0.20 6.16 1.09 0.5
465 11 2 -0.20 6.16 -1.09 0.5
466 11 1 -0.20 7.7 0.0 0.0
467 11 2 -0.20 7.7 1.09 -0.5
468 11 2 -0.20 7.7 -1.09 -0.5
469 11 1 -0.20 9.24 0.0 0.0
470 11 2 -0.20 9.24 1.09 0.5
471 11 2 -0.20 9.24 -1.09 0.5
472 11 1 -0.20 10.78 0.0 0.0
473 11 2 -0.20 10.78 1.09 -0.5
474 11 2 -0.20 10.78 -1.09 -0.5
475 11 3 -0.40 3.08 0.0 -1.4
476 11 1 -0.20 3.08 1.2 -2.1
477 11 2 -0.20 2.0 1.2 -2.6
478 11 2 -0.20 4.16 1.2 -2.6
479 11 1 -0.20 3.08 2.4 -1.2
480 11 1 -0.20 1.8 2.4 -0.4
481 11 2 -0.20 1.8 3.4 0.4
482 11 2 -0.20 0.8 2.4 -1.2
483 11 2 -0.20 1.8 1.4 0.4
484 11 3 -0.40 4.2 2.4 -0.4
485 11 1 -0.20 4.2 3.6 0.4
486 11 2 -0.20 3.12 3.6 1.1
487 11 2 -0.20 5.28 3.6 1.1
488 11 1 -0.20 4.2 4.8 -0.5
489 11 2 -0.20 3.12 4.8 -1.2
490 11 2 -0.20 5.28 4.8 -1.2
491 11 4 1.00 4.2 6.3 0.5
492 11 3 -0.40 3.0 6.3 1.3
493 11 3 -0.40 5.4 6.3 1.3
494 11 3 -0.40 4.2 7.4 -0.5
495 11 5 0.40 4.2 8.2 0.0
496 12 1 -0.20 0.0 0.0 0.0
497 12 2 -0.20 0.0 1.09 0.5
498 12 2 -0.20 0.0 -1.09 0.5
499 12 1 -0.20 1.54 0.0 0.0
500 12 2 -0.20 1.54 1.09 -0.5
501 12 2 -0.20 1.54 -1.09 -0.5
502 12 1 -0.20 3.08 0.0 0.0
503 12 2 -0.20 3.08 1.09 0.5
504 12 2 -0.20 3.08 -1.09 0.5
505 12 1 -0.20 4.62 0.0 0.0
506 12 2 -0.20 4.62 1.09 -0.5
507 12 2 -0.20 4.62 -1.09 -0.5
508 12 1 -0.20 6.16 0.0 0.0
509 12 2 -0.20 6.16 1.09 0.5
510 12 2 -0.20 6.16 -1.09 0.5
511 12 1 -0.20 7.7 0.0 0.0
512 12 2 -0.20 7.7 1.09 -0.5
513 12 2 -0.20 7.7 -1.09 -0.5
514 12 1 -0.20 9.24 0.0 0.0
515 12 2 -0.20 9.24 1.09 0.5
516 12 2 -0.20 9.24 -1.09 0.5
517 12 1 -0.20 10.78 0.0 0.0
518 12 2 -0.20 10.78 1.09 -0.5
519 12 2 -0.20 10.78 -1.09 -0.5
520 12 3 -0.40 3.08 0.0 -1.4
521 12 1 -0.20 3.08 1.2 -2.1
522 12 2 -0.20 2.0 1.2 -2.6
523 12 2 -0.20 4.16 1.2 -2.6
524 12 1 -0.20 3.08 2.4 -1.2
525 12 1 -0.20 1.8 2.4 -0.4
526 12 2 -0.20 1.8 3.4 0.4
527 12 2 -0.20 0.8 2.4 -1.2
528 12 2 -0.20 1.8 1.4 0.4
529 12 3 -0.40 4.2 2.4 -0.4
530 12 1 -0.20 4.2 3.6 0.4
531 12 2 -0.20 3.12 3.6 1.1
532 12 2 -0.20 5.28 3.6 1.1
533 12 1 -0.20 4.2 4.8 -0.5
534 12 2 -0.20 3.12 4.8 -1.2
535 12 2 -0.20 5.28 4.8 -1.2
536 12 4 1.00 4.2 6.3 0.5
537 12 3 -0.40 3.0 6.3 1.3
538 12 3 -0.40 5.4 6.3 1.3
539 12 3 -0.40 4.2 7.4 -0.5
540 12 5 0.40 4.2 8.2 0.0
541 13 1 -0.20 0.0 0.0 0.0
542 13 2 -0.20 0.0 1.09 0.5
543 13 2 -0.20 0.0 -1.09 0.5
544 13 1 -0.20 1.54 0.0 0.0
545 13 2 -0.20 1.54 1.09 -0.5
546 13 2 -0.20 1.54 -1.09 -0.5
547 13 1 -0.20 3.08 0.0 0.0
548 13 2 -0.20 3.08 1.09 0.5
549 13 2 -0.20 3.08 -1.09 0.5
550 13 1 -0.20 4.62 0.0 0.0
551 13 2 -0.20 4.62 1.09 -0.5
552 13 2 -0.20 4.62 -1.09 -0.5
553 13 1 -0.20 6.16 0.0 0.0
554 13 2 -0.20 6.16 1.09 0.5
555 13 2 -0.20 6.16 -1.09 0.5
556 13 1 -0.20 7.7 0.0 0.0
557 13 2 -0.20 7.7 1.09 -0.5
558 13 2 -0.20 7.7 -1.09 -0.5
559 13 1 -0.20 9.24 0.0 0.0
560 13 2 -0.20 9.24 1.09 0.5
561 13 2 -0.20 9.24 -1.09 0.5
562 13 1 -0.20 10.78 0.0 0.0
563 13 2 -0.20 10.78 1.09 -0.5
564 13 2 -0.20 10.78 -1.09 -0.5
565 13 3 -0.40 3.08 0.0 -1.4
566 13 1 -0.20 3.08 1.2 -2.1
567 13 2 -0.20 2.0 1.2 -2.6
568 13 2 -0.20 4.16 1.2 -2.6
569 13 1 -0.20 3.08 2.4 -1.2
570 13 1 -0.20 1.8 2.4 -0.4
571 13 2 -0.20 1.8 3.4 0.4
572 13 2 -0.20 0.8 2.4 -1.2
573 13 2 -0.20 1.8 1.4 0.4
574 13 3 -0.40 4.2 2.4 -0.4
575 13 1 -0.20 4.2 3.6 0.4
576 13 2 -0.20 3.12 3.6 1.1
577 13 2 -0.20 5.28 3.6 1.1
578 13 1 -0.20 4.2 4.8 -0.5
579 13 2 -0.20 3.12 4.8 -1.2
580 13 2 -0.20 5.28 4.8 -1.2
581 13 4 1.00 4.2 6.3 0.5
582 13 3 -0.40 3.0 6.3 1.3
583 13 3 -0.40 5.4 6.3 1.3
584 13 3 -0.40 4.2 7.4 -0.5
585 13 5 0.40 4.2 8.2 0.0
586 14 1 -0.20 0.0 0.0 0.0
587 14 2 -0.20 0.0 1.09 0.5
588 14 2 -0.20 0.0 -1.09 0.5
589 14 1 -0.20 1.54 0.0 0.0
590 14 2 -0.20 1.54 1.09 -0.5
591 14 2 -0.20 1.54 -1.09 -0.5
592 14 1 -0.20 3.08 0.0 0.0
593 14 2 -0.20 3.08 1.09 0.5
594 14 2 -0.20 3.08 -1.09 0.5
595 14 1 -0.20 4.62 0.0 0.0
596 14 2 -0.20 4.62 1.09 -0.5
597 14 2 -0.20 4.62 -1.09 -0.5
598 14 1 -0.20 6.16 0.0 0.0
599 14 2 -0.20 6.16 1.09 0.5
600 14 2 -0.20 6.16 -1.09 0.5
601 14 1 -0.20 7.7 0.0 0.0
602 14 2 -0.20 7.7 1.09 -0.5
603 14 2 -0.20 7.7 -1.09 -0.5
604 14 1 -0.20 9.24 0.0 0.0
605 14 2 -0.20 9.24 1.09 0.5
606 14 2 -0.20 9.24 -1.09 0.5
607 14 1 -0.20 10.78 0.0 0.0
608 14 2 -0.20 10.78 1.09 -0.5
609 14 2 -0.20 10.78 -1.09 -0.5
610 14 3 -0.40 3.08 0.0 -1.4
611 14 1 -0.20 3.08 1.2 -2.1
612 14 2 -0.20 2.0 1.2 -2.6
613 14 2 -0.20 4.16 1.2 -2.6
614 14 1 -0.20 3.08 2.4 -1.2
615 14 1 -0.20 1.8 2.4 -0.4
616 14 2 -0.20 1.8 3.4 0.4
617 14 2 -0.20 0.8 2.4 -1.2
618 14 2 -0.20 1.8 1.4 0.4
619 14 3 -0.40 4.2 2.4 -0.4
620 14 1 -0.20 4.2 3.6 0.4
621 14 2 -0.20 3.12 3.6 1.1
622 14 2 -0.20 5.28 3.6 1.1
623 14 1 -0.20 4.2 4.8 -0.5
624 14 2 -0.20 3.12 4.8 -1.2
625 14 2 -0.20 5.28 4.8 -1.2
626 14 4 1.00 4.2 6.3 0.5
627 14 3 -0.40 3.0 6.3 1.3
628 14 3 -0.40 5.4 6.3 1.3
629 14 3 -0.40 4.2 7.4 -0.5
630 14 5 0.40 4.2 8.2 0.0
631 15 1 -0.20 0.0 0.0 0.0
632 15 2 -0.20 0.0 1.09 0.5
633 15 2 -0.20 0.0 -1.09 0.5
634 15 1 -0.20 1.54 0.0 0.0
635 15 2 -0.20 1.54 1.09 -0.5
636 15 2 -0.20 1.54 -1.09 -0.5
637 15 1 -0.20 3.08 0.0 0.0
638 15 2 -0.20 3.08 1.09 0.5
639 15 2 -0.20 3.08 -1.09 0.5
640 15 1 -0.20 4.62 0.0 0.0
641 15 2 -0.20 4.62 1.09 -0.5
642 15 2 -0.20 4.62 -1.09 -0.5
643 15 1 -0.20 6.16 0.0 0.0
644 15 2 -0.20 6.16 1.09 0.5
645 15 2 -0.20 6.16 -1.09 0.5
646 15 1 -0.20 7.7 0.0 0.0
647 15 2 -0.20 7.7 1.09 -0.5
648 15 2 -0.20 7.7 -1.09 -0.5
649 15 1 -0.20 9.24 0.0 0.0
650 15 2 -0.20 9.24 1.09 0.5
651 15 2 -0.20 9.24 -1.09 0.5
652 15 1 -0.20 10.78 0.0 0.0
653 15 2 -0.20 10.78 1.09 -0.5
654 15 2 -0.20 10.78 -1.09 -0.5
655 15 3 -0.40 3.08 0.0 -1.4
656 15 1 -0.20 3.08 1.2 -2.1
657 15 2 -0.20 2.0 1.2 -2.6
658 15 2 -0.20 4.16 1.2 -2.6
659 15 1 -0.20 3.08 2.4 -1.2
660 15 1 -0.20 1.8 2.4 -0.4
661 15 2 -0.20 1.8 3.4 0.4
662 15 2 -0.20 0.8 2.4 -1.2
663 15 2 -0.20 1.8 1.4 0.4
664 15 3 -0.40 4.2 2.4 -0.4
665 15 1 -0.20 4.2 3.6 0.4
666 15 2 -0.20 3.12 3.6 1.1
667 15 2 -0.20 5.28 3.6 1.1
668 15 1 -0.20 4.2 4.8 -0.5
669 15 2 -0.20 3.12 4.8 -1.2
670 15 2 -0.20 5.28 4.8 -1.2
671 15 4 1.00 4.2 6.3 0.5
672 15 3 -0.40 3.0 6.3 1.3
673 15 3 -0.40 5.4 6.3 1.3
674 15 3 -0.40 4.2 7.4 -0.5
675 15 5 0.40 4.2 8.2 0.0
676 16 1 -0.20 0.0 0.0 0.0
677 16 2 -0.20 0.0 1.09 0.5
678 16 2 -0.20 0.0 -1.09 0.5
679 16 1 -0.20 1.54 0.0 0.0
680 16 2 -0.20 1.54 1.09 -0.5
681 16 2 -0.20 1.54 -1.09 -0.5
682 16 1 -0.20 3.08 0.0 0.0
683 16 2 -0.20 3.08 1.09 0.5
684 16 2 -0.20 3.08 -1.09 0.5
685 16 1 -0.20 4.62 0.0 0.0
686 16 2 -0.20 4.62 1.09 -0.5
687 16 2 -0.20 4.62 -1.09 -0.5
688 16 1 -0.20 6.16 0.0 0.0
689 16 2 -0.20 6.16 1.09 0.5
690 16 2 -0.20 6.16 -1.09 0.5
691 16 1 -0.20 7.7 0.0 0.0
692 16 2 -0.20 7.7 1.09 -0.5
693 16 2 -0.20 7.7 -1.09 -0.5
694 16 1 -0.20 9.24 0.0 0.0
695 16 2 -0.20 9.24 1.09 0.5
696 16 2 -0.20 9.24 -1.09 0.5
697 16 1 -0.20 10.78 0.0 0.0
698 16 2 -0.20 10.78 1.09 -0.5
699 16 2 -0.20 10.78 -1.09 -0.5
700 16 3 -0.40 3.08 0.0 -1.4
701 16 1 -0.20 3.08 1.2 -2.1
702 16 2 -0.20 2.0 1.2 -2.6
703 16 2 -0.20 4.16 1.2 -2.6
704 16 1 -0.20 3.08 2.4 -1.2
705 16 1 -0.20 1.8 2.4 -0.4
706 16 2 -0.20 1.8 3.4 0.4
707 16 2 -0.20 0.8 2.4 -1.2
708 16 2 -0.20 1.8 1.4 0.4
709 16 3 -0.40 4.2 2.4 -0.4
710 16 1 -0.20 4.2 3.6 0.4
711 16 2 -0.20 3.12 3.6 1.1
712 16 2 -0.20 5.28 3.6 1.1
713 16 1 -0.20 4.2 4.8 -0.5
714 16 2 -0.20 3.12 4.8 -1.2
715 16 2 -0.20 5.28 4.8 -1.2
716 16 4 1.00 4.2 6.3 0.5
717 16 3 -0.40 3.0 6.3 1.3
718 16 3 -0.40 5.4 6.3 1.3
719 16 3 -0.40 4.2 7.4 -0.5
720 16 5 0.40 4.2 8.2 0.0
721 17 1 -0.20 0.0 0.0 0.0
722 17 2 -0.20 0.0 1.09 0.5
723 17 2 -0.20 0.0 -1.09 0.5
724 17 1 -0.20 1.54 0.0 0.0
725 17 2 -0.20 1.54 1.09 -0.5
726 17 2 -0.20 1.54 -1.09 -0.5
727 17 1 -0.20 3.08 0.0 0.0
728 17 2 -0.20 3.08 1.09 0.5
729 17 2 -0.20 3.08 -1.09 0.5
730 17 1 -0.20 4.62 0.0 0.0
731 17 2 -0.20 4.62 1.09 -0.5
732 17 2 -0.20 4.62 -1.09 -0.5
733 17 1 -0.20 6.16 0.0 0.0
734 17 2 -0.20 6.16 1.09 0.5
735 17 2 -0.20 6.16 -1.09 0.5
736 17 1 -0.20 7.7 0.0 0.0
737 17 2 -0.20 7.7 1.09 -0.5
738 17 2 -0.20 7.7 -1.09 -0.5
739 17 1 -0.20 9.24 0.0 0.0
740 17 2 -0.20 9.24 1.09 0.5
741 17 2 -0.20 9.24 -1.09 0.5
742 17 1 -0.20 10.78 0.0 0.0
743 17 2 -0.20 10.78 1.09 -0.5
744 17 2 -0.20 10.78 -1.09 -0.5
745 17 3 -0.40 3.08 0.0 -1.4
746 17 1 -0.20 3.08 1.2 -2.1
747 17 2 -0.20 2.0 1.2 -2.6
748 17 2 -0.20 4.16 1.2 -2.6
749 17 1 -0.20 3.08 2.4 -1.2
750 17 1 -0.20 1.8 2.4 -0.4
751 17 2 -0.20 1.8 3.4 0.4
752 17 2 -0.20 0.8 2.4 -1.2
753 17 2 -0.20 1.8 1.4 0.4
754 17 3 -0.40 4.2 2.4 -0.4
755 17 1 -0.20 4.2 3.6 0.4
756 17 2 -0.20 3.12 3.6 1.1
757 17 2 -0.20 5.28 3.6 1.1
758 17 1 -0.20 4.2 4.8 -0.5
759 17 2 -0.20 3.12 4.8 -1.2
760 17 2 -0.20 5.28 4.8 -1.2
761 17 4 1.00 4.2 6.3 0.5
762 17 3 -0.40 3.0 6.3 1.3
763 17 3 -0.40 5.4 6.3 1.3
764 17 3 -0.40 4.2 7.4 -0.5
765 17 5 0.40 4.2 8.2 0.0
766 18 1 -0.20 0.0 0.0 0.0
767 18 2 -0.20 0.0 1.09 0.5
768 18 2 -0.20 0.0 -1.09 0.5
769 18 1 -0.20 1.54 0.0 0.0
770 18 2 -0.20 1.54 1.09 -0.5
771 18 2 -0.20 1.54 -1.09 -0.5
772 18 1 -0.20 3.08 0.0 0.0
773 18 2 -0.20 3.08 1.09 0.5
774 18 2 -0.20 3.08 -1.09 0.5
775 18 1 -0.20 4.62 0.0 0.0
776 18 2 -0.20 4.62 1.09 -0.5
777 18 2 -0.20 4.62 -1.09 -0.5
778 18 1 -0.20 6.16 0.0 0.0
779 18 2 -0.20 6.16 1.09 0.5
780 18 2 -0.20 6.16 -1.09 0.5
781 18 1 -0.20 7.7 0.0 0.0
782 18 2 -0.20 7.7 1.09 -0.5
783 18 2 -0.20 7.7 -1.09 -0.5
784 18 1 -0.20 9.24 0.0 0.0
785 18 2 -0.20 9.24 1.09 0.5
786 18 2 -0.20 9.24 -1.09 0.5
787 18 1 -0.20 10.78 0.0 0.0
788 18 2 -0.20 10.78 1.09 -0.5
789 18 2 -0.20 10.78 -1.09 -0.5
790 18 3 -0.40 3.08 0.0 -1.4
791 18 1 -0.20 3.08 1.2 -2.1
792 18 2 -0.20 2.0 1.2 -2.6
793 18 2 -0.20 4.16 1.2 -2.6
794 18 1 -0.20 3.08 2.4 -1.2
795 18 1 -0.20 1.8 2.4 -0.4
796 18 2 -0.20 1.8 3.4 0.4
797 18 2 -0.20 0.8 2.4 -1.2
798 18 2 -0.20 1.8 1.4 0.4
799 18 3 -0.40 4.2 2.4 -0.4
800 18 1 -0.20 4.2 3.6 0.4
801 18 2 -0.20 3.12 3.6 1.1
802 18 2 -0.20 5.28 3.6 1.1
803 18 1 -0.20 4.2 4.8 -0.5
804 18 2 -0.20 3.12 4.8 -1.2
805 18 2 -0.20 5.28 4.8 -1.2
806 18 4 1.00 4.2 6.3 0.5
807 18 3 -0.40 3.0 6.3 1.3
808 18 3 -0.40 5.4 6.3 1.3
809 18 3 -0.40 4.2 7.4 -0.5
810 18 5 0.40 4.2 8.2 0.0
811 19 1 -0.20 0.0 0.0 0.0
812 19 2 -0.20 0.0 1.09 0.5
813 19 2 -0.20 0.0 -1.09 0.5
814 19 1 -0.20 1.54 0.0 0.0
815 19 2 -0.20 1.54 1.09 -0.5
816 19 2 -0.20 1.54 -1.09 -0.5
817 19 1 -0.20 3.08 0.0 0.0
818 19 2 -0.20 3.08 1.09 0.5
819 19 2 -0.20 3.08 -1.09 0.5
820 19 1 -0.20 4.62 0.0 0.0
821 19 2 -0.20 4.62 1.09 -0.5
822 19 2 -0.20 4.62 -1.09 -0.5
823 19 1 -0.20 6.16 0.0 0.0
824 19 2 -0.20 6.16 1.09 0.5
825 19 2 -0.20 6.16 -1.09 0.5
826 19 1 -0.20 7.7 0.0 0.0
827 19 2 -0.20 7.7 1.09 -0.5
828 19 2 -0.20 7.7 -1.09 -0.5
829 19 1 -0.20 9.24 0.0 0.0
830 19 2 -0.20 9.24 1.09 0.5
831 19 2 -0.20 9.24 -1.09 0.5
832 19 1 -0.20 10.78 0.0 0.0
833 19 2 -0.20 10.78 1.09 -0.5
834 19 2 -0.20 10.78 -1.09 -0.5
835 19 3 -0.40 3.08 0.0 -1.4
836 19 1 -0.20 3.08 1.2 -2.1
837 19 2 -0.20 2.0 1.2 -2.6
838 19 2 -0.20 4.16 1.2 -2.6
839 19 1 -0.20 3.08 2.4 -1.2
840 19 1 -0.20 1.8 2.4 -0.4
841 19 2 -0.20 1.8 3.4 0.4
842 19 2 -0.20 0.8 2.4 -1.2
843 19 2 -0.20 1.8 1.4 0.4
844 19 3 -0.40 4.2 2.4 -0.4
845 19 1 -0.20 4.2 3.6 0.4
846 19 2 -0.20 3.12 3.6 1.1
847 19 2 -0.20 5.28 3.6 1.1
848 19 1 -0.20 4.2 4.8 -0.5
849 19 2 -0.20 3.12 4.8 -1.2
850 19 2 -0.20 5.28 4.8 -1.2
851 19 4 1.00 4.2 6.3 0.5
852 19 3 -0.40 3.0 6.3 1.3
853 19 3 -0.40 5.4 6.3 1.3
854 19 3 -0.40 4.2 7.4 -0.5
855 19 5 0.40 4.2 8.2 0.0
856 20 1 -0.20 0.0 0.0 0.0
857 20 2 -0.20 0.0 1.09 0.5
858 20 2 -0.20 0.0 -1.09 0.5
859 20 1 -0.20 1.54 0.0 0.0
860 20 2 -0.20 1.54 1.09 -0.5
861 20 2 -0.20 1.54 -1.09 -0.5
862 20 1 -0.20 3.08 0.0 0.0
863 20 2 -0.20 3.08 1.09 0.5
864 20 2 -0.20 3.08 -1.09 0.5
865 20 1 -0.20 4.62 0.0 0.0
866 20 2 -0.20 4.62 1.09 -0.5
867 20 2 -0.20 4.62 -1.09 -0.5
868 20 1 -0.20 6.16 0.0 0.0
869 20 2 -0.20 6.16 1.09 0.5
870 20 2 -0.20 6.16 -1.09 0.5
871 20 1 -0.20 7.7 0.0 0.0
872 20 2 -0.20 7.7 1.09 -0.5
873 20 2 -0.20 7.7 -1.09 -0.5
874 20 1 -0.20 9.24 0.0 0.0
875 20 2 -0.20 9.24 1.09 0.5
876 20 2 -0.20 9.24 -1.09 0.5
877 20 1 -0.20 10.78 0.0 0.0
878 20 2 -0.20 10.78 1.09 -0.5
879 20 2 -0.20 10.78 -1.09 -0.5
880 20 3 -0.40 3.08 0.0 -1.4
881 20 1 -0.20 3.08 1.2 -2.1
882 20 2 -0.20 2.0 1.2 -2.6
883 20 2 -0.20 4.16 1.2 -2.6
884 20 1 -0.20 3.08 2.4 -1.2
885 20 1 -0.20 1.8 2.4 -0.4
886 20 2 -0.20 1.8 3.4 0.4
887 20 2 -0.20 0.8 2.4 -1.2
888 20 2 -0.20 1.8 1.4 0.4
889 20 3 -0.40 4.2 2.4 -0.4
890 20 1 -0.20 4.2 3.6 0.4
891 20 2 -0.20 3.12 3.6 1.1
892 20 2 -0.20 5.28 3.6 1.1
893 20 1 -0.20 4.2 4.8 -0.5
894 20 2 -0.20 3.12 4.8 -1.2
895 20 2 -0.20 5.28 4.8 -1.2
896 20 4 1.00 4.2 6.3 0.5
897 20 3 -0.40 3.0 6.3 1.3
898 20 3 -0.40 5.4 6.3 1.3
899 20 3 -0.40 4.2 7.4 -0.5
900 20 5 0.40 4.2 8.2 0.0
901 21 6 -0.834 0.0 0.0 0.11779
902 21 7 0.417 0.0 0.75545 -0.47116
903 21 7 0.417 0.0 -0.75545 -0.47116
904 22 6 -0.834 0.0 0.0 0.11779
905 22 7 0.417 0.0 0.75545 -0.47116
906 22 7 0.417 0.0 -0.75545 -0.47116
907 23 6 -0.834 0.0 0.0 0.11779
908 23 7 0.417 0.0 0.75545 -0.47116
909 23 7 0.417 0.0 -0.75545 -0.47116
910 24 6 -0.834 0.0 0.0 0.11779
911 24 7 0.417 0.0 0.75545 -0.47116
912 24 7 0.417 0.0 -0.75545 -0.47116
913 25 6 -0.834 0.0 0.0 0.11779
914 25 7 0.417 0.0 0.75545 -0.47116
915 25 7 0.417 0.0 -0.75545 -0.47116
916 26 6 -0.834 0.0 0.0 0.11779
917 26 7 0.417 0.0 0.75545 -0.47116
918 26 7 0.417 0.0 -0.75545 -0.47116
919 27 6 -0.834 0.0 0.0 0.11779
920 27 7 0.417 0.0 0.75545 -0.47116
921 27 7 0.417 0.0 -0.75545 -0.47116
922 28 6 -0.834 0.0 0.0 0.11779
923 28 7 0.417 0.0 0.75545 -0.47116
924 28 7 0.417 0.0 -0.75545 -0.47116
925 29 6 -0.834 0.0 0.0 0.11779
926 29 7 0.417 0.0 0.75545 -0.47116
927 29 7 0.417 0.0 -0.75545 -0.47116
928 30 6 -0.834 0.0 0.0 0.11779
929 30 7 0.417 0.0 0.75545 -0.47116
930 30 7 0.417 0.0 -0.75545 -0.47116
931 31 6 -0.834 0.0 0.0 0.11779
932 31 7 0.417 0.0 0.75545 -0.47116
933 31 7 0.417 0.0 -0.75545 -0.47116
934 32 6 -0.834 0.0 0.0 0.11779
935 32 7 0.417 0.0 0.75545 -0.47116
936 32 7 0.417 0.0 -0.75545 -0.47116
937 33 6 -0.834 0.0 0.0 0.11779
938 33 7 0.417 0.0 0.75545 -0.47116
939 33 7 0.417 0.0 -0.75545 -0.47116
940 34 6 -0.834 0.0 0.0 0.11779
941 34 7 0.417 0.0 0.75545 -0.47116
942 34 7 0.417 0.0 -0.75545 -0.47116
943 35 6 -0.834 0.0 0.0 0.11779
944 35 7 0.417 0.0 0.75545 -0.47116
945 35 7 0.417 0.0 -0.75545 -0.47116
946 36 6 -0.834 0.0 0.0 0.11779
947 36 7 0.417 0.0 0.75545 -0.47116
948 36 7 0.417 0.0 -0.75545 -0.47116
949 37 6 -0.834 0.0 0.0 0.11779
950 37 7 0.417 0.0 0.75545 -0.47116
951 37 7 0.417 0.0 -0.75545 -0.47116
952 38 6 -0.834 0.0 0.0 0.11779
953 38 7 0.417 0.0 0.75545 -0.47116
954 38 7 0.417 0.0 -0.75545 -0.47116
955 39 6 -0.834 0.0 0.0 0.11779
956 39 7 0.417 0.0 0.75545 -0.47116
957 39 7 0.417 0.0 -0.75545 -0.47116
958 40 6 -0.834 0.0 0.0 0.11779
959 40 7 0.417 0.0 0.75545 -0.47116
960 40 7 0.417 0.0 -0.75545 -0.47116
961 41 6 -0.834 0.0 0.0 0.11779
962 41 7 0.417 0.0 0.75545 -0.47116
963 41 7 0.417 0.0 -0.75545 -0.47116
964 42 6 -0.834 0.0 0.0 0.11779
965 42 7 0.417 0.0 0.75545 -0.47116
966 42 7 0.417 0.0 -0.75545 -0.47116
967 43 6 -0.834 0.0 0.0 0.11779
968 43 7 0.417 0.0 0.75545 -0.47116
969 43 7 0.417 0.0 -0.75545 -0.47116
970 44 6 -0.834 0.0 0.0 0.11779
971 44 7 0.417 0.0 0.75545 -0.47116
972 44 7 0.417 0.0 -0.75545 -0.47116
973 45 6 -0.834 0.0 0.0 0.11779
974 45 7 0.417 0.0 0.75545 -0.47116
975 45 7 0.417 0.0 -0.75545 -0.47116
976 46 6 -0.834 0.0 0.0 0.11779
977 46 7 0.417 0.0 0.75545 -0.47116
978 46 7 0.417 0.0 -0.75545 -0.47116
979 47 6 -0.834 0.0 0.0 0.11779
980 47 7 0.417 0.0 0.75545 -0.47116
981 47 7 0.417 0.0 -0.75545 -0.47116
982 48 6 -0.834 0.0 0.0 0.11779
983 48 7 0.417 0.0 0.75545 -0.47116
984 48 7 0.417 0.0 -0.75545 -0.47116
985 49 6 -0.834 0.0 0.0 0.11779
986 49 7 0.417 0.0 0.75545 -0.47116
987 49 7 0.417 0.0 -0.75545 -0.47116
988 50 6 -0.834 0.0 0.0 0.11779
989 50 7 0.417 0.0 0.75545 -0.47116
990 50 7 0.417 0.0 -0.75545 -0.47116
991 51 6 -0.834 0.0 0.0 0.11779
992 51 7 0.417 0.0 0.75545 -0.47116
993 51 7 0.417 0.0 -0.75545 -0.47116
994 52 6 -0.834 0.0 0.0 0.11779
995 52 7 0.417 0.0 0.75545 -0.47116
996 52 7 0.417 0.0 -0.75545 -0.47116
997 53 6 -0.834 0.0 0.0 0.11779
998 53 7 0.417 0.0 0.75545 -0.47116
999 53 7 0.417 0.0 -0.75545 -0.47116
1000 54 6 -0.834 0.0 0.0 0.11779
1001 54 7 0.417 0.0 0.75545 -0.47116
1002 54 7 0.417 0.0 -0.75545 -0.47116
1003 55 6 -0.834 0.0 0.0 0.11779
1004 55 7 0.417 0.0 0.75545 -0.47116
1005 55 7 0.417 0.0 -0.75545 -0.47116
1006 56 6 -0.834 0.0 0.0 0.11779
1007 56 7 0.417 0.0 0.75545 -0.47116
1008 56 7 0.417 0.0 -0.75545 -0.47116
1009 57 6 -0.834 0.0 0.0 0.11779
1010 57 7 0.417 0.0 0.75545 -0.47116
1011 57 7 0.417 0.0 -0.75545 -0.47116
1012 58 6 -0.834 0.0 0.0 0.11779
1013 58 7 0.417 0.0 0.75545 -0.47116
1014 58 7 0.417 0.0 -0.75545 -0.47116
1015 59 6 -0.834 0.0 0.0 0.11779
1016 59 7 0.417 0.0 0.75545 -0.47116
1017 59 7 0.417 0.0 -0.75545 -0.47116
1018 60 6 -0.834 0.0 0.0 0.11779
1019 60 7 0.417 0.0 0.75545 -0.47116
1020 60 7 0.417 0.0 -0.75545 -0.47116
1021 61 6 -0.834 0.0 0.0 0.11779
1022 61 7 0.417 0.0 0.75545 -0.47116
1023 61 7 0.417 0.0 -0.75545 -0.47116
1024 62 6 -0.834 0.0 0.0 0.11779
1025 62 7 0.417 0.0 0.75545 -0.47116
1026 62 7 0.417 0.0 -0.75545 -0.47116
1027 63 6 -0.834 0.0 0.0 0.11779
1028 63 7 0.417 0.0 0.75545 -0.47116
1029 63 7 0.417 0.0 -0.75545 -0.47116
1030 64 6 -0.834 0.0 0.0 0.11779
1031 64 7 0.417 0.0 0.75545 -0.47116
1032 64 7 0.417 0.0 -0.75545 -0.47116
1033 65 6 -0.834 0.0 0.0 0.11779
1034 65 7 0.417 0.0 0.75545 -0.47116
1035 65 7 0.417 0.0 -0.75545 -0.47116
1036 66 6 -0.834 0.0 0.0 0.11779
1037 66 7 0.417 0.0 0.75545 -0.47116
1038 66 7 0.417 0.0 -0.75545 -0.47116
1039 67 6 -0.834 0.0 0.0 0.11779
1040 67 7 0.417 0.0 0.75545 -0.47116
1041 67 7 0.417 0.0 -0.75545 -0.47116
1042 68 6 -0.834 0.0 0.0 0.11779
1043 68 7 0.417 0.0 0.75545 -0.47116
1044 68 7 0.417 0.0 -0.75545 -0.47116
1045 69 6 -0.834 0.0 0.0 0.11779
1046 69 7 0.417 0.0 0.75545 -0.47116
1047 69 7 0.417 0.0 -0.75545 -0.47116
1048 70 6 -0.834 0.0 0.0 0.11779
1049 70 7 0.417 0.0 0.75545 -0.47116
1050 70 7 0.417 0.0 -0.75545 -0.47116
1051 71 6 -0.834 0.0 0.0 0.11779
1052 71 7 0.417 0.0 0.75545 -0.47116
1053 71 7 0.417 0.0 -0.75545 -0.47116
1054 72 6 -0.834 0.0 0.0 0.11779
1055 72 7 0.417 0.0 0.75545 -0.47116
1056 72 7 0.417 0.0 -0.75545 -0.47116
1057 73 6 -0.834 0.0 0.0 0.11779
1058 73 7 0.417 0.0 0.75545 -0.47116
1059 73 7 0.417 0.0 -0.75545 -0.47116
1060 74 6 -0.834 0.0 0.0 0.11779
1061 74 7 0.417 0.0 0.75545 -0.47116
1062 74 7 0.417 0.0 -0.75545 -0.47116
1063 75 6 -0.834 0.0 0.0 0.11779
1064 75 7 0.417 0.0 0.75545 -0.47116
1065 75 7 0.417 0.0 -0.75545 -0.47116
1066 76 6 -0.834 0.0 0.0 0.11779
1067 76 7 0.417 0.0 0.75545 -0.47116
1068 76 7 0.417 0.0 -0.75545 -0.47116
1069 77 6 -0.834 0.0 0.0 0.11779
1070 77 7 0.417 0.0 0.75545 -0.47116
1071 77 7 0.417 0.0 -0.75545 -0.47116
1072 78 6 -0.834 0.0 0.0 0.11779
1073 78 7 0.417 0.0 0.75545 -0.47116
1074 78 7 0.417 0.0 -0.75545 -0.47116
1075 79 6 -0.834 0.0 0.0 0.11779
1076 79 7 0.417 0.0 0.75545 -0.47116
1077 79 7 0.417 0.0 -0.75545 -0.47116
1078 80 6 -0.834 0.0 0.0 0.11779
1079 80 7 0.417 0.0 0.75545 -0.47116
1080 80 7 0.417 0.0 -0.75545 -0.47116
1081 81 6 -0.834 0.0 0.0 0.11779
1082 81 7 0.417 0.0 0.75545 -0.47116
1083 81 7 0.417 0.0 -0.75545 -0.47116
1084 82 6 -0.834 0.0 0.0 0.11779
1085 82 7 0.417 0.0 0.75545 -0.47116
1086 82 7 0.417 0.0 -0.75545 -0.47116
1087 83 6 -0.834 0.0 0.0 0.11779
1088 83 7 0.417 0.0 0.75545 -0.47116
1089 83 7 0.417 0.0 -0.75545 -0.47116
1090 84 6 -0.834 0.0 0.0 0.11779
1091 84 7 0.417 0.0 0.75545 -0.47116
1092 84 7 0.417 0.0 -0.75545 -0.47116
1093 85 6 -0.834 0.0 0.0 0.11779
1094 85 7 0.417 0.0 0.75545 -0.47116
1095 85 7 0.417 0.0 -0.75545 -0.47116
1096 86 6 -0.834 0.0 0.0 0.11779
1097 86 7 0.417 0.0 0.75545 -0.47116
1098 86 7 0.417 0.0 -0.75545 -0.47116
1099 87 6 -0.834 0.0 0.0 0.11779
1100 87 7 0.417 0.0 0.75545 -0.47116
1101 87 7 0.417 0.0 -0.75545 -0.47116
1102 88 6 -0.834 0.0 0.0 0.11779
1103 88 7 0.417 0.0 0.75545 -0.47116
1104 88 7 0.417 0.0 -0.75545 -0.47116
1105 89 6 -0.834 0.0 0.0 0.11779
1106 89 7 0.417 0.0 0.75545 -0.47116
1107 89 7 0.417 0.0 -0.75545 -0.47116
1108 90 6 -0.834 0.0 0.0 0.11779
1109 90 7 0.417 0.0 0.75545 -0.47116
1110 90 7 0.417 0.0 -0.75545 -0.47116
1111 91 6 -0.834 0.0 0.0 0.11779
1112 91 7 0.417 0.0 0.75545 -0.47116
1113 91 7 0.417 0.0 -0.75545 -0.47116
1114 92 6 -0.834 0.0 0.0 0.11779
1115 92 7 0.417 0.0 0.75545 -0.47116
1116 92 7 0.417 0.0 -0.75545 -0.47116
1117 93 6 -0.834 0.0 0.0 0.11779
1118 93 7 0.417 0.0 0.75545 -0.47116
1119 93 7 0.417 0.0 -0.75545 -0.47116
1120 94 6 -0.834 0.0 0.0 0.11779
1121 94 7 0.417 0.0 0.75545 -0.47116
1122 94 7 0.417 0.0 -0.75545 -0.47116
1123 95 6 -0.834 0.0 0.0 0.11779
1124 95 7 0.417 0.0 0.75545 -0.47116
1125 95 7 0.417 0.0 -0.75545 -0.47116
1126 96 6 -0.834 0.0 0.0 0.11779
1127 96 7 0.417 0.0 0.75545 -0.47116
1128 96 7 0.417 0.0 -0.75545 -0.47116
1129 97 6 -0.834 0.0 0.0 0.11779
1130 97 7 0.417 0.0 0.75545 -0.47116
1131 97 7 0.417 0.0 -0.75545 -0.47116
1132 98 6 -0.834 0.0 0.0 0.11779
1133 98 7 0.417 0.0 0.75545 -0.47116
1134 98 7 0.417 0.0 -0.75545 -0.47116
1135 99 6 -0.834 0.0 0.0 0.11779
1136 99 7 0.417 0.0 0.75545 -0.47116
1137 99 7 0.417 0.0 -0.75545 -0.47116
1138 100 6 -0.834 0.0 0.0 0.11779
1139 100 7 0.417 0.0 0.75545 -0.47116
1140 100 7 0.417 0.0 -0.75545 -0.47116
1141 101 6 -0.834 0.0 0.0 0.11779
1142 101 7 0.417 0.0 0.75545 -0.47116
1143 101 7 0.417 0.0 -0.75545 -0.47116
1144 102 6 -0.834 0.0 0.0 0.11779
1145 102 7 0.417 0.0 0.75545 -0.47116
1146 102 7 0.417 0.0 -0.75545 -0.47116
1147 103 6 -0.834 0.0 0.0 0.11779
1148 103 7 0.417 0.0 0.75545 -0.47116
1149 103 7 0.417 0.0 -0.75545 -0.47116
1150 104 6 -0.834 0.0 0.0 0.11779
1151 104 7 0.417 0.0 0.75545 -0.47116
1152 104 7 0.417 0.0 -0.75545 -0.47116
1153 105 6 -0.834 0.0 0.0 0.11779
1154 105 7 0.417 0.0 0.75545 -0.47116
1155 105 7 0.417 0.0 -0.75545 -0.47116
1156 106 6 -0.834 0.0 0.0 0.11779
1157 106 7 0.417 0.0 0.75545 -0.47116
1158 106 7 0.417 0.0 -0.75545 -0.47116
1159 107 6 -0.834 0.0 0.0 0.11779
1160 107 7 0.417 0.0 0.75545 -0.47116
1161 107 7 0.417 0.0 -0.75545 -0.47116
1162 108 6 -0.834 0.0 0.0 0.11779
1163 108 7 0.417 0.0 0.75545 -0.47116
1164 108 7 0.417 0.0 -0.75545 -0.47116
1165 109 6 -0.834 0.0 0.0 0.11779
1166 109 7 0.417 0.0 0.75545 -0.47116
1167 109 7 0.417 0.0 -0.75545 -0.47116
1168 110 6 -0.834 0.0 0.0 0.11779
1169 110 7 0.417 0.0 0.75545 -0.47116
1170 110 7 0.417 0.0 -0.75545 -0.47116
1171 111 6 -0.834 0.0 0.0 0.11779
1172 111 7 0.417 0.0 0.75545 -0.47116
1173 111 7 0.417 0.0 -0.75545 -0.47116
1174 112 6 -0.834 0.0 0.0 0.11779
1175 112 7 0.417 0.0 0.75545 -0.47116
1176 112 7 0.417 0.0 -0.75545 -0.47116
1177 113 6 -0.834 0.0 0.0 0.11779
1178 113 7 0.417 0.0 0.75545 -0.47116
1179 113 7 0.417 0.0 -0.75545 -0.47116
1180 114 6 -0.834 0.0 0.0 0.11779
1181 114 7 0.417 0.0 0.75545 -0.47116
1182 114 7 0.417 0.0 -0.75545 -0.47116
1183 115 6 -0.834 0.0 0.0 0.11779
1184 115 7 0.417 0.0 0.75545 -0.47116
1185 115 7 0.417 0.0 -0.75545 -0.47116
1186 116 6 -0.834 0.0 0.0 0.11779
1187 116 7 0.417 0.0 0.75545 -0.47116
1188 116 7 0.417 0.0 -0.75545 -0.47116
1189 117 6 -0.834 0.0 0.0 0.11779
1190 117 7 0.417 0.0 0.75545 -0.47116
1191 117 7 0.417 0.0 -0.75545 -0.47116
1192 118 6 -0.834 0.0 0.0 0.11779
1193 118 7 0.417 0.0 0.75545 -0.47116
1194 118 7 0.417 0.0 -0.75545 -0.47116
1195 119 6 -0.834 0.0 0.0 0.11779
1196 119 7 0.417 0.0 0.75545 -0.47116
1197 119 7 0.417 0.0 -0.75545 -0.47116
1198 120 6 -0.834 0.0 0.0 0.11779
1199 120 7 0.417 0.0 0.75545 -0.47116
1200 120 7 0.417 0.0 -0.75545 -0.47116
1201 121 6 -0.834 0.0 0.0 0.11779
1202 121 7 0.417 0.0 0.75545 -0.47116
1203 121 7 0.417 0.0 -0.75545 -0.47116
1204 122 6 -0.834 0.0 0.0 0.11779
1205 122 7 0.417 0.0 0.75545 -0.47116
1206 122 7 0.417 0.0 -0.75545 -0.47116
1207 123 6 -0.834 0.0 0.0 0.11779
1208 123 7 0.417 0.0 0.75545 -0.47116
1209 123 7 0.417 0.0 -0.75545 -0.47116
1210 124 6 -0.834 0.0 0.0 0.11779
1211 124 7 0.417 0.0 0.75545 -0.47116
1212 124 7 0.417 0.0 -0.75545 -0.47116
1213 125 6 -0.834 0.0 0.0 0.11779
1214 125 7 0.417 0.0 0.75545 -0.47116
1215 125 7 0.417 0.0 -0.75545 -0.47116
1216 126 6 -0.834 0.0 0.0 0.11779
1217 126 7 0.417 0.0 0.75545 -0.47116
1218 126 7 0.417 0.0 -0.75545 -0.47116
1219 127 6 -0.834 0.0 0.0 0.11779
1220 127 7 0.417 0.0 0.75545 -0.47116
1221 127 7 0.417 0.0 -0.75545 -0.47116
1222 128 6 -0.834 0.0 0.0 0.11779
1223 128 7 0.417 0.0 0.75545 -0.47116
1224 128 7 0.417 0.0 -0.75545 -0.47116
1225 129 6 -0.834 0.0 0.0 0.11779
1226 129 7 0.417 0.0 0.75545 -0.47116
1227 129 7 0.417 0.0 -0.75545 -0.47116
1228 130 6 -0.834 0.0 0.0 0.11779
1229 130 7 0.417 0.0 0.75545 -0.47116
1230 130 7 0.417 0.0 -0.75545 -0.47116
1231 131 6 -0.834 0.0 0.0 0.11779
1232 131 7 0.417 0.0 0.75545 -0.47116
1233 131 7 0.417 0.0 -0.75545 -0.47116
1234 132 6 -0.834 0.0 0.0 0.11779
1235 132 7 0.417 0.0 0.75545 -0.47116
1236 132 7 0.417 0.0 -0.75545 -0.47116
1237 133 6 -0.834 0.0 0.0 0.11779
1238 133 7 0.417 0.0 0.75545 -0.47116
1239 133 7 0.417 0.0 -0.75545 -0.47116
1240 134 6 -0.834 0.0 0.0 0.11779
1241 134 7 0.417 0.0 0.75545 -0.47116
1242 134 7 0.417 0.0 -0.75545 -0.47116
1243 135 6 -0.834 0.0 0.0 0.11779
1244 135 7 0.417 0.0 0.75545 -0.47116
1245 135 7 0.417 0.0 -0.75545 -0.47116
1246 136 6 -0.834 0.0 0.0 0.11779
1247 136 7 0.417 0.0 0.75545 -0.47116
1248 136 7 0.417 0.0 -0.75545 -0.47116
1249 137 6 -0.834 0.0 0.0 0.11779
1250 137 7 0.417 0.0 0.75545 -0.47116
1251 137 7 0.417 0.0 -0.75545 -0.47116
1252 138 6 -0.834 0.0 0.0 0.11779
1253 138 7 0.417 0.0 0.75545 -0.47116
1254 138 7 0.417 0.0 -0.75545 -0.47116
1255 139 6 -0.834 0.0 0.0 0.11779
1256 139 7 0.417 0.0 0.75545 -0.47116
1257 139 7 0.417 0.0 -0.75545 -0.47116
1258 140 6 -0.834 0.0 0.0 0.11779
1259 140 7 0.417 0.0 0.75545 -0.47116
1260 140 7 0.417 0.0 -0.75545 -0.47116
1261 141 6 -0.834 0.0 0.0 0.11779
1262 141 7 0.417 0.0 0.75545 -0.47116
1263 141 7 0.417 0.0 -0.75545 -0.47116
1264 142 6 -0.834 0.0 0.0 0.11779
1265 142 7 0.417 0.0 0.75545 -0.47116
1266 142 7 0.417 0.0 -0.75545 -0.47116
1267 143 6 -0.834 0.0 0.0 0.11779
1268 143 7 0.417 0.0 0.75545 -0.47116
1269 143 7 0.417 0.0 -0.75545 -0.47116
1270 144 6 -0.834 0.0 0.0 0.11779
1271 144 7 0.417 0.0 0.75545 -0.47116
1272 144 7 0.417 0.0 -0.75545 -0.47116
1273 145 6 -0.834 0.0 0.0 0.11779
1274 145 7 0.417 0.0 0.75545 -0.47116
1275 145 7 0.417 0.0 -0.75545 -0.47116
1276 146 6 -0.834 0.0 0.0 0.11779
1277 146 7 0.417 0.0 0.75545 -0.47116
1278 146 7 0.417 0.0 -0.75545 -0.47116
1279 147 6 -0.834 0.0 0.0 0.11779
1280 147 7 0.417 0.0 0.75545 -0.47116
1281 147 7 0.417 0.0 -0.75545 -0.47116
1282 148 6 -0.834 0.0 0.0 0.11779
1283 148 7 0.417 0.0 0.75545 -0.47116
1284 148 7 0.417 0.0 -0.75545 -0.47116
1285 149 6 -0.834 0.0 0.0 0.11779
1286 149 7 0.417 0.0 0.75545 -0.47116
1287 149 7 0.417 0.0 -0.75545 -0.47116
1288 150 6 -0.834 0.0 0.0 0.11779
1289 150 7 0.417 0.0 0.75545 -0.47116
1290 150 7 0.417 0.0 -0.75545 -0.47116
1291 151 6 -0.834 0.0 0.0 0.11779
1292 151 7 0.417 0.0 0.75545 -0.47116
1293 151 7 0.417 0.0 -0.75545 -0.47116
1294 152 6 -0.834 0.0 0.0 0.11779
1295 152 7 0.417 0.0 0.75545 -0.47116
1296 152 7 0.417 0.0 -0.75545 -0.47116
1297 153 6 -0.834 0.0 0.0 0.11779
1298 153 7 0.417 0.0 0.75545 -0.47116
1299 153 7 0.417 0.0 -0.75545 -0.47116
1300 154 6 -0.834 0.0 0.0 0.11779
1301 154 7 0.417 0.0 0.75545 -0.47116
1302 154 7 0.417 0.0 -0.75545 -0.47116
1303 155 6 -0.834 0.0 0.0 0.11779
1304 155 7 0.417 0.0 0.75545 -0.47116
1305 155 7 0.417 0.0 -0.75545 -0.47116
1306 156 6 -0.834 0.0 0.0 0.11779
1307 156 7 0.417 0.0 0.75545 -0.47116
1308 156 7 0.417 0.0 -0.75545 -0.47116
1309 157 6 -0.834 0.0 0.0 0.11779
1310 157 7 0.417 0.0 0.75545 -0.47116
1311 157 7 0.417 0.0 -0.75545 -0.47116
1312 158 6 -0.834 0.0 0.0 0.11779
1313 158 7 0.417 0.0 0.75545 -0.47116
1314 158 7 0.417 0.0 -0.75545 -0.47116
1315 159 6 -0.834 0.0 0.0 0.11779
1316 159 7 0.417 0.0 0.75545 -0.47116
1317 159 7 0.417 0.0 -0.75545 -0.47116
1318 160 6 -0.834 0.0 0.0 0.11779
1319 160 7 0.417 0.0 0.75545 -0.47116
1320 160 7 0.417 0.0 -0.75545 -0.47116
1321 161 6 -0.834 0.0 0.0 0.11779
1322 161 7 0.417 0.0 0.75545 -0.47116
1323 161 7 0.417 0.0 -0.75545 -0.47116
1324 162 6 -0.834 0.0 0.0 0.11779
1325 162 7 0.417 0.0 0.75545 -0.47116
1326 162 7 0.417 0.0 -0.75545 -0.47116
1327 163 6 -0.834 0.0 0.0 0.11779
1328 163 7 0.417 0.0 0.75545 -0.47116
1329 163 7 0.417 0.0 -0.75545 -0.47116
1330 164 6 -0.834 0.0 0.0 0.11779
1331 164 7 0.417 0.0 0.75545 -0.47116
1332 164 7 0.417 0.0 -0.75545 -0.47116
1333 165 6 -0.834 0.0 0.0 0.11779
1334 165 7 0.417 0.0 0.75545 -0.47116
1335 165 7 0.417 0.0 -0.75545 -0.47116
1336 166 6 -0.834 0.0 0.0 0.11779
1337 166 7 0.417 0.0 0.75545 -0.47116
1338 166 7 0.417 0.0 -0.75545 -0.47116
1339 167 6 -0.834 0.0 0.0 0.11779
1340 167 7 0.417 0.0 0.75545 -0.47116
1341 167 7 0.417 0.0 -0.75545 -0.47116
1342 168 6 -0.834 0.0 0.0 0.11779
1343 168 7 0.417 0.0 0.75545 -0.47116
1344 168 7 0.417 0.0 -0.75545 -0.47116
1345 169 6 -0.834 0.0 0.0 0.11779
1346 169 7 0.417 0.0 0.75545 -0.47116
1347 169 7 0.417 0.0 -0.75545 -0.47116
1348 170 6 -0.834 0.0 0.0 0.11779
1349 170 7 0.417 0.0 0.75545 -0.47116
1350 170 7 0.417 0.0 -0.75545 -0.47116
1351 171 6 -0.834 0.0 0.0 0.11779
1352 171 7 0.417 0.0 0.75545 -0.47116
1353 171 7 0.417 0.0 -0.75545 -0.47116
1354 172 6 -0.834 0.0 0.0 0.11779
1355 172 7 0.417 0.0 0.75545 -0.47116
1356 172 7 0.417 0.0 -0.75545 -0.47116
1357 173 6 -0.834 0.0 0.0 0.11779
1358 173 7 0.417 0.0 0.75545 -0.47116
1359 173 7 0.417 0.0 -0.75545 -0.47116
1360 174 6 -0.834 0.0 0.0 0.11779
1361 174 7 0.417 0.0 0.75545 -0.47116
1362 174 7 0.417 0.0 -0.75545 -0.47116
1363 175 6 -0.834 0.0 0.0 0.11779
1364 175 7 0.417 0.0 0.75545 -0.47116
1365 175 7 0.417 0.0 -0.75545 -0.47116
1366 176 6 -0.834 0.0 0.0 0.11779
1367 176 7 0.417 0.0 0.75545 -0.47116
1368 176 7 0.417 0.0 -0.75545 -0.47116
1369 177 6 -0.834 0.0 0.0 0.11779
1370 177 7 0.417 0.0 0.75545 -0.47116
1371 177 7 0.417 0.0 -0.75545 -0.47116
1372 178 6 -0.834 0.0 0.0 0.11779
1373 178 7 0.417 0.0 0.75545 -0.47116
1374 178 7 0.417 0.0 -0.75545 -0.47116
1375 179 6 -0.834 0.0 0.0 0.11779
1376 179 7 0.417 0.0 0.75545 -0.47116
1377 179 7 0.417 0.0 -0.75545 -0.47116
1378 180 6 -0.834 0.0 0.0 0.11779
1379 180 7 0.417 0.0 0.75545 -0.47116
1380 180 7 0.417 0.0 -0.75545 -0.47116
1381 181 6 -0.834 0.0 0.0 0.11779
1382 181 7 0.417 0.0 0.75545 -0.47116
1383 181 7 0.417 0.0 -0.75545 -0.47116
1384 182 6 -0.834 0.0 0.0 0.11779
1385 182 7 0.417 0.0 0.75545 -0.47116
1386 182 7 0.417 0.0 -0.75545 -0.47116
1387 183 6 -0.834 0.0 0.0 0.11779
1388 183 7 0.417 0.0 0.75545 -0.47116
1389 183 7 0.417 0.0 -0.75545 -0.47116
1390 184 6 -0.834 0.0 0.0 0.11779
1391 184 7 0.417 0.0 0.75545 -0.47116
1392 184 7 0.417 0.0 -0.75545 -0.47116
1393 185 6 -0.834 0.0 0.0 0.11779
1394 185 7 0.417 0.0 0.75545 -0.47116
1395 185 7 0.417 0.0 -0.75545 -0.47116
1396 186 6 -0.834 0.0 0.0 0.11779
1397 186 7 0.417 0.0 0.75545 -0.47116
1398 186 7 0.417 0.0 -0.75545 -0.47116
1399 187 6 -0.834 0.0 0.0 0.11779
1400 187 7 0.417 0.0 0.75545 -0.47116
1401 187 7 0.417 0.0 -0.75545 -0.47116
1402 188 6 -0.834 0.0 0.0 0.11779
1403 188 7 0.417 0.0 0.75545 -0.47116
1404 188 7 0.417 0.0 -0.75545 -0.47116
1405 189 6 -0.834 0.0 0.0 0.11779
1406 189 7 0.417 0.0 0.75545 -0.47116
1407 189 7 0.417 0.0 -0.75545 -0.47116
1408 190 6 -0.834 0.0 0.0 0.11779
1409 190 7 0.417 0.0 0.75545 -0.47116
1410 190 7 0.417 0.0 -0.75545 -0.47116
1411 191 6 -0.834 0.0 0.0 0.11779
1412 191 7 0.417 0.0 0.75545 -0.47116
1413 191 7 0.417 0.0 -0.75545 -0.47116
1414 192 6 -0.834 0.0 0.0 0.11779
1415 192 7 0.417 0.0 0.75545 -0.47116
1416 192 7 0.417 0.0 -0.75545 -0.47116
1417 193 6 -0.834 0.0 0.0 0.11779
1418 193 7 0.417 0.0 0.75545 -0.47116
1419 193 7 0.417 0.0 -0.75545 -0.47116
1420 194 6 -0.834 0.0 0.0 0.11779
1421 194 7 0.417 0.0 0.75545 -0.47116
1422 194 7 0.417 0.0 -0.75545 -0.47116
1423 195 6 -0.834 0.0 0.0 0.11779
1424 195 7 0.417 0.0 0.75545 -0.47116
1425 195 7 0.417 0.0 -0.75545 -0.47116
1426 196 6 -0.834 0.0 0.0 0.11779
1427 196 7 0.417 0.0 0.75545 -0.47116
1428 196 7 0.417 0.0 -0.75545 -0.47116
1429 197 6 -0.834 0.0 0.0 0.11779
1430 197 7 0.417 0.0 0.75545 -0.47116
1431 197 7 0.417 0.0 -0.75545 -0.47116
1432 198 6 -0.834 0.0 0.0 0.11779
1433 198 7 0.417 0.0 0.75545 -0.47116
1434 198 7 0.417 0.0 -0.75545 -0.47116
1435 199 6 -0.834 0.0 0.0 0.11779
1436 199 7 0.417 0.0 0.75545 -0.47116
1437 199 7 0.417 0.0 -0.75545 -0.47116
1438 200 6 -0.834 0.0 0.0 0.11779
1439 200 7 0.417 0.0 0.75545 -0.47116
1440 200 7 0.417 0.0 -0.75545 -0.47116
1441 201 6 -0.834 0.0 0.0 0.11779
1442 201 7 0.417 0.0 0.75545 -0.47116
1443 201 7 0.417 0.0 -0.75545 -0.47116
1444 202 6 -0.834 0.0 0.0 0.11779
1445 202 7 0.417 0.0 0.75545 -0.47116
1446 202 7 0.417 0.0 -0.75545 -0.47116
1447 203 6 -0.834 0.0 0.0 0.11779
1448 203 7 0.417 0.0 0.75545 -0.47116
1449 203 7 0.417 0.0 -0.75545 -0.47116
1450 204 6 -0.834 0.0 0.0 0.11779
1451 204 7 0.417 0.0 0.75545 -0.47116
1452 204 7 0.417 0.0 -0.75545 -0.47116
1453 205 6 -0.834 0.0 0.0 0.11779
1454 205 7 0.417 0.0 0.75545 -0.47116
1455 205 7 0.417 0.0 -0.75545 -0.47116
1456 206 6 -0.834 0.0 0.0 0.11779
1457 206 7 0.417 0.0 0.75545 -0.47116
1458 206 7 0.417 0.0 -0.75545 -0.47116
1459 207 6 -0.834 0.0 0.0 0.11779
1460 207 7 0.417 0.0 0.75545 -0.47116
1461 207 7 0.417 0.0 -0.75545 -0.47116
1462 208 6 -0.834 0.0 0.0 0.11779
1463 208 7 0.417 0.0 0.75545 -0.47116
1464 208 7 0.417 0.0 -0.75545 -0.47116
1465 209 6 -0.834 0.0 0.0 0.11779
1466 209 7 0.417 0.0 0.75545 -0.47116
1467 209 7 0.417 0.0 -0.75545 -0.47116
1468 210 6 -0.834 0.0 0.0 0.11779
1469 210 7 0.417 0.0 0.75545 -0.47116
1470 210 7 0.417 0.0 -0.75545 -0.47116
1471 211 6 -0.834 0.0 0.0 0.11779
1472 211 7 0.417 0.0 0.75545 -0.47116
1473 211 7 0.417 0.0 -0.75545 -0.47116
1474 212 6 -0.834 0.0 0.0 0.11779
1475 212 7 0.417 0.0 0.75545 -0.47116
1476 212 7 0.417 0.0 -0.75545 -0.47116
1477 213 6 -0.834 0.0 0.0 0.11779
1478 213 7 0.417 0.0 0.75545 -0.47116
1479 213 7 0.417 0.0 -0.75545 -0.47116
1480 214 6 -0.834 0.0 0.0 0.11779
1481 214 7 0.417 0.0 0.75545 -0.47116
1482 214 7 0.417 0.0 -0.75545 -0.47116
1483 215 6 -0.834 0.0 0.0 0.11779
1484 215 7 0.417 0.0 0.75545 -0.47116
1485 215 7 0.417 0.0 -0.75545 -0.47116
1486 216 6 -0.834 0.0 0.0 0.11779
1487 216 7 0.417 0.0 0.75545 -0.47116
1488 216 7 0.417 0.0 -0.75545 -0.47116
1489 217 6 -0.834 0.0 0.0 0.11779
1490 217 7 0.417 0.0 0.75545 -0.47116
1491 217 7 0.417 0.0 -0.75545 -0.47116
1492 218 6 -0.834 0.0 0.0 0.11779
1493 218 7 0.417 0.0 0.75545 -0.47116
1494 218 7 0.417 0.0 -0.75545 -0.47116
1495 219 6 -0.834 0.0 0.0 0.11779
1496 219 7 0.417 0.0 0.75545 -0.47116
1497 219 7 0.417 0.0 -0.75545 -0.47116
1498 220 6 -0.834 0.0 0.0 0.11779
1499 220 7 0.417 0.0 0.75545 -0.47116
1500 220 7 0.417 0.0 -0.75545 -0.47116
1501 221 6 -0.834 0.0 0.0 0.11779
1502 221 7 0.417 0.0 0.75545 -0.47116
1503 221 7 0.417 0.0 -0.75545 -0.47116
1504 222 6 -0.834 0.0 0.0 0.11779
1505 222 7 0.417 0.0 0.75545 -0.47116
1506 222 7 0.417 0.0 -0.75545 -0.47116
1507 223 6 -0.834 0.0 0.0 0.11779
1508 223 7 0.417 0.0 0.75545 -0.47116
1509 223 7 0.417 0.0 -0.75545 -0.47116
1510 224 6 -0.834 0.0 0.0 0.11779
1511 224 7 0.417 0.0 0.75545 -0.47116
1512 224 7 0.417 0.0 -0.75545 -0.47116
1513 225 6 -0.834 0.0 0.0 0.11779
1514 225 7 0.417 0.0 0.75545 -0.47116
1515 225 7 0.417 0.0 -0.75545 -0.47116
1516 226 6 -0.834 0.0 0.0 0.11779
1517 226 7 0.417 0.0 0.75545 -0.47116
1518 226 7 0.417 0.0 -0.75545 -0.47116
1519 227 6 -0.834 0.0 0.0 0.11779
1520 227 7 0.417 0.0 0.75545 -0.47116
1521 227 7 0.417 0.0 -0.75545 -0.47116
1522 228 6 -0.834 0.0 0.0 0.11779
1523 228 7 0.417 0.0 0.75545 -0.47116
1524 228 7 0.417 0.0 -0.75545 -0.47116
1525 229 6 -0.834 0.0 0.0 0.11779
1526 229 7 0.417 0.0 0.75545 -0.47116
1527 229 7 0.417 0.0 -0.75545 -0.47116
1528 230 6 -0.834 0.0 0.0 0.11779
1529 230 7 0.417 0.0 0.75545 -0.47116
1530 230 7 0.417 0.0 -0.75545 -0.47116
1531 231 6 -0.834 0.0 0.0 0.11779
1532 231 7 0.417 0.0 0.75545 -0.47116
1533 231 7 0.417 0.0 -0.75545 -0.47116
1534 232 6 -0.834 0.0 0.0 0.11779
1535 232 7 0.417 0.0 0.75545 -0.47116
1536 232 7 0.417 0.0 -0.75545 -0.47116
1537 233 6 -0.834 0.0 0.0 0.11779
1538 233 7 0.417 0.0 0.75545 -0.47116
1539 233 7 0.417 0.0 -0.75545 -0.47116
1540 234 6 -0.834 0.0 0.0 0.11779
1541 234 7 0.417 0.0 0.75545 -0.47116
1542 234 7 0.417 0.0 -0.75545 -0.47116
1543 235 6 -0.834 0.0 0.0 0.11779
1544 235 7 0.417 0.0 0.75545 -0.47116
1545 235 7 0.417 0.0 -0.75545 -0.47116
1546 236 6 -0.834 0.0 0.0 0.11779
1547 236 7 0.417 0.0 0.75545 -0.47116
1548 236 7 0.417 0.0 -0.75545 -0.47116
1549 237 6 -0.834 0.0 0.0 0.11779
1550 237 7 0.417 0.0 0.75545 -0.47116
1551 237 7 0.417 0.0 -0.75545 -0.47116
1552 238 6 -0.834 0.0 0.0 0.11779
1553 238 7 0.417 0.0 0.75545 -0.47116
1554 238 7 0.417 0.0 -0.75545 -0.47116
1555 239 6 -0.834 0.0 0.0 0.11779
1556 239 7 0.417 0.0 0.75545 -0.47116
1557 239 7 0.417 0.0 -0.75545 -0.47116
1558 240 6 -0.834 0.0 0.0 0.11779
1559 240 7 0.417 0.0 0.75545 -0.47116
1560 240 7 0.417 0.0 -0.75545 -0.47116
1561 241 6 -0.834 0.0 0.0 0.11779
1562 241 7 0.417 0.0 0.75545 -0.47116
1563 241 7 0.417 0.0 -0.75545 -0.47116
1564 242 6 -0.834 0.0 0.0 0.11779
1565 242 7 0.417 0.0 0.75545 -0.47116
1566 242 7 0.417 0.0 -0.75545 -0.47116
1567 243 6 -0.834 0.0 0.0 0.11779
1568 243 7 0.417 0.0 0.75545 -0.47116
1569 243 7 0.417 0.0 -0.75545 -0.47116
1570 244 6 -0.834 0.0 0.0 0.11779
1571 244 7 0.417 0.0 0.75545 -0.47116
1572 244 7 0.417 0.0 -0.75545 -0.47116
1573 245 6 -0.834 0.0 0.0 0.11779
1574 245 7 0.417 0.0 0.75545 -0.47116
1575 245 7 0.417 0.0 -0.75545 -0.47116
1576 246 6 -0.834 0.0 0.0 0.11779
1577 246 7 0.417 0.0 0.75545 -0.47116
1578 246 7 0.417 0.0 -0.75545 -0.47116
1579 247 6 -0.834 0.0 0.0 0.11779
1580 247 7 0.417 0.0 0.75545 -0.47116
1581 247 7 0.417 0.0 -0.75545 -0.47116
1582 248 6 -0.834 0.0 0.0 0.11779
1583 248 7 0.417 0.0 0.75545 -0.47116
1584 248 7 0.417 0.0 -0.75545 -0.47116
1585 249 6 -0.834 0.0 0.0 0.11779
1586 249 7 0.417 0.0 0.75545 -0.47116
1587 249 7 0.417 0.0 -0.75545 -0.47116
1588 250 6 -0.834 0.0 0.0 0.11779
1589 250 7 0.417 0.0 0.75545 -0.47116
1590 250 7 0.417 0.0 -0.75545 -0.47116
1591 251 6 -0.834 0.0 0.0 0.11779
1592 251 7 0.417 0.0 0.75545 -0.47116
1593 251 7 0.417 0.0 -0.75545 -0.47116
1594 252 6 -0.834 0.0 0.0 0.11779
1595 252 7 0.417 0.0 0.75545 -0.47116
1596 252 7 0.417 0.0 -0.75545 -0.47116
1597 253 6 -0.834 0.0 0.0 0.11779
1598 253 7 0.417 0.0 0.75545 -0.47116
1599 253 7 0.417 0.0 -0.75545 -0.47116
1600 254 6 -0.834 0.0 0.0 0.11779
1601 254 7 0.417 0.0 0.75545 -0.47116
1602 254 7 0.417 0.0 -0.75545 -0.47116
1603 255 6 -0.834 0.0 0.0 0.11779
1604 255 7 0.417 0.0 0.75545 -0.47116
1605 255 7 0.417 0.0 -0.75545 -0.47116
1606 256 6 -0.834 0.0 0.0 0.11779
1607 256 7 0.417 0.0 0.75545 -0.47116
1608 256 7 0.417 0.0 -0.75545 -0.47116
1609 257 6 -0.834 0.0 0.0 0.11779
1610 257 7 0.417 0.0 0.75545 -0.47116
1611 257 7 0.417 0.0 -0.75545 -0.47116
1612 258 6 -0.834 0.0 0.0 0.11779
1613 258 7 0.417 0.0 0.75545 -0.47116
1614 258 7 0.417 0.0 -0.75545 -0.47116
1615 259 6 -0.834 0.0 0.0 0.11779
1616 259 7 0.417 0.0 0.75545 -0.47116
1617 259 7 0.417 0.0 -0.75545 -0.47116
1618 260 6 -0.834 0.0 0.0 0.11779
1619 260 7 0.417 0.0 0.75545 -0.47116
1620 260 7 0.417 0.0 -0.75545 -0.47116
1621 261 6 -0.834 0.0 0.0 0.11779
1622 261 7 0.417 0.0 0.75545 -0.47116
1623 261 7 0.417 0.0 -0.75545 -0.47116
1624 262 6 -0.834 0.0 0.0 0.11779
1625 262 7 0.417 0.0 0.75545 -0.47116
1626 262 7 0.417 0.0 -0.75545 -0.47116
1627 263 6 -0.834 0.0 0.0 0.11779
1628 263 7 0.417 0.0 0.75545 -0.47116
1629 263 7 0.417 0.0 -0.75545 -0.47116
1630 264 6 -0.834 0.0 0.0 0.11779
1631 264 7 0.417 0.0 0.75545 -0.47116
1632 264 7 0.417 0.0 -0.75545 -0.47116
1633 265 6 -0.834 0.0 0.0 0.11779
1634 265 7 0.417 0.0 0.75545 -0.47116
1635 265 7 0.417 0.0 -0.75545 -0.47116
1636 266 6 -0.834 0.0 0.0 0.11779
1637 266 7 0.417 0.0 0.75545 -0.47116
1638 266 7 0.417 0.0 -0.75545 -0.47116
1639 267 6 -0.834 0.0 0.0 0.11779
1640 267 7 0.417 0.0 0.75545 -0.47116
1641 267 7 0.417 0.0 -0.75545 -0.47116
1642 268 6 -0.834 0.0 0.0 0.11779
1643 268 7 0.417 0.0 0.75545 -0.47116
1644 268 7 0.417 0.0 -0.75545 -0.47116
1645 269 6 -0.834 0.0 0.0 0.11779
1646 269 7 0.417 0.0 0.75545 -0.47116
1647 269 7 0.417 0.0 -0.75545 -0.47116
1648 270 6 -0.834 0.0 0.0 0.11779
1649 270 7 0.417 0.0 0.75545 -0.47116
1650 270 7 0.417 0.0 -0.75545 -0.47116
1651 271 6 -0.834 0.0 0.0 0.11779
1652 271 7 0.417 0.0 0.75545 -0.47116
1653 271 7 0.417 0.0 -0.75545 -0.47116
1654 272 6 -0.834 0.0 0.0 0.11779
1655 272 7 0.417 0.0 0.75545 -0.47116
1656 272 7 0.417 0.0 -0.75545 -0.47116
1657 273 6 -0.834 0.0 0.0 0.11779
1658 273 7 0.417 0.0 0.75545 -0.47116
1659 273 7 0.417 0.0 -0.75545 -0.47116
1660 274 6 -0.834 0.0 0.0 0.11779
1661 274 7 0.417 0.0 0.75545 -0.47116
1662 274 7 0.417 0.0 -0.75545 -0.47116
1663 275 6 -0.834 0.0 0.0 0.11779
1664 275 7 0.417 0.0 0.75545 -0.47116
1665 275 7 0.417 0.0 -0.75545 -0.47116
1666 276 6 -0.834 0.0 0.0 0.11779
1667 276 7 0.417 0.0 0.75545 -0.47116
1668 276 7 0.417 0.0 -0.75545 -0.47116
1669 277 6 -0.834 0.0 0.0 0.11779
1670 277 7 0.417 0.0 0.75545 -0.47116
1671 277 7 0.417 0.0 -0.75545 -0.47116
1672 278 6 -0.834 0.0 0.0 0.11779
1673 278 7 0.417 0.0 0.75545 -0.47116
1674 278 7 0.417 0.0 -0.75545 -0.47116
1675 279 6 -0.834 0.0 0.0 0.11779
1676 279 7 0.417 0.0 0.75545 -0.47116
1677 279 7 0.417 0.0 -0.75545 -0.47116
1678 280 6 -0.834 0.0 0.0 0.11779
1679 280 7 0.417 0.0 0.75545 -0.47116
1680 280 7 0.417 0.0 -0.75545 -0.47116
1681 281 6 -0.834 0.0 0.0 0.11779
1682 281 7 0.417 0.0 0.75545 -0.47116
1683 281 7 0.417 0.0 -0.75545 -0.47116
1684 282 6 -0.834 0.0 0.0 0.11779
1685 282 7 0.417 0.0 0.75545 -0.47116
1686 282 7 0.417 0.0 -0.75545 -0.47116
1687 283 6 -0.834 0.0 0.0 0.11779
1688 283 7 0.417 0.0 0.75545 -0.47116
1689 283 7 0.417 0.0 -0.75545 -0.47116
1690 284 6 -0.834 0.0 0.0 0.11779
1691 284 7 0.417 0.0 0.75545 -0.47116
1692 284 7 0.417 0.0 -0.75545 -0.47116
1693 285 6 -0.834 0.0 0.0 0.11779
1694 285 7 0.417 0.0 0.75545 -0.47116
1695 285 7 0.417 0.0 -0.75545 -0.47116
1696 286 6 -0.834 0.0 0.0 0.11779
1697 286 7 0.417 0.0 0.75545 -0.47116
1698 286 7 0.417 0.0 -0.75545 -0.47116
1699 287 6 -0.834 0.0 0.0 0.11779
1700 287 7 0.417 0.0 0.75545 -0.47116
1701 287 7 0.417 0.0 -0.75545 -0.47116
1702 288 6 -0.834 0.0 0.0 0.11779
1703 288 7 0.417 0.0 0.75545 -0.47116
1704 288 7 0.417 0.0 -0.75545 -0.47116
1705 289 6 -0.834 0.0 0.0 0.11779
1706 289 7 0.417 0.0 0.75545 -0.47116
1707 289 7 0.417 0.0 -0.75545 -0.47116
1708 290 6 -0.834 0.0 0.0 0.11779
1709 290 7 0.417 0.0 0.75545 -0.47116
1710 290 7 0.417 0.0 -0.75545 -0.47116
1711 291 6 -0.834 0.0 0.0 0.11779
1712 291 7 0.417 0.0 0.75545 -0.47116
1713 291 7 0.417 0.0 -0.75545 -0.47116
1714 292 6 -0.834 0.0 0.0 0.11779
1715 292 7 0.417 0.0 0.75545 -0.47116
1716 292 7 0.417 0.0 -0.75545 -0.47116
1717 293 6 -0.834 0.0 0.0 0.11779
1718 293 7 0.417 0.0 0.75545 -0.47116
1719 293 7 0.417 0.0 -0.75545 -0.47116
1720 294 6 -0.834 0.0 0.0 0.11779
1721 294 7 0.417 0.0 0.75545 -0.47116
1722 294 7 0.417 0.0 -0.75545 -0.47116
1723 295 6 -0.834 0.0 0.0 0.11779
1724 295 7 0.417 0.0 0.75545 -0.47116
1725 295 7 0.417 0.0 -0.75545 -0.47116
1726 296 6 -0.834 0.0 0.0 0.11779
1727 296 7 0.417 0.0 0.75545 -0.47116
1728 296 7 0.417 0.0 -0.75545 -0.47116
1729 297 6 -0.834 0.0 0.0 0.11779
1730 297 7 0.417 0.0 0.75545 -0.47116
1731 297 7 0.417 0.0 -0.75545 -0.47116
1732 298 6 -0.834 0.0 0.0 0.11779
1733 298 7 0.417 0.0 0.75545 -0.47116
1734 298 7 0.417 0.0 -0.75545 -0.47116
1735 299 6 -0.834 0.0 0.0 0.11779
1736 299 7 0.417 0.0 0.75545 -0.47116
1737 299 7 0.417 0.0 -0.75545 -0.47116
1738 300 6 -0.834 0.0 0.0 0.11779
1739 300 7 0.417 0.0 0.75545 -0.47116
1740 300 7 0.417 0.0 -0.75545 -0.47116
1741 301 6 -0.834 0.0 0.0 0.11779
1742 301 7 0.417 0.0 0.75545 -0.47116
1743 301 7 0.417 0.0 -0.75545 -0.47116
1744 302 6 -0.834 0.0 0.0 0.11779
1745 302 7 0.417 0.0 0.75545 -0.47116
1746 302 7 0.417 0.0 -0.75545 -0.47116
1747 303 6 -0.834 0.0 0.0 0.11779
1748 303 7 0.417 0.0 0.75545 -0.47116
1749 303 7 0.417 0.0 -0.75545 -0.47116
1750 304 6 -0.834 0.0 0.0 0.11779
1751 304 7 0.417 0.0 0.75545 -0.47116
1752 304 7 0.417 0.0 -0.75545 -0.47116
1753 305 6 -0.834 0.0 0.0 0.11779
1754 305 7 0.417 0.0 0.75545 -0.47116
1755 305 7 0.417 0.0 -0.75545 -0.47116
1756 306 6 -0.834 0.0 0.0 0.11779
1757 306 7 0.417 0.0 0.75545 -0.47116
1758 306 7 0.417 0.0 -0.75545 -0.47116
1759 307 6 -0.834 0.0 0.0 0.11779
1760 307 7 0.417 0.0 0.75545 -0.47116
1761 307 7 0.417 0.0 -0.75545 -0.47116
1762 308 6 -0.834 0.0 0.0 0.11779
1763 308 7 0.417 0.0 0.75545 -0.47116
1764 308 7 0.417 0.0 -0.75545 -0.47116
1765 309 6 -0.834 0.0 0.0 0.11779
1766 309 7 0.417 0.0 0.75545 -0.47116
1767 309 7 0.417 0.0 -0.75545 -0.47116
1768 310 6 -0.834 0.0 0.0 0.11779
1769 310 7 0.417 0.0 0.75545 -0.47116
1770 310 7 0.417 0.0 -0.75545 -0.47116
1771 311 6 -0.834 0.0 0.0 0.11779
1772 311 7 0.417 0.0 0.75545 -0.47116
1773 311 7 0.417 0.0 -0.75545 -0.47116
1774 312 6 -0.834 0.0 0.0 0.11779
1775 312 7 0.417 0.0 0.75545 -0.47116
1776 312 7 0.417 0.0 -0.75545 -0.47116
1777 313 6 -0.834 0.0 0.0 0.11779
1778 313 7 0.417 0.0 0.75545 -0.47116
1779 313 7 0.417 0.0 -0.75545 -0.47116
1780 314 6 -0.834 0.0 0.0 0.11779
1781 314 7 0.417 0.0 0.75545 -0.47116
1782 314 7 0.417 0.0 -0.75545 -0.47116
1783 315 6 -0.834 0.0 0.0 0.11779
1784 315 7 0.417 0.0 0.75545 -0.47116
1785 315 7 0.417 0.0 -0.75545 -0.47116
1786 316 6 -0.834 0.0 0.0 0.11779
1787 316 7 0.417 0.0 0.75545 -0.47116
1788 316 7 0.417 0.0 -0.75545 -0.47116
1789 317 6 -0.834 0.0 0.0 0.11779
1790 317 7 0.417 0.0 0.75545 -0.47116
1791 317 7 0.417 0.0 -0.75545 -0.47116
1792 318 6 -0.834 0.0 0.0 0.11779
1793 318 7 0.417 0.0 0.75545 -0.47116
1794 318 7 0.417 0.0 -0.75545 -0.47116
1795 319 6 -0.834 0.0 0.0 0.11779
1796 319 7 0.417 0.0 0.75545 -0.47116
1797 319 7 0.417 0.0 -0.75545 -0.47116
1798 320 6 -0.834 0.0 0.0 0.11779
1799 320 7 0.417 0.0 0.75545 -0.47116
1800 320 7 0.417 0.0 -0.75545 -0.47116
1801 321 6 -0.834 0.0 0.0 0.11779
1802 321 7 0.417 0.0 0.75545 -0.47116
1803 321 7 0.417 0.0 -0.75545 -0.47116
1804 322 6 -0.834 0.0 0.0 0.11779
1805 322 7 0.417 0.0 0.75545 -0.47116
1806 322 7 0.417 0.0 -0.75545 -0.47116
1807 323 6 -0.834 0.0 0.0 0.11779
1808 323 7 0.417 0.0 0.75545 -0.47116
1809 323 7 0.417 0.0 -0.75545 -0.47116
1810 324 6 -0.834 0.0 0.0 0.11779
1811 324 7 0.417 0.0 0.75545 -0.47116
1812 324 7 0.417 0.0 -0.75545 -0.47116
1813 325 6 -0.834 0.0 0.0 0.11779
1814 325 7 0.417 0.0 0.75545 -0.47116
1815 325 7 0.417 0.0 -0.75545 -0.47116
1816 326 6 -0.834 0.0 0.0 0.11779
1817 326 7 0.417 0.0 0.75545 -0.47116
1818 326 7 0.417 0.0 -0.75545 -0.47116
1819 327 6 -0.834 0.0 0.0 0.11779
1820 327 7 0.417 0.0 0.75545 -0.47116
1821 327 7 0.417 0.0 -0.75545 -0.47116
1822 328 6 -0.834 0.0 0.0 0.11779
1823 328 7 0.417 0.0 0.75545 -0.47116
1824 328 7 0.417 0.0 -0.75545 -0.47116
1825 329 6 -0.834 0.0 0.0 0.11779
1826 329 7 0.417 0.0 0.75545 -0.47116
1827 329 7 0.417 0.0 -0.75545 -0.47116
1828 330 6 -0.834 0.0 0.0 0.11779
1829 330 7 0.417 0.0 0.75545 -0.47116
1830 330 7 0.417 0.0 -0.75545 -0.47116
1831 331 6 -0.834 0.0 0.0 0.11779
1832 331 7 0.417 0.0 0.75545 -0.47116
1833 331 7 0.417 0.0 -0.75545 -0.47116
1834 332 6 -0.834 0.0 0.0 0.11779
1835 332 7 0.417 0.0 0.75545 -0.47116
1836 332 7 0.417 0.0 -0.75545 -0.47116
1837 333 6 -0.834 0.0 0.0 0.11779
1838 333 7 0.417 0.0 0.75545 -0.47116
1839 333 7 0.417 0.0 -0.75545 -0.47116
1840 334 6 -0.834 0.0 0.0 0.11779
1841 334 7 0.417 0.0 0.75545 -0.47116
1842 334 7 0.417 0.0 -0.75545 -0.47116
1843 335 6 -0.834 0.0 0.0 0.11779
1844 335 7 0.417 0.0 0.75545 -0.47116
1845 335 7 0.417 0.0 -0.75545 -0.47116
1846 336 6 -0.834 0.0 0.0 0.11779
1847 336 7 0.417 0.0 0.75545 -0.47116
1848 336 7 0.417 0.0 -0.75545 -0.47116
1849 337 6 -0.834 0.0 0.0 0.11779
1850 337 7 0.417 0.0 0.75545 -0.47116
1851 337 7 0.417 0.0 -0.75545 -0.47116
1852 338 6 -0.834 0.0 0.0 0.11779
1853 338 7 0.417 0.0 0.75545 -0.47116
1854 338 7 0.417 0.0 -0.75545 -0.47116
1855 339 6 -0.834 0.0 0.0 0.11779
1856 339 7 0.417 0.0 0.75545 -0.47116
1857 339 7 0.417 0.0 -0.75545 -0.47116
1858 340 6 -0.834 0.0 0.0 0.11779
1859 340 7 0.417 0.0 0.75545 -0.47116
1860 340 7 0.417 0.0 -0.75545 -0.47116
1861 341 6 -0.834 0.0 0.0 0.11779
1862 341 7 0.417 0.0 0.75545 -0.47116
1863 341 7 0.417 0.0 -0.75545 -0.47116
1864 342 6 -0.834 0.0 0.0 0.11779
1865 342 7 0.417 0.0 0.75545 -0.47116
1866 342 7 0.417 0.0 -0.75545 -0.47116
1867 343 6 -0.834 0.0 0.0 0.11779
1868 343 7 0.417 0.0 0.75545 -0.47116
1869 343 7 0.417 0.0 -0.75545 -0.47116
1870 344 6 -0.834 0.0 0.0 0.11779
1871 344 7 0.417 0.0 0.75545 -0.47116
1872 344 7 0.417 0.0 -0.75545 -0.47116
1873 345 6 -0.834 0.0 0.0 0.11779
1874 345 7 0.417 0.0 0.75545 -0.47116
1875 345 7 0.417 0.0 -0.75545 -0.47116
1876 346 6 -0.834 0.0 0.0 0.11779
1877 346 7 0.417 0.0 0.75545 -0.47116
1878 346 7 0.417 0.0 -0.75545 -0.47116
1879 347 6 -0.834 0.0 0.0 0.11779
1880 347 7 0.417 0.0 0.75545 -0.47116
1881 347 7 0.417 0.0 -0.75545 -0.47116
1882 348 6 -0.834 0.0 0.0 0.11779
1883 348 7 0.417 0.0 0.75545 -0.47116
1884 348 7 0.417 0.0 -0.75545 -0.47116
1885 349 6 -0.834 0.0 0.0 0.11779
1886 349 7 0.417 0.0 0.75545 -0.47116
1887 349 7 0.417 0.0 -0.75545 -0.47116
1888 350 6 -0.834 0.0 0.0 0.11779
1889 350 7 0.417 0.0 0.75545 -0.47116
1890 350 7 0.417 0.0 -0.75545 -0.47116
1891 351 6 -0.834 0.0 0.0 0.11779
1892 351 7 0.417 0.0 0.75545 -0.47116
1893 351 7 0.417 0.0 -0.75545 -0.47116
1894 352 6 -0.834 0.0 0.0 0.11779
1895 352 7 0.417 0.0 0.75545 -0.47116
1896 352 7 0.417 0.0 -0.75545 -0.47116
1897 353 6 -0.834 0.0 0.0 0.11779
1898 353 7 0.417 0.0 0.75545 -0.47116
1899 353 7 0.417 0.0 -0.75545 -0.47116
1900 354 6 -0.834 0.0 0.0 0.11779
1901 354 7 0.417 0.0 0.75545 -0.47116
1902 354 7 0.417 0.0 -0.75545 -0.47116
1903 355 6 -0.834 0.0 0.0 0.11779
1904 355 7 0.417 0.0 0.75545 -0.47116
1905 355 7 0.417 0.0 -0.75545 -0.47116
1906 356 6 -0.834 0.0 0.0 0.11779
1907 356 7 0.417 0.0 0.75545 -0.47116
1908 356 7 0.417 0.0 -0.75545 -0.47116
1909 357 6 -0.834 0.0 0.0 0.11779
1910 357 7 0.417 0.0 0.75545 -0.47116
1911 357 7 0.417 0.0 -0.75545 -0.47116
1912 358 6 -0.834 0.0 0.0 0.11779
1913 358 7 0.417 0.0 0.75545 -0.47116
1914 358 7 0.417 0.0 -0.75545 -0.47116
1915 359 6 -0.834 0.0 0.0 0.11779
1916 359 7 0.417 0.0 0.75545 -0.47116
1917 359 7 0.417 0.0 -0.75545 -0.47116
1918 360 6 -0.834 0.0 0.0 0.11779
1919 360 7 0.417 0.0 0.75545 -0.47116
1920 360 7 0.417 0.0 -0.75545 -0.47116
1921 361 6 -0.834 0.0 0.0 0.11779
1922 361 7 0.417 0.0 0.75545 -0.47116
1923 361 7 0.417 0.0 -0.75545 -0.47116
1924 362 6 -0.834 0.0 0.0 0.11779
1925 362 7 0.417 0.0 0.75545 -0.47116
1926 362 7 0.417 0.0 -0.75545 -0.47116
1927 363 6 -0.834 0.0 0.0 0.11779
1928 363 7 0.417 0.0 0.75545 -0.47116
1929 363 7 0.417 0.0 -0.75545 -0.47116
1930 364 6 -0.834 0.0 0.0 0.11779
1931 364 7 0.417 0.0 0.75545 -0.47116
1932 364 7 0.417 0.0 -0.75545 -0.47116
1933 365 6 -0.834 0.0 0.0 0.11779
1934 365 7 0.417 0.0 0.75545 -0.47116
1935 365 7 0.417 0.0 -0.75545 -0.47116
1936 366 6 -0.834 0.0 0.0 0.11779
1937 366 7 0.417 0.0 0.75545 -0.47116
1938 366 7 0.417 0.0 -0.75545 -0.47116
1939 367 6 -0.834 0.0 0.0 0.11779
1940 367 7 0.417 0.0 0.75545 -0.47116
1941 367 7 0.417 0.0 -0.75545 -0.47116
1942 368 6 -0.834 0.0 0.0 0.11779
1943 368 7 0.417 0.0 0.75545 -0.47116
1944 368 7 0.417 0.0 -0.75545 -0.47116
1945 369 6 -0.834 0.0 0.0 0.11779
1946 369 7 0.417 0.0 0.75545 -0.47116
1947 369 7 0.417 0.0 -0.75545 -0.47116
1948 370 6 -0.834 0.0 0.0 0.11779
1949 370 7 0.417 0.0 0.75545 -0.47116
1950 370 7 0.417 0.0 -0.75545 -0.47116
1951 371 6 -0.834 0.0 0.0 0.11779
1952 371 7 0.417 0.0 0.75545 -0.47116
1953 371 7 0.417 0.0 -0.75545 -0.47116
1954 372 6 -0.834 0.0 0.0 0.11779
1955 372 7 0.417 0.0 0.75545 -0.47116
1956 372 7 0.417 0.0 -0.75545 -0.47116
1957 373 6 -0.834 0.0 0.0 0.11779
1958 373 7 0.417 0.0 0.75545 -0.47116
1959 373 7 0.417 0.0 -0.75545 -0.47116
1960 374 6 -0.834 0.0 0.0 0.11779
1961 374 7 0.417 0.0 0.75545 -0.47116
1962 374 7 0.417 0.0 -0.75545 -0.47116
1963 375 6 -0.834 0.0 0.0 0.11779
1964 375 7 0.417 0.0 0.75545 -0.47116
1965 375 7 0.417 0.0 -0.75545 -0.47116
1966 376 6 -0.834 0.0 0.0 0.11779
1967 376 7 0.417 0.0 0.75545 -0.47116
1968 376 7 0.417 0.0 -0.75545 -0.47116
1969 377 6 -0.834 0.0 0.0 0.11779
1970 377 7 0.417 0.0 0.75545 -0.47116
1971 377 7 0.417 0.0 -0.75545 -0.47116
1972 378 6 -0.834 0.0 0.0 0.11779
1973 378 7 0.417 0.0 0.75545 -0.47116
1974 378 7 0.417 0.0 -0.75545 -0.47116
1975 379 6 -0.834 0.0 0.0 0.11779
1976 379 7 0.417 0.0 0.75545 -0.47116
1977 379 7 0.417 0.0 -0.75545 -0.47116
1978 380 6 -0.834 0.0 0.0 0.11779
1979 380 7 0.417 0.0 0.75545 -0.47116
1980 380 7 0.417 0.0 -0.75545 -0.47116
1981 381 6 -0.834 0.0 0.0 0.11779
1982 381 7 0.417 0.0 0.75545 -0.47116
1983 381 7 0.417 0.0 -0.75545 -0.47116
1984 382 6 -0.834 0.0 0.0 0.11779
1985 382 7 0.417 0.0 0.75545 -0.47116
1986 382 7 0.417 0.0 -0.75545 -0.47116
1987 383 6 -0.834 0.0 0.0 0.11779
1988 383 7 0.417 0.0 0.75545 -0.47116
1989 383 7 0.417 0.0 -0.75545 -0.47116
1990 384 6 -0.834 0.0 0.0 0.11779
1991 384 7 0.417 0.0 0.75545 -0.47116
1992 384 7 0.417 0.0 -0.75545 -0.47116
1993 385 6 -0.834 0.0 0.0 0.11779
1994 385 7 0.417 0.0 0.75545 -0.47116
1995 385 7 0.417 0.0 -0.75545 -0.47116
1996 386 6 -0.834 0.0 0.0 0.11779
1997 386 7 0.417 0.0 0.75545 -0.47116
1998 386 7 0.417 0.0 -0.75545 -0.47116
1999 387 6 -0.834 0.0 0.0 0.11779
2000 387 7 0.417 0.0 0.75545 -0.47116
2001 387 7 0.417 0.0 -0.75545 -0.47116
2002 388 6 -0.834 0.0 0.0 0.11779
2003 388 7 0.417 0.0 0.75545 -0.47116
2004 388 7 0.417 0.0 -0.75545 -0.47116
2005 389 6 -0.834 0.0 0.0 0.11779
2006 389 7 0.417 0.0 0.75545 -0.47116
2007 389 7 0.417 0.0 -0.75545 -0.47116
2008 390 6 -0.834 0.0 0.0 0.11779
2009 390 7 0.417 0.0 0.75545 -0.47116
2010 390 7 0.417 0.0 -0.75545 -0.47116
2011 391 6 -0.834 0.0 0.0 0.11779
2012 391 7 0.417 0.0 0.75545 -0.47116
2013 391 7 0.417 0.0 -0.75545 -0.47116
2014 392 6 -0.834 0.0 0.0 0.11779
2015 392 7 0.417 0.0 0.75545 -0.47116
2016 392 7 0.417 0.0 -0.75545 -0.47116
2017 393 6 -0.834 0.0 0.0 0.11779
2018 393 7 0.417 0.0 0.75545 -0.47116
2019 393 7 0.417 0.0 -0.75545 -0.47116
2020 394 6 -0.834 0.0 0.0 0.11779
2021 394 7 0.417 0.0 0.75545 -0.47116
2022 394 7 0.417 0.0 -0.75545 -0.47116
2023 395 6 -0.834 0.0 0.0 0.11779
2024 395 7 0.417 0.0 0.75545 -0.47116
2025 395 7 0.417 0.0 -0.75545 -0.47116
2026 396 6 -0.834 0.0 0.0 0.11779
2027 396 7 0.417 0.0 0.75545 -0.47116
2028 396 7 0.417 0.0 -0.75545 -0.47116
2029 397 6 -0.834 0.0 0.0 0.11779
2030 397 7 0.417 0.0 0.75545 -0.47116
2031 397 7 0.417 0.0 -0.75545 -0.47116
2032 398 6 -0.834 0.0 0.0 0.11779
2033 398 7 0.417 0.0 0.75545 -0.47116
2034 398 7 0.417 0.0 -0.75545 -0.47116
2035 399 6 -0.834 0.0 0.0 0.11779
2036 399 7 0.417 0.0 0.75545 -0.47116
2037 399 7 0.417 0.0 -0.75545 -0.47116
2038 400 6 -0.834 0.0 0.0 0.11779
2039 400 7 0.417 0.0 0.75545 -0.47116
2040 400 7 0.417 0.0 -0.75545 -0.47116
2041 401 6 -0.834 0.0 0.0 0.11779
2042 401 7 0.417 0.0 0.75545 -0.47116
2043 401 7 0.417 0.0 -0.75545 -0.47116
2044 402 6 -0.834 0.0 0.0 0.11779
2045 402 7 0.417 0.0 0.75545 -0.47116
2046 402 7 0.417 0.0 -0.75545 -0.47116
2047 403 6 -0.834 0.0 0.0 0.11779
2048 403 7 0.417 0.0 0.75545 -0.47116
2049 403 7 0.417 0.0 -0.75545 -0.47116
2050 404 6 -0.834 0.0 0.0 0.11779
2051 404 7 0.417 0.0 0.75545 -0.47116
2052 404 7 0.417 0.0 -0.75545 -0.47116
2053 405 6 -0.834 0.0 0.0 0.11779
2054 405 7 0.417 0.0 0.75545 -0.47116
2055 405 7 0.417 0.0 -0.75545 -0.47116
2056 406 6 -0.834 0.0 0.0 0.11779
2057 406 7 0.417 0.0 0.75545 -0.47116
2058 406 7 0.417 0.0 -0.75545 -0.47116
2059 407 6 -0.834 0.0 0.0 0.11779
2060 407 7 0.417 0.0 0.75545 -0.47116
2061 407 7 0.417 0.0 -0.75545 -0.47116
2062 408 6 -0.834 0.0 0.0 0.11779
2063 408 7 0.417 0.0 0.75545 -0.47116
2064 408 7 0.417 0.0 -0.75545 -0.47116
2065 409 6 -0.834 0.0 0.0 0.11779
2066 409 7 0.417 0.0 0.75545 -0.47116
2067 409 7 0.417 0.0 -0.75545 -0.47116
2068 410 6 -0.834 0.0 0.0 0.11779
2069 410 7 0.417 0.0 0.75545 -0.47116
2070 410 7 0.417 0.0 -0.75545 -0.47116
2071 411 6 -0.834 0.0 0.0 0.11779
2072 411 7 0.417 0.0 0.75545 -0.47116
2073 411 7 0.417 0.0 -0.75545 -0.47116
2074 412 6 -0.834 0.0 0.0 0.11779
2075 412 7 0.417 0.0 0.75545 -0.47116
2076 412 7 0.417 0.0 -0.75545 -0.47116
2077 413 6 -0.834 0.0 0.0 0.11779
2078 413 7 0.417 0.0 0.75545 -0.47116
2079 413 7 0.417 0.0 -0.75545 -0.47116
2080 414 6 -0.834 0.0 0.0 0.11779
2081 414 7 0.417 0.0 0.75545 -0.47116
2082 414 7 0.417 0.0 -0.75545 -0.47116
2083 415 6 -0.834 0.0 0.0 0.11779
2084 415 7 0.417 0.0 0.75545 -0.47116
2085 415 7 0.417 0.0 -0.75545 -0.47116
2086 416 6 -0.834 0.0 0.0 0.11779
2087 416 7 0.417 0.0 0.75545 -0.47116
2088 416 7 0.417 0.0 -0.75545 -0.47116
2089 417 6 -0.834 0.0 0.0 0.11779
2090 417 7 0.417 0.0 0.75545 -0.47116
2091 417 7 0.417 0.0 -0.75545 -0.47116
2092 418 6 -0.834 0.0 0.0 0.11779
2093 418 7 0.417 0.0 0.75545 -0.47116
2094 418 7 0.417 0.0 -0.75545 -0.47116
2095 419 6 -0.834 0.0 0.0 0.11779
2096 419 7 0.417 0.0 0.75545 -0.47116
2097 419 7 0.417 0.0 -0.75545 -0.47116
2098 420 6 -0.834 0.0 0.0 0.11779
2099 420 7 0.417 0.0 0.75545 -0.47116
2100 420 7 0.417 0.0 -0.75545 -0.47116
2101 421 6 -0.834 0.0 0.0 0.11779
2102 421 7 0.417 0.0 0.75545 -0.47116
2103 421 7 0.417 0.0 -0.75545 -0.47116
2104 422 6 -0.834 0.0 0.0 0.11779
2105 422 7 0.417 0.0 0.75545 -0.47116
2106 422 7 0.417 0.0 -0.75545 -0.47116
2107 423 6 -0.834 0.0 0.0 0.11779
2108 423 7 0.417 0.0 0.75545 -0.47116
2109 423 7 0.417 0.0 -0.75545 -0.47116
2110 424 6 -0.834 0.0 0.0 0.11779
2111 424 7 0.417 0.0 0.75545 -0.47116
2112 424 7 0.417 0.0 -0.75545 -0.47116
2113 425 6 -0.834 0.0 0.0 0.11779
2114 425 7 0.417 0.0 0.75545 -0.47116
2115 425 7 0.417 0.0 -0.75545 -0.47116
2116 426 6 -0.834 0.0 0.0 0.11779
2117 426 7 0.417 0.0 0.75545 -0.47116
2118 426 7 0.417 0.0 -0.75545 -0.47116
2119 427 6 -0.834 0.0 0.0 0.11779
2120 427 7 0.417 0.0 0.75545 -0.47116
2121 427 7 0.417 0.0 -0.75545 -0.47116
2122 428 6 -0.834 0.0 0.0 0.11779
2123 428 7 0.417 0.0 0.75545 -0.47116
2124 428 7 0.417 0.0 -0.75545 -0.47116
2125 429 6 -0.834 0.0 0.0 0.11779
2126 429 7 0.417 0.0 0.75545 -0.47116
2127 429 7 0.417 0.0 -0.75545 -0.47116
2128 430 6 -0.834 0.0 0.0 0.11779
2129 430 7 0.417 0.0 0.75545 -0.47116
2130 430 7 0.417 0.0 -0.75545 -0.47116
2131 431 6 -0.834 0.0 0.0 0.11779
2132 431 7 0.417 0.0 0.75545 -0.47116
2133 431 7 0.417 0.0 -0.75545 -0.47116
2134 432 6 -0.834 0.0 0.0 0.11779
2135 432 7 0.417 0.0 0.75545 -0.47116
2136 432 7 0.417 0.0 -0.75545 -0.47116
2137 433 6 -0.834 0.0 0.0 0.11779
2138 433 7 0.417 0.0 0.75545 -0.47116
2139 433 7 0.417 0.0 -0.75545 -0.47116
2140 434 6 -0.834 0.0 0.0 0.11779
2141 434 7 0.417 0.0 0.75545 -0.47116
2142 434 7 0.417 0.0 -0.75545 -0.47116
2143 435 6 -0.834 0.0 0.0 0.11779
2144 435 7 0.417 0.0 0.75545 -0.47116
2145 435 7 0.417 0.0 -0.75545 -0.47116
2146 436 6 -0.834 0.0 0.0 0.11779
2147 436 7 0.417 0.0 0.75545 -0.47116
2148 436 7 0.417 0.0 -0.75545 -0.47116
2149 437 6 -0.834 0.0 0.0 0.11779
2150 437 7 0.417 0.0 0.75545 -0.47116
2151 437 7 0.417 0.0 -0.75545 -0.47116
2152 438 6 -0.834 0.0 0.0 0.11779
2153 438 7 0.417 0.0 0.75545 -0.47116
2154 438 7 0.417 0.0 -0.75545 -0.47116
2155 439 6 -0.834 0.0 0.0 0.11779
2156 439 7 0.417 0.0 0.75545 -0.47116
2157 439 7 0.417 0.0 -0.75545 -0.47116
2158 440 6 -0.834 0.0 0.0 0.11779
2159 440 7 0.417 0.0 0.75545 -0.47116
2160 440 7 0.417 0.0 -0.75545 -0.47116
2161 441 6 -0.834 0.0 0.0 0.11779
2162 441 7 0.417 0.0 0.75545 -0.47116
2163 441 7 0.417 0.0 -0.75545 -0.47116
2164 442 6 -0.834 0.0 0.0 0.11779
2165 442 7 0.417 0.0 0.75545 -0.47116
2166 442 7 0.417 0.0 -0.75545 -0.47116
2167 443 6 -0.834 0.0 0.0 0.11779
2168 443 7 0.417 0.0 0.75545 -0.47116
2169 443 7 0.417 0.0 -0.75545 -0.47116
2170 444 6 -0.834 0.0 0.0 0.11779
2171 444 7 0.417 0.0 0.75545 -0.47116
2172 444 7 0.417 0.0 -0.75545 -0.47116
2173 445 6 -0.834 0.0 0.0 0.11779
2174 445 7 0.417 0.0 0.75545 -0.47116
2175 445 7 0.417 0.0 -0.75545 -0.47116
2176 446 6 -0.834 0.0 0.0 0.11779
2177 446 7 0.417 0.0 0.75545 -0.47116
2178 446 7 0.417 0.0 -0.75545 -0.47116
2179 447 6 -0.834 0.0 0.0 0.11779
2180 447 7 0.417 0.0 0.75545 -0.47116
2181 447 7 0.417 0.0 -0.75545 -0.47116
2182 448 6 -0.834 0.0 0.0 0.11779
2183 448 7 0.417 0.0 0.75545 -0.47116
2184 448 7 0.417 0.0 -0.75545 -0.47116
2185 449 6 -0.834 0.0 0.0 0.11779
2186 449 7 0.417 0.0 0.75545 -0.47116
2187 449 7 0.417 0.0 -0.75545 -0.47116
2188 450 6 -0.834 0.0 0.0 0.11779
2189 450 7 0.417 0.0 0.75545 -0.47116
2190 450 7 0.417 0.0 -0.75545 -0.47116
2191 451 6 -0.834 0.0 0.0 0.11779
2192 451 7 0.417 0.0 0.75545 -0.47116
2193 451 7 0.417 0.0 -0.75545 -0.47116
2194 452 6 -0.834 0.0 0.0 0.11779
2195 452 7 0.417 0.0 0.75545 -0.47116
2196 452 7 0.417 0.0 -0.75545 -0.47116
2197 453 6 -0.834 0.0 0.0 0.11779
2198 453 7 0.417 0.0 0.75545 -0.47116
2199 453 7 0.417 0.0 -0.75545 -0.47116
2200 454 6 -0.834 0.0 0.0 0.11779
2201 454 7 0.417 0.0 0.75545 -0.47116
2202 454 7 0.417 0.0 -0.75545 -0.47116
2203 455 6 -0.834 0.0 0.0 0.11779
2204 455 7 0.417 0.0 0.75545 -0.47116
2205 455 7 0.417 0.0 -0.75545 -0.47116
2206 456 6 -0.834 0.0 0.0 0.11779
2207 456 7 0.417 0.0 0.75545 -0.47116
2208 456 7 0.417 0.0 -0.75545 -0.47116
2209 457 6 -0.834 0.0 0.0 0.11779
2210 457 7 0.417 0.0 0.75545 -0.47116
2211 457 7 0.417 0.0 -0.75545 -0.47116
2212 458 6 -0.834 0.0 0.0 0.11779
2213 458 7 0.417 0.0 0.75545 -0.47116
2214 458 7 0.417 0.0 -0.75545 -0.47116
2215 459 6 -0.834 0.0 0.0 0.11779
2216 459 7 0.417 0.0 0.75545 -0.47116
2217 459 7 0.417 0.0 -0.75545 -0.47116
2218 460 6 -0.834 0.0 0.0 0.11779
2219 460 7 0.417 0.0 0.75545 -0.47116
2220 460 7 0.417 0.0 -0.75545 -0.47116
2221 461 6 -0.834 0.0 0.0 0.11779
2222 461 7 0.417 0.0 0.75545 -0.47116
2223 461 7 0.417 0.0 -0.75545 -0.47116
2224 462 6 -0.834 0.0 0.0 0.11779
2225 462 7 0.417 0.0 0.75545 -0.47116
2226 462 7 0.417 0.0 -0.75545 -0.47116
2227 463 6 -0.834 0.0 0.0 0.11779
2228 463 7 0.417 0.0 0.75545 -0.47116
2229 463 7 0.417 0.0 -0.75545 -0.47116
2230 464 6 -0.834 0.0 0.0 0.11779
2231 464 7 0.417 0.0 0.75545 -0.47116
2232 464 7 0.417 0.0 -0.75545 -0.47116
2233 465 6 -0.834 0.0 0.0 0.11779
2234 465 7 0.417 0.0 0.75545 -0.47116
2235 465 7 0.417 0.0 -0.75545 -0.47116
2236 466 6 -0.834 0.0 0.0 0.11779
2237 466 7 0.417 0.0 0.75545 -0.47116
2238 466 7 0.417 0.0 -0.75545 -0.47116
2239 467 6 -0.834 0.0 0.0 0.11779
2240 467 7 0.417 0.0 0.75545 -0.47116
2241 467 7 0.417 0.0 -0.75545 -0.47116
2242 468 6 -0.834 0.0 0.0 0.11779
2243 468 7 0.417 0.0 0.75545 -0.47116
2244 468 7 0.417 0.0 -0.75545 -0.47116
2245 469 6 -0.834 0.0 0.0 0.11779
2246 469 7 0.417 0.0 0.75545 -0.47116
2247 469 7 0.417 0.0 -0.75545 -0.47116
2248 470 6 -0.834 0.0 0.0 0.11779
2249 470 7 0.417 0.0 0.75545 -0.47116
2250 470 7 0.417 0.0 -0.75545 -0.47116
2251 471 6 -0.834 0.0 0.0 0.11779
2252 471 7 0.417 0.0 0.75545 -0.47116
2253 471 7 0.417 0.0 -0.75545 -0.47116
2254 472 6 -0.834 0.0 0.0 0.11779
2255 472 7 0.417 0.0 0.75545 -0.47116
2256 472 7 0.417 0.0 -0.75545 -0.47116
2257 473 6 -0.834 0.0 0.0 0.11779
2258 473 7 0.417 0.0 0.75545 -0.47116
2259 473 7 0.417 0.0 -0.75545 -0.47116
2260 474 6 -0.834 0.0 0.0 0.11779
2261 474 7 0.417 0.0 0.75545 -0.47116
2262 474 7 0.417 0.0 -0.75545 -0.47116
2263 475 6 -0.834 0.0 0.0 0.11779
2264 475 7 0.417 0.0 0.75545 -0.47116
2265 475 7 0.417 0.0 -0.75545 -0.47116
2266 476 6 -0.834 0.0 0.0 0.11779
2267 476 7 0.417 0.0 0.75545 -0.47116
2268 476 7 0.417 0.0 -0.75545 -0.47116
2269 477 6 -0.834 0.0 0.0 0.11779
2270 477 7 0.417 0.0 0.75545 -0.47116
2271 477 7 0.417 0.0 -0.75545 -0.47116
2272 478 6 -0.834 0.0 0.0 0.11779
2273 478 7 0.417 0.0 0.75545 -0.47116
2274 478 7 0.417 0.0 -0.75545 -0.47116
2275 479 6 -0.834 0.0 0.0 0.11779
2276 479 7 0.417 0.0 0.75545 -0.47116
2277 479 7 0.417 0.0 -0.75545 -0.47116
2278 480 6 -0.834 0.0 0.0 0.11779
2279 480 7 0.417 0.0 0.75545 -0.47116
2280 480 7 0.417 0.0 -0.75545 -0.47116
2281 481 6 -0.834 0.0 0.0 0.11779
2282 481 7 0.417 0.0 0.75545 -0.47116
2283 481 7 0.417 0.0 -0.75545 -0.47116
2284 482 6 -0.834 0.0 0.0 0.11779
2285 482 7 0.417 0.0 0.75545 -0.47116
2286 482 7 0.417 0.0 -0.75545 -0.47116
2287 483 6 -0.834 0.0 0.0 0.11779
2288 483 7 0.417 0.0 0.75545 -0.47116
2289 483 7 0.417 0.0 -0.75545 -0.47116
2290 484 6 -0.834 0.0 0.0 0.11779
2291 484 7 0.417 0.0 0.75545 -0.47116
2292 484 7 0.417 0.0 -0.75545 -0.47116
2293 485 6 -0.834 0.0 0.0 0.11779
2294 485 7 0.417 0.0 0.75545 -0.47116
2295 485 7 0.417 0.0 -0.75545 -0.47116
2296 486 6 -0.834 0.0 0.0 0.11779
2297 486 7 0.417 0.0 0.75545 -0.47116
2298 486 7 0.417 0.0 -0.75545 -0.47116
2299 487 6 -0.834 0.0 0.0 0.11779
2300 487 7 0.417 0.0 0.75545 -0.47116
2301 487 7 0.417 0.0 -0.75545 -0.47116
2302 488 6 -0.834 0.0 0.0 0.11779
2303 488 7 0.417 0.0 0.75545 -0.47116
2304 488 7 0.417 0.0 -0.75545 -0.47116
2305 489 6 -0.834 0.0 0.0 0.11779
2306 489 7 0.417 0.0 0.75545 -0.47116
2307 489 7 0.417 0.0 -0.75545 -0.47116
2308 490 6 -0.834 0.0 0.0 0.11779
2309 490 7 0.417 0.0 0.75545 -0.47116
2310 490 7 0.417 0.0 -0.75545 -0.47116
2311 491 6 -0.834 0.0 0.0 0.11779
2312 491 7 0.417 0.0 0.75545 -0.47116
2313 491 7 0.417 0.0 -0.75545 -0.47116
2314 492 6 -0.834 0.0 0.0 0.11779
2315 492 7 0.417 0.0 0.75545 -0.47116
2316 492 7 0.417 0.0 -0.75545 -0.47116
2317 493 6 -0.834 0.0 0.0 0.11779
2318 493 7 0.417 0.0 0.75545 -0.47116
2319 493 7 0.417 0.0 -0.75545 -0.47116
2320 494 6 -0.834 0.0 0.0 0.11779
2321 494 7 0.417 0.0 0.75545 -0.47116
2322 494 7 0.417 0.0 -0.75545 -0.47116
2323 495 6 -0.834 0.0 0.0 0.11779
2324 495 7 0.417 0.0 0.75545 -0.47116
2325 495 7 0.417 0.0 -0.75545 -0.47116
2326 496 6 -0.834 0.0 0.0 0.11779
2327 496 7 0.417 0.0 0.75545 -0.47116
2328 496 7 0.417 0.0 -0.75545 -0.47116
2329 497 6 -0.834 0.0 0.0 0.11779
2330 497 7 0.417 0.0 0.75545 -0.47116
2331 497 7 0.417 0.0 -0.75545 -0.47116
2332 498 6 -0.834 0.0 0.0 0.11779
2333 498 7 0.417 0.0 0.75545 -0.47116
2334 498 7 0.417 0.0 -0.75545 -0.47116
2335 499 6 -0.834 0.0 0.0 0.11779
2336 499 7 0.417 0.0 0.75545 -0.47116
2337 499 7 0.417 0.0 -0.75545 -0.47116
2338 500 6 -0.834 0.0 0.0 0.11779
2339 500 7 0.417 0.0 0.75545 -0.47116
2340 500 7 0.417 0.0 -0.75545 -0.47116
2341 501 6 -0.834 0.0 0.0 0.11779
2342 501 7 0.417 0.0 0.75545 -0.47116
2343 501 7 0.417 0.0 -0.75545 -0.47116
2344 502 6 -0.834 0.0 0.0 0.11779
2345 502 7 0.417 0.0 0.75545 -0.47116
2346 502 7 0.417 0.0 -0.75545 -0.47116
2347 503 6 -0.834 0.0 0.0 0.11779
2348 503 7 0.417 0.0 0.75545 -0.47116
2349 503 7 0.417 0.0 -0.75545 -0.47116
2350 504 6 -0.834 0.0 0.0 0.11779
2351 504 7 0.417 0.0 0.75545 -0.47116
2352 504 7 0.417 0.0 -0.75545 -0.47116
2353 505 6 -0.834 0.0 0.0 0.11779
2354 505 7 0.417 0.0 0.75545 -0.47116
2355 505 7 0.417 0.0 -0.75545 -0.47116
2356 506 6 -0.834 0.0 0.0 0.11779
2357 506 7 0.417 0.0 0.75545 -0.47116
2358 506 7 0.417 0.0 -0.75545 -0.47116
2359 507 6 -0.834 0.0 0.0 0.11779
2360 507 7 0.417 0.0 0.75545 -0.47116
2361 507 7 0.417 0.0 -0.75545 -0.47116
2362 508 6 -0.834 0.0 0.0 0.11779
2363 508 7 0.417 0.0 0.75545 -0.47116
2364 508 7 0.417 0.0 -0.75545 -0.47116
2365 509 6 -0.834 0.0 0.0 0.11779
2366 509 7 0.417 0.0 0.75545 -0.47116
2367 509 7 0.417 0.0 -0.75545 -0.47116
2368 510 6 -0.834 0.0 0.0 0.11779
2369 510 7 0.417 0.0 0.75545 -0.47116
2370 510 7 0.417 0.0 -0.75545 -0.47116
2371 511 6 -0.834 0.0 0.0 0.11779
2372 511 7 0.417 0.0 0.75545 -0.47116
2373 511 7 0.417 0.0 -0.75545 -0.47116
2374 512 6 -0.834 0.0 0.0 0.11779
2375 512 7 0.417 0.0 0.75545 -0.47116
2376 512 7 0.417 0.0 -0.75545 -0.47116
2377 513 6 -0.834 0.0 0.0 0.11779
2378 513 7 0.417 0.0 0.75545 -0.47116
2379 513 7 0.417 0.0 -0.75545 -0.47116
2380 514 6 -0.834 0.0 0.0 0.11779
2381 514 7 0.417 0.0 0.75545 -0.47116
2382 514 7 0.417 0.0 -0.75545 -0.47116
2383 515 6 -0.834 0.0 0.0 0.11779
2384 515 7 0.417 0.0 0.75545 -0.47116
2385 515 7 0.417 0.0 -0.75545 -0.47116
2386 516 6 -0.834 0.0 0.0 0.11779
2387 516 7 0.417 0.0 0.75545 -0.47116
2388 516 7 0.417 0.0 -0.75545 -0.47116
2389 517 6 -0.834 0.0 0.0 0.11779
2390 517 7 0.417 0.0 0.75545 -0.47116
2391 517 7 0.417 0.0 -0.75545 -0.47116
2392 518 6 -0.834 0.0 0.0 0.11779
2393 518 7 0.417 0.0 0.75545 -0.47116
2394 518 7 0.417 0.0 -0.75545 -0.47116
2395 519 6 -0.834 0.0 0.0 0.11779
2396 519 7 0.417 0.0 0.75545 -0.47116
2397 519 7 0.417 0.0 -0.75545 -0.47116
2398 520 6 -0.834 0.0 0.0 0.11779
2399 520 7 0.417 0.0 0.75545 -0.47116
2400 520 7 0.417 0.0 -0.75545 -0.47116
2401 521 6 -0.834 0.0 0.0 0.11779
2402 521 7 0.417 0.0 0.75545 -0.47116
2403 521 7 0.417 0.0 -0.75545 -0.47116
2404 522 6 -0.834 0.0 0.0 0.11779
2405 522 7 0.417 0.0 0.75545 -0.47116
2406 522 7 0.417 0.0 -0.75545 -0.47116
2407 523 6 -0.834 0.0 0.0 0.11779
2408 523 7 0.417 0.0 0.75545 -0.47116
2409 523 7 0.417 0.0 -0.75545 -0.47116
2410 524 6 -0.834 0.0 0.0 0.11779
2411 524 7 0.417 0.0 0.75545 -0.47116
2412 524 7 0.417 0.0 -0.75545 -0.47116
2413 525 6 -0.834 0.0 0.0 0.11779
2414 525 7 0.417 0.0 0.75545 -0.47116
2415 525 7 0.417 0.0 -0.75545 -0.47116
2416 526 6 -0.834 0.0 0.0 0.11779
2417 526 7 0.417 0.0 0.75545 -0.47116
2418 526 7 0.417 0.0 -0.75545 -0.47116
2419 527 6 -0.834 0.0 0.0 0.11779
2420 527 7 0.417 0.0 0.75545 -0.47116
2421 527 7 0.417 0.0 -0.75545 -0.47116
2422 528 6 -0.834 0.0 0.0 0.11779
2423 528 7 0.417 0.0 0.75545 -0.47116
2424 528 7 0.417 0.0 -0.75545 -0.47116
2425 529 6 -0.834 0.0 0.0 0.11779
2426 529 7 0.417 0.0 0.75545 -0.47116
2427 529 7 0.417 0.0 -0.75545 -0.47116
2428 530 6 -0.834 0.0 0.0 0.11779
2429 530 7 0.417 0.0 0.75545 -0.47116
2430 530 7 0.417 0.0 -0.75545 -0.47116
2431 531 6 -0.834 0.0 0.0 0.11779
2432 531 7 0.417 0.0 0.75545 -0.47116
2433 531 7 0.417 0.0 -0.75545 -0.47116
2434 532 6 -0.834 0.0 0.0 0.11779
2435 532 7 0.417 0.0 0.75545 -0.47116
2436 532 7 0.417 0.0 -0.75545 -0.47116
2437 533 6 -0.834 0.0 0.0 0.11779
2438 533 7 0.417 0.0 0.75545 -0.47116
2439 533 7 0.417 0.0 -0.75545 -0.47116
2440 534 6 -0.834 0.0 0.0 0.11779
2441 534 7 0.417 0.0 0.75545 -0.47116
2442 534 7 0.417 0.0 -0.75545 -0.47116
2443 535 6 -0.834 0.0 0.0 0.11779
2444 535 7 0.417 0.0 0.75545 -0.47116
2445 535 7 0.417 0.0 -0.75545 -0.47116
2446 536 6 -0.834 0.0 0.0 0.11779
2447 536 7 0.417 0.0 0.75545 -0.47116
2448 536 7 0.417 0.0 -0.75545 -0.47116
2449 537 6 -0.834 0.0 0.0 0.11779
2450 537 7 0.417 0.0 0.75545 -0.47116
2451 537 7 0.417 0.0 -0.75545 -0.47116
2452 538 6 -0.834 0.0 0.0 0.11779
2453 538 7 0.417 0.0 0.75545 -0.47116
2454 538 7 0.417 0.0 -0.75545 -0.47116
2455 539 6 -0.834 0.0 0.0 0.11779
2456 539 7 0.417 0.0 0.75545 -0.47116
2457 539 7 0.417 0.0 -0.75545 -0.47116
2458 540 6 -0.834 0.0 0.0 0.11779
2459 540 7 0.417 0.0 0.75545 -0.47116
2460 540 7 0.417 0.0 -0.75545 -0.47116
2461 541 6 -0.834 0.0 0.0 0.11779
2462 541 7 0.417 0.0 0.75545 -0.47116
2463 541 7 0.417 0.0 -0.75545 -0.47116
2464 542 6 -0.834 0.0 0.0 0.11779
2465 542 7 0.417 0.0 0.75545 -0.47116
2466 542 7 0.417 0.0 -0.75545 -0.47116
2467 543 6 -0.834 0.0 0.0 0.11779
2468 543 7 0.417 0.0 0.75545 -0.47116
2469 543 7 0.417 0.0 -0.75545 -0.47116
2470 544 6 -0.834 0.0 0.0 0.11779
2471 544 7 0.417 0.0 0.75545 -0.47116
2472 544 7 0.417 0.0 -0.75545 -0.47116
2473 545 6 -0.834 0.0 0.0 0.11779
2474 545 7 0.417 0.0 0.75545 -0.47116
2475 545 7 0.417 0.0 -0.75545 -0.47116
2476 546 6 -0.834 0.0 0.0 0.11779
2477 546 7 0.417 0.0 0.75545 -0.47116
2478 546 7 0.417 0.0 -0.75545 -0.47116
2479 547 6 -0.834 0.0 0.0 0.11779
2480 547 7 0.417 0.0 0.75545 -0.47116
2481 547 7 0.417 0.0 -0.75545 -0.47116
2482 548 6 -0.834 0.0 0.0 0.11779
2483 548 7 0.417 0.0 0.75545 -0.47116
2484 548 7 0.417 0.0 -0.75545 -0.47116
2485 549 6 -0.834 0.0 0.0 0.11779
2486 549 7 0.417 0.0 0.75545 -0.47116
2487 549 7 0.417 0.0 -0.75545 -0.47116
2488 550 6 -0.834 0.0 0.0 0.11779
2489 550 7 0.417 0.0 0.75545 -0.47116
2490 550 7 0.417 0.0 -0.75545 -0.47116
2491 551 6 -0.834 0.0 0.0 0.11779
2492 551 7 0.417 0.0 0.75545 -0.47116
2493 551 7 0.417 0.0 -0.75545 -0.47116
2494 552 6 -0.834 0.0 0.0 0.11779
2495 552 7 0.417 0.0 0.75545 -0.47116
2496 552 7 0.417 0.0 -0.75545 -0.47116
2497 553 6 -0.834 0.0 0.0 0.11779
2498 553 7 0.417 0.0 0.75545 -0.47116
2499 553 7 0.417 0.0 -0.75545 -0.47116
2500 554 6 -0.834 0.0 0.0 0.11779
2501 554 7 0.417 0.0 0.75545 -0.47116
2502 554 7 0.417 0.0 -0.75545 -0.47116
2503 555 6 -0.834 0.0 0.0 0.11779
2504 555 7 0.417 0.0 0.75545 -0.47116
2505 555 7 0.417 0.0 -0.75545 -0.47116
2506 556 6 -0.834 0.0 0.0 0.11779
2507 556 7 0.417 0.0 0.75545 -0.47116
2508 556 7 0.417 0.0 -0.75545 -0.47116
2509 557 6 -0.834 0.0 0.0 0.11779
2510 557 7 0.417 0.0 0.75545 -0.47116
2511 557 7 0.417 0.0 -0.75545 -0.47116
2512 558 6 -0.834 0.0 0.0 0.11779
2513 558 7 0.417 0.0 0.75545 -0.47116
2514 558 7 0.417 0.0 -0.75545 -0.47116
2515 559 6 -0.834 0.0 0.0 0.11779
2516 559 7 0.417 0.0 0.75545 -0.47116
2517 559 7 0.417 0.0 -0.75545 -0.47116
2518 560 6 -0.834 0.0 0.0 0.11779
2519 560 7 0.417 0.0 0.75545 -0.47116
2520 560 7 0.417 0.0 -0.75545 -0.47116
2521 561 6 -0.834 0.0 0.0 0.11779
2522 561 7 0.417 0.0 0.75545 -0.47116
2523 561 7 0.417 0.0 -0.75545 -0.47116
2524 562 6 -0.834 0.0 0.0 0.11779
2525 562 7 0.417 0.0 0.75545 -0.47116
2526 562 7 0.417 0.0 -0.75545 -0.47116
2527 563 6 -0.834 0.0 0.0 0.11779
2528 563 7 0.417 0.0 0.75545 -0.47116
2529 563 7 0.417 0.0 -0.75545 -0.47116
2530 564 6 -0.834 0.0 0.0 0.11779
2531 564 7 0.417 0.0 0.75545 -0.47116
2532 564 7 0.417 0.0 -0.75545 -0.47116
2533 565 6 -0.834 0.0 0.0 0.11779
2534 565 7 0.417 0.0 0.75545 -0.47116
2535 565 7 0.417 0.0 -0.75545 -0.47116
2536 566 6 -0.834 0.0 0.0 0.11779
2537 566 7 0.417 0.0 0.75545 -0.47116
2538 566 7 0.417 0.0 -0.75545 -0.47116
2539 567 6 -0.834 0.0 0.0 0.11779
2540 567 7 0.417 0.0 0.75545 -0.47116
2541 567 7 0.417 0.0 -0.75545 -0.47116
2542 568 6 -0.834 0.0 0.0 0.11779
2543 568 7 0.417 0.0 0.75545 -0.47116
2544 568 7 0.417 0.0 -0.75545 -0.47116
2545 569 6 -0.834 0.0 0.0 0.11779
2546 569 7 0.417 0.0 0.75545 -0.47116
2547 569 7 0.417 0.0 -0.75545 -0.47116
2548 570 6 -0.834 0.0 0.0 0.11779
2549 570 7 0.417 0.0 0.75545 -0.47116
2550 570 7 0.417 0.0 -0.75545 -0.47116
2551 571 6 -0.834 0.0 0.0 0.11779
2552 571 7 0.417 0.0 0.75545 -0.47116
2553 571 7 0.417 0.0 -0.75545 -0.47116
2554 572 6 -0.834 0.0 0.0 0.11779
2555 572 7 0.417 0.0 0.75545 -0.47116
2556 572 7 0.417 0.0 -0.75545 -0.47116
2557 573 6 -0.834 0.0 0.0 0.11779
2558 573 7 0.417 0.0 0.75545 -0.47116
2559 573 7 0.417 0.0 -0.75545 -0.47116
2560 574 6 -0.834 0.0 0.0 0.11779
2561 574 7 0.417 0.0 0.75545 -0.47116
2562 574 7 0.417 0.0 -0.75545 -0.47116
2563 575 6 -0.834 0.0 0.0 0.11779
2564 575 7 0.417 0.0 0.75545 -0.47116
2565 575 7 0.417 0.0 -0.75545 -0.47116
2566 576 6 -0.834 0.0 0.0 0.11779
2567 576 7 0.417 0.0 0.75545 -0.47116
2568 576 7 0.417 0.0 -0.75545 -0.47116
2569 577 6 -0.834 0.0 0.0 0.11779
2570 577 7 0.417 0.0 0.75545 -0.47116
2571 577 7 0.417 0.0 -0.75545 -0.47116
2572 578 6 -0.834 0.0 0.0 0.11779
2573 578 7 0.417 0.0 0.75545 -0.47116
2574 578 7 0.417 0.0 -0.75545 -0.47116
2575 579 6 -0.834 0.0 0.0 0.11779
2576 579 7 0.417 0.0 0.75545 -0.47116
2577 579 7 0.417 0.0 -0.75545 -0.47116
2578 580 6 -0.834 0.0 0.0 0.11779
2579 580 7 0.417 0.0 0.75545 -0.47116
2580 580 7 0.417 0.0 -0.75545 -0.47116
2581 581 6 -0.834 0.0 0.0 0.11779
2582 581 7 0.417 0.0 0.75545 -0.47116
2583 581 7 0.417 0.0 -0.75545 -0.47116
2584 582 6 -0.834 0.0 0.0 0.11779
2585 582 7 0.417 0.0 0.75545 -0.47116
2586 582 7 0.417 0.0 -0.75545 -0.47116
2587 583 6 -0.834 0.0 0.0 0.11779
2588 583 7 0.417 0.0 0.75545 -0.47116
2589 583 7 0.417 0.0 -0.75545 -0.47116
2590 584 6 -0.834 0.0 0.0 0.11779
2591 584 7 0.417 0.0 0.75545 -0.47116
2592 584 7 0.417 0.0 -0.75545 -0.47116
2593 585 6 -0.834 0.0 0.0 0.11779
2594 585 7 0.417 0.0 0.75545 -0.47116
2595 585 7 0.417 0.0 -0.75545 -0.47116
2596 586 6 -0.834 0.0 0.0 0.11779
2597 586 7 0.417 0.0 0.75545 -0.47116
2598 586 7 0.417 0.0 -0.75545 -0.47116
2599 587 6 -0.834 0.0 0.0 0.11779
2600 587 7 0.417 0.0 0.75545 -0.47116
2601 587 7 0.417 0.0 -0.75545 -0.47116
2602 588 6 -0.834 0.0 0.0 0.11779
2603 588 7 0.417 0.0 0.75545 -0.47116
2604 588 7 0.417 0.0 -0.75545 -0.47116
2605 589 6 -0.834 0.0 0.0 0.11779
2606 589 7 0.417 0.0 0.75545 -0.47116
2607 589 7 0.417 0.0 -0.75545 -0.47116
2608 590 6 -0.834 0.0 0.0 0.11779
2609 590 7 0.417 0.0 0.75545 -0.47116
2610 590 7 0.417 0.0 -0.75545 -0.47116
2611 591 6 -0.834 0.0 0.0 0.11779
2612 591 7 0.417 0.0 0.75545 -0.47116
2613 591 7 0.417 0.0 -0.75545 -0.47116
2614 592 6 -0.834 0.0 0.0 0.11779
2615 592 7 0.417 0.0 0.75545 -0.47116
2616 592 7 0.417 0.0 -0.75545 -0.47116
2617 593 6 -0.834 0.0 0.0 0.11779
2618 593 7 0.417 0.0 0.75545 -0.47116
2619 593 7 0.417 0.0 -0.75545 -0.47116
2620 594 6 -0.834 0.0 0.0 0.11779
2621 594 7 0.417 0.0 0.75545 -0.47116
2622 594 7 0.417 0.0 -0.75545 -0.47116
2623 595 6 -0.834 0.0 0.0 0.11779
2624 595 7 0.417 0.0 0.75545 -0.47116
2625 595 7 0.417 0.0 -0.75545 -0.47116
2626 596 6 -0.834 0.0 0.0 0.11779
2627 596 7 0.417 0.0 0.75545 -0.47116
2628 596 7 0.417 0.0 -0.75545 -0.47116
2629 597 6 -0.834 0.0 0.0 0.11779
2630 597 7 0.417 0.0 0.75545 -0.47116
2631 597 7 0.417 0.0 -0.75545 -0.47116
2632 598 6 -0.834 0.0 0.0 0.11779
2633 598 7 0.417 0.0 0.75545 -0.47116
2634 598 7 0.417 0.0 -0.75545 -0.47116
2635 599 6 -0.834 0.0 0.0 0.11779
2636 599 7 0.417 0.0 0.75545 -0.47116
2637 599 7 0.417 0.0 -0.75545 -0.47116
2638 600 6 -0.834 0.0 0.0 0.11779
2639 600 7 0.417 0.0 0.75545 -0.47116
2640 600 7 0.417 0.0 -0.75545 -0.47116
2641 601 6 -0.834 0.0 0.0 0.11779
2642 601 7 0.417 0.0 0.75545 -0.47116
2643 601 7 0.417 0.0 -0.75545 -0.47116
2644 602 6 -0.834 0.0 0.0 0.11779
2645 602 7 0.417 0.0 0.75545 -0.47116
2646 602 7 0.417 0.0 -0.75545 -0.47116
2647 603 6 -0.834 0.0 0.0 0.11779
2648 603 7 0.417 0.0 0.75545 -0.47116
2649 603 7 0.417 0.0 -0.75545 -0.47116
2650 604 6 -0.834 0.0 0.0 0.11779
2651 604 7 0.417 0.0 0.75545 -0.47116
2652 604 7 0.417 0.0 -0.75545 -0.47116
2653 605 6 -0.834 0.0 0.0 0.11779
2654 605 7 0.417 0.0 0.75545 -0.47116
2655 605 7 0.417 0.0 -0.75545 -0.47116
2656 606 6 -0.834 0.0 0.0 0.11779
2657 606 7 0.417 0.0 0.75545 -0.47116
2658 606 7 0.417 0.0 -0.75545 -0.47116
2659 607 6 -0.834 0.0 0.0 0.11779
2660 607 7 0.417 0.0 0.75545 -0.47116
2661 607 7 0.417 0.0 -0.75545 -0.47116
2662 608 6 -0.834 0.0 0.0 0.11779
2663 608 7 0.417 0.0 0.75545 -0.47116
2664 608 7 0.417 0.0 -0.75545 -0.47116
2665 609 6 -0.834 0.0 0.0 0.11779
2666 609 7 0.417 0.0 0.75545 -0.47116
2667 609 7 0.417 0.0 -0.75545 -0.47116
2668 610 6 -0.834 0.0 0.0 0.11779
2669 610 7 0.417 0.0 0.75545 -0.47116
2670 610 7 0.417 0.0 -0.75545 -0.47116
2671 611 6 -0.834 0.0 0.0 0.11779
2672 611 7 0.417 0.0 0.75545 -0.47116
2673 611 7 0.417 0.0 -0.75545 -0.47116
2674 612 6 -0.834 0.0 0.0 0.11779
2675 612 7 0.417 0.0 0.75545 -0.47116
2676 612 7 0.417 0.0 -0.75545 -0.47116
2677 613 6 -0.834 0.0 0.0 0.11779
2678 613 7 0.417 0.0 0.75545 -0.47116
2679 613 7 0.417 0.0 -0.75545 -0.47116
2680 614 6 -0.834 0.0 0.0 0.11779
2681 614 7 0.417 0.0 0.75545 -0.47116
2682 614 7 0.417 0.0 -0.75545 -0.47116
2683 615 6 -0.834 0.0 0.0 0.11779
2684 615 7 0.417 0.0 0.75545 -0.47116
2685 615 7 0.417 0.0 -0.75545 -0.47116
2686 616 6 -0.834 0.0 0.0 0.11779
2687 616 7 0.417 0.0 0.75545 -0.47116
2688 616 7 0.417 0.0 -0.75545 -0.47116
2689 617 6 -0.834 0.0 0.0 0.11779
2690 617 7 0.417 0.0 0.75545 -0.47116
2691 617 7 0.417 0.0 -0.75545 -0.47116
2692 618 6 -0.834 0.0 0.0 0.11779
2693 618 7 0.417 0.0 0.75545 -0.47116
2694 618 7 0.417 0.0 -0.75545 -0.47116
2695 619 6 -0.834 0.0 0.0 0.11779
2696 619 7 0.417 0.0 0.75545 -0.47116
2697 619 7 0.417 0.0 -0.75545 -0.47116
2698 620 6 -0.834 0.0 0.0 0.11779
2699 620 7 0.417 0.0 0.75545 -0.47116
2700 620 7 0.417 0.0 -0.75545 -0.47116
2701 621 6 -0.834 0.0 0.0 0.11779
2702 621 7 0.417 0.0 0.75545 -0.47116
2703 621 7 0.417 0.0 -0.75545 -0.47116
2704 622 6 -0.834 0.0 0.0 0.11779
2705 622 7 0.417 0.0 0.75545 -0.47116
2706 622 7 0.417 0.0 -0.75545 -0.47116
2707 623 6 -0.834 0.0 0.0 0.11779
2708 623 7 0.417 0.0 0.75545 -0.47116
2709 623 7 0.417 0.0 -0.75545 -0.47116
2710 624 6 -0.834 0.0 0.0 0.11779
2711 624 7 0.417 0.0 0.75545 -0.47116
2712 624 7 0.417 0.0 -0.75545 -0.47116
2713 625 6 -0.834 0.0 0.0 0.11779
2714 625 7 0.417 0.0 0.75545 -0.47116
2715 625 7 0.417 0.0 -0.75545 -0.47116
2716 626 6 -0.834 0.0 0.0 0.11779
2717 626 7 0.417 0.0 0.75545 -0.47116
2718 626 7 0.417 0.0 -0.75545 -0.47116
2719 627 6 -0.834 0.0 0.0 0.11779
2720 627 7 0.417 0.0 0.75545 -0.47116
2721 627 7 0.417 0.0 -0.75545 -0.47116
2722 628 6 -0.834 0.0 0.0 0.11779
2723 628 7 0.417 0.0 0.75545 -0.47116
2724 628 7 0.417 0.0 -0.75545 -0.47116
2725 629 6 -0.834 0.0 0.0 0.11779
2726 629 7 0.417 0.0 0.75545 -0.47116
2727 629 7 0.417 0.0 -0.75545 -0.47116
2728 630 6 -0.834 0.0 0.0 0.11779
2729 630 7 0.417 0.0 0.75545 -0.47116
2730 630 7 0.417 0.0 -0.75545 -0.47116
2731 631 6 -0.834 0.0 0.0 0.11779
2732 631 7 0.417 0.0 0.75545 -0.47116
2733 631 7 0.417 0.0 -0.75545 -0.47116
2734 632 6 -0.834 0.0 0.0 0.11779
2735 632 7 0.417 0.0 0.75545 -0.47116
2736 632 7 0.417 0.0 -0.75545 -0.47116
2737 633 6 -0.834 0.0 0.0 0.11779
2738 633 7 0.417 0.0 0.75545 -0.47116
2739 633 7 0.417 0.0 -0.75545 -0.47116
2740 634 6 -0.834 0.0 0.0 0.11779
2741 634 7 0.417 0.0 0.75545 -0.47116
2742 634 7 0.417 0.0 -0.75545 -0.47116
2743 635 6 -0.834 0.0 0.0 0.11779
2744 635 7 0.417 0.0 0.75545 -0.47116
2745 635 7 0.417 0.0 -0.75545 -0.47116
2746 636 6 -0.834 0.0 0.0 0.11779
2747 636 7 0.417 0.0 0.75545 -0.47116
2748 636 7 0.417 0.0 -0.75545 -0.47116
2749 637 6 -0.834 0.0 0.0 0.11779
2750 637 7 0.417 0.0 0.75545 -0.47116
2751 637 7 0.417 0.0 -0.75545 -0.47116
2752 638 6 -0.834 0.0 0.0 0.11779
2753 638 7 0.417 0.0 0.75545 -0.47116
2754 638 7 0.417 0.0 -0.75545 -0.47116
2755 639 6 -0.834 0.0 0.0 0.11779
2756 639 7 0.417 0.0 0.75545 -0.47116
2757 639 7 0.417 0.0 -0.75545 -0.47116
2758 640 6 -0.834 0.0 0.0 0.11779
2759 640 7 0.417 0.0 0.75545 -0.47116
2760 640 7 0.417 0.0 -0.75545 -0.47116
2761 641 6 -0.834 0.0 0.0 0.11779
2762 641 7 0.417 0.0 0.75545 -0.47116
2763 641 7 0.417 0.0 -0.75545 -0.47116
2764 642 6 -0.834 0.0 0.0 0.11779
2765 642 7 0.417 0.0 0.75545 -0.47116
2766 642 7 0.417 0.0 -0.75545 -0.47116
2767 643 6 -0.834 0.0 0.0 0.11779
2768 643 7 0.417 0.0 0.75545 -0.47116
2769 643 7 0.417 0.0 -0.75545 -0.47116
2770 644 6 -0.834 0.0 0.0 0.11779
2771 644 7 0.417 0.0 0.75545 -0.47116
2772 644 7 0.417 0.0 -0.75545 -0.47116
2773 645 6 -0.834 0.0 0.0 0.11779
2774 645 7 0.417 0.0 0.75545 -0.47116
2775 645 7 0.417 0.0 -0.75545 -0.47116
2776 646 6 -0.834 0.0 0.0 0.11779
2777 646 7 0.417 0.0 0.75545 -0.47116
2778 646 7 0.417 0.0 -0.75545 -0.47116
2779 647 6 -0.834 0.0 0.0 0.11779
2780 647 7 0.417 0.0 0.75545 -0.47116
2781 647 7 0.417 0.0 -0.75545 -0.47116
2782 648 6 -0.834 0.0 0.0 0.11779
2783 648 7 0.417 0.0 0.75545 -0.47116
2784 648 7 0.417 0.0 -0.75545 -0.47116
2785 649 6 -0.834 0.0 0.0 0.11779
2786 649 7 0.417 0.0 0.75545 -0.47116
2787 649 7 0.417 0.0 -0.75545 -0.47116
2788 650 6 -0.834 0.0 0.0 0.11779
2789 650 7 0.417 0.0 0.75545 -0.47116
2790 650 7 0.417 0.0 -0.75545 -0.47116
2791 651 6 -0.834 0.0 0.0 0.11779
2792 651 7 0.417 0.0 0.75545 -0.47116
2793 651 7 0.417 0.0 -0.75545 -0.47116
2794 652 6 -0.834 0.0 0.0 0.11779
2795 652 7 0.417 0.0 0.75545 -0.47116
2796 652 7 0.417 0.0 -0.75545 -0.47116
2797 653 6 -0.834 0.0 0.0 0.11779
2798 653 7 0.417 0.0 0.75545 -0.47116
2799 653 7 0.417 0.0 -0.75545 -0.47116
2800 654 6 -0.834 0.0 0.0 0.11779
2801 654 7 0.417 0.0 0.75545 -0.47116
2802 654 7 0.417 0.0 -0.75545 -0.47116
2803 655 6 -0.834 0.0 0.0 0.11779
2804 655 7 0.417 0.0 0.75545 -0.47116
2805 655 7 0.417 0.0 -0.75545 -0.47116
2806 656 6 -0.834 0.0 0.0 0.11779
2807 656 7 0.417 0.0 0.75545 -0.47116
2808 656 7 0.417 0.0 -0.75545 -0.47116
2809 657 6 -0.834 0.0 0.0 0.11779
2810 657 7 0.417 0.0 0.75545 -0.47116
2811 657 7 0.417 0.0 -0.75545 -0.47116
2812 658 6 -0.834 0.0 0.0 0.11779
2813 658 7 0.417 0.0 0.75545 -0.47116
2814 658 7 0.417 0.0 -0.75545 -0.47116
2815 659 6 -0.834 0.0 0.0 0.11779
2816 659 7 0.417 0.0 0.75545 -0.47116
2817 659 7 0.417 0.0 -0.75545 -0.47116
2818 660 6 -0.834 0.0 0.0 0.11779
2819 660 7 0.417 0.0 0.75545 -0.47116
2820 660 7 0.417 0.0 -0.75545 -0.47116
2821 661 6 -0.834 0.0 0.0 0.11779
2822 661 7 0.417 0.0 0.75545 -0.47116
2823 661 7 0.417 0.0 -0.75545 -0.47116
2824 662 6 -0.834 0.0 0.0 0.11779
2825 662 7 0.417 0.0 0.75545 -0.47116
2826 662 7 0.417 0.0 -0.75545 -0.47116
2827 663 6 -0.834 0.0 0.0 0.11779
2828 663 7 0.417 0.0 0.75545 -0.47116
2829 663 7 0.417 0.0 -0.75545 -0.47116
2830 664 6 -0.834 0.0 0.0 0.11779
2831 664 7 0.417 0.0 0.75545 -0.47116
2832 664 7 0.417 0.0 -0.75545 -0.47116
2833 665 6 -0.834 0.0 0.0 0.11779
2834 665 7 0.417 0.0 0.75545 -0.47116
2835 665 7 0.417 0.0 -0.75545 -0.47116
2836 666 6 -0.834 0.0 0.0 0.11779
2837 666 7 0.417 0.0 0.75545 -0.47116
2838 666 7 0.417 0.0 -0.75545 -0.47116
2839 667 6 -0.834 0.0 0.0 0.11779
2840 667 7 0.417 0.0 0.75545 -0.47116
2841 667 7 0.417 0.0 -0.75545 -0.47116
2842 668 6 -0.834 0.0 0.0 0.11779
2843 668 7 0.417 0.0 0.75545 -0.47116
2844 668 7 0.417 0.0 -0.75545 -0.47116
2845 669 6 -0.834 0.0 0.0 0.11779
2846 669 7 0.417 0.0 0.75545 -0.47116
2847 669 7 0.417 0.0 -0.75545 -0.47116
2848 670 6 -0.834 0.0 0.0 0.11779
2849 670 7 0.417 0.0 0.75545 -0.47116
2850 670 7 0.417 0.0 -0.75545 -0.47116
2851 671 6 -0.834 0.0 0.0 0.11779
2852 671 7 0.417 0.0 0.75545 -0.47116
2853 671 7 0.417 0.0 -0.75545 -0.47116
2854 672 6 -0.834 0.0 0.0 0.11779
2855 672 7 0.417 0.0 0.75545 -0.47116
2856 672 7 0.417 0.0 -0.75545 -0.47116
2857 673 6 -0.834 0.0 0.0 0.11779
2858 673 7 0.417 0.0 0.75545 -0.47116
2859 673 7 0.417 0.0 -0.75545 -0.47116
2860 674 6 -0.834 0.0 0.0 0.11779
2861 674 7 0.417 0.0 0.75545 -0.47116
2862 674 7 0.417 0.0 -0.75545 -0.47116
2863 675 6 -0.834 0.0 0.0 0.11779
2864 675 7 0.417 0.0 0.75545 -0.47116
2865 675 7 0.417 0.0 -0.75545 -0.47116
2866 676 6 -0.834 0.0 0.0 0.11779
2867 676 7 0.417 0.0 0.75545 -0.47116
2868 676 7 0.417 0.0 -0.75545 -0.47116
2869 677 6 -0.834 0.0 0.0 0.11779
2870 677 7 0.417 0.0 0.75545 -0.47116
2871 677 7 0.417 0.0 -0.75545 -0.47116
2872 678 6 -0.834 0.0 0.0 0.11779
2873 678 7 0.417 0.0 0.75545 -0.47116
2874 678 7 0.417 0.0 -0.75545 -0.47116
2875 679 6 -0.834 0.0 0.0 0.11779
2876 679 7 0.417 0.0 0.75545 -0.47116
2877 679 7 0.417 0.0 -0.75545 -0.47116
2878 680 6 -0.834 0.0 0.0 0.11779
2879 680 7 0.417 0.0 0.75545 -0.47116
2880 680 7 0.417 0.0 -0.75545 -0.47116
2881 681 6 -0.834 0.0 0.0 0.11779
2882 681 7 0.417 0.0 0.75545 -0.47116
2883 681 7 0.417 0.0 -0.75545 -0.47116
2884 682 6 -0.834 0.0 0.0 0.11779
2885 682 7 0.417 0.0 0.75545 -0.47116
2886 682 7 0.417 0.0 -0.75545 -0.47116
2887 683 6 -0.834 0.0 0.0 0.11779
2888 683 7 0.417 0.0 0.75545 -0.47116
2889 683 7 0.417 0.0 -0.75545 -0.47116
2890 684 6 -0.834 0.0 0.0 0.11779
2891 684 7 0.417 0.0 0.75545 -0.47116
2892 684 7 0.417 0.0 -0.75545 -0.47116
2893 685 6 -0.834 0.0 0.0 0.11779
2894 685 7 0.417 0.0 0.75545 -0.47116
2895 685 7 0.417 0.0 -0.75545 -0.47116
2896 686 6 -0.834 0.0 0.0 0.11779
2897 686 7 0.417 0.0 0.75545 -0.47116
2898 686 7 0.417 0.0 -0.75545 -0.47116
2899 687 6 -0.834 0.0 0.0 0.11779
2900 687 7 0.417 0.0 0.75545 -0.47116
2901 687 7 0.417 0.0 -0.75545 -0.47116
2902 688 6 -0.834 0.0 0.0 0.11779
2903 688 7 0.417 0.0 0.75545 -0.47116
2904 688 7 0.417 0.0 -0.75545 -0.47116
2905 689 6 -0.834 0.0 0.0 0.11779
2906 689 7 0.417 0.0 0.75545 -0.47116
2907 689 7 0.417 0.0 -0.75545 -0.47116
2908 690 6 -0.834 0.0 0.0 0.11779
2909 690 7 0.417 0.0 0.75545 -0.47116
2910 690 7 0.417 0.0 -0.75545 -0.47116
2911 691 6 -0.834 0.0 0.0 0.11779
2912 691 7 0.417 0.0 0.75545 -0.47116
2913 691 7 0.417 0.0 -0.75545 -0.47116
2914 692 6 -0.834 0.0 0.0 0.11779
2915 692 7 0.417 0.0 0.75545 -0.47116
2916 692 7 0.417 0.0 -0.75545 -0.47116
2917 693 6 -0.834 0.0 0.0 0.11779
2918 693 7 0.417 0.0 0.75545 -0.47116
2919 693 7 0.417 0.0 -0.75545 -0.47116
2920 694 6 -0.834 0.0 0.0 0.11779
2921 694 7 0.417 0.0 0.75545 -0.47116
2922 694 7 0.417 0.0 -0.75545 -0.47116
2923 695 6 -0.834 0.0 0.0 0.11779
2924 695 7 0.417 0.0 0.75545 -0.47116
2925 695 7 0.417 0.0 -0.75545 -0.47116
2926 696 6 -0.834 0.0 0.0 0.11779
2927 696 7 0.417 0.0 0.75545 -0.47116
2928 696 7 0.417 0.0 -0.75545 -0.47116
2929 697 6 -0.834 0.0 0.0 0.11779
2930 697 7 0.417 0.0 0.75545 -0.47116
2931 697 7 0.417 0.0 -0.75545 -0.47116
2932 698 6 -0.834 0.0 0.0 0.11779
2933 698 7 0.417 0.0 0.75545 -0.47116
2934 698 7 0.417 0.0 -0.75545 -0.47116
2935 699 6 -0.834 0.0 0.0 0.11779
2936 699 7 0.417 0.0 0.75545 -0.47116
2937 699 7 0.417 0.0 -0.75545 -0.47116
2938 700 6 -0.834 0.0 0.0 0.11779
2939 700 7 0.417 0.0 0.75545 -0.47116
2940 700 7 0.417 0.0 -0.75545 -0.47116
2941 701 6 -0.834 0.0 0.0 0.11779
2942 701 7 0.417 0.0 0.75545 -0.47116
2943 701 7 0.417 0.0 -0.75545 -0.47116
2944 702 6 -0.834 0.0 0.0 0.11779
2945 702 7 0.417 0.0 0.75545 -0.47116
2946 702 7 0.417 0.0 -0.75545 -0.47116
2947 703 6 -0.834 0.0 0.0 0.11779
2948 703 7 0.417 0.0 0.75545 -0.47116
2949 703 7 0.417 0.0 -0.75545 -0.47116
2950 704 6 -0.834 0.0 0.0 0.11779
2951 704 7 0.417 0.0 0.75545 -0.47116
2952 704 7 0.417 0.0 -0.75545 -0.47116
2953 705 6 -0.834 0.0 0.0 0.11779
2954 705 7 0.417 0.0 0.75545 -0.47116
2955 705 7 0.417 0.0 -0.75545 -0.47116
2956 706 6 -0.834 0.0 0.0 0.11779
2957 706 7 0.417 0.0 0.75545 -0.47116
2958 706 7 0.417 0.0 -0.75545 -0.47116
2959 707 6 -0.834 0.0 0.0 0.11779
2960 707 7 0.417 0.0 0.75545 -0.47116
2961 707 7 0.417 0.0 -0.75545 -0.47116
2962 708 6 -0.834 0.0 0.0 0.11779
2963 708 7 0.417 0.0 0.75545 -0.47116
2964 708 7 0.417 0.0 -0.75545 -0.47116
2965 709 6 -0.834 0.0 0.0 0.11779
2966 709 7 0.417 0.0 0.75545 -0.47116
2967 709 7 0.417 0.0 -0.75545 -0.47116
2968 710 6 -0.834 0.0 0.0 0.11779
2969 710 7 0.417 0.0 0.75545 -0.47116
2970 710 7 0.417 0.0 -0.75545 -0.47116
2971 711 6 -0.834 0.0 0.0 0.11779
2972 711 7 0.417 0.0 0.75545 -0.47116
2973 711 7 0.417 0.0 -0.75545 -0.47116
2974 712 6 -0.834 0.0 0.0 0.11779
2975 712 7 0.417 0.0 0.75545 -0.47116
2976 712 7 0.417 0.0 -0.75545 -0.47116
2977 713 6 -0.834 0.0 0.0 0.11779
2978 713 7 0.417 0.0 0.75545 -0.47116
2979 713 7 0.417 0.0 -0.75545 -0.47116
2980 714 6 -0.834 0.0 0.0 0.11779
2981 714 7 0.417 0.0 0.75545 -0.47116
2982 714 7 0.417 0.0 -0.75545 -0.47116
2983 715 6 -0.834 0.0 0.0 0.11779
2984 715 7 0.417 0.0 0.75545 -0.47116
2985 715 7 0.417 0.0 -0.75545 -0.47116
2986 716 6 -0.834 0.0 0.0 0.11779
2987 716 7 0.417 0.0 0.75545 -0.47116
2988 716 7 0.417 0.0 -0.75545 -0.47116
2989 717 6 -0.834 0.0 0.0 0.11779
2990 717 7 0.417 0.0 0.75545 -0.47116
2991 717 7 0.417 0.0 -0.75545 -0.47116
2992 718 6 -0.834 0.0 0.0 0.11779
2993 718 7 0.417 0.0 0.75545 -0.47116
2994 718 7 0.417 0.0 -0.75545 -0.47116
2995 719 6 -0.834 0.0 0.0 0.11779
2996 719 7 0.417 0.0 0.75545 -0.47116
2997 719 7 0.417 0.0 -0.75545 -0.47116
2998 720 6 -0.834 0.0 0.0 0.11779
2999 720 7 0.417 0.0 0.75545 -0.47116
3000 720 7 0.417 0.0 -0.75545 -0.47116
3001 721 6 -0.834 0.0 0.0 0.11779
3002 721 7 0.417 0.0 0.75545 -0.47116
3003 721 7 0.417 0.0 -0.75545 -0.47116
3004 722 6 -0.834 0.0 0.0 0.11779
3005 722 7 0.417 0.0 0.75545 -0.47116
3006 722 7 0.417 0.0 -0.75545 -0.47116
3007 723 6 -0.834 0.0 0.0 0.11779
3008 723 7 0.417 0.0 0.75545 -0.47116
3009 723 7 0.417 0.0 -0.75545 -0.47116
3010 724 6 -0.834 0.0 0.0 0.11779
3011 724 7 0.417 0.0 0.75545 -0.47116
3012 724 7 0.417 0.0 -0.75545 -0.47116
3013 725 6 -0.834 0.0 0.0 0.11779
3014 725 7 0.417 0.0 0.75545 -0.47116
3015 725 7 0.417 0.0 -0.75545 -0.47116
3016 726 6 -0.834 0.0 0.0 0.11779
3017 726 7 0.417 0.0 0.75545 -0.47116
3018 726 7 0.417 0.0 -0.75545 -0.47116
3019 727 6 -0.834 0.0 0.0 0.11779
3020 727 7 0.417 0.0 0.75545 -0.47116
3021 727 7 0.417 0.0 -0.75545 -0.47116
3022 728 6 -0.834 0.0 0.0 0.11779
3023 728 7 0.417 0.0 0.75545 -0.47116
3024 728 7 0.417 0.0 -0.75545 -0.47116
3025 729 6 -0.834 0.0 0.0 0.11779
3026 729 7 0.417 0.0 0.75545 -0.47116
3027 729 7 0.417 0.0 -0.75545 -0.47116
3028 730 6 -0.834 0.0 0.0 0.11779
3029 730 7 0.417 0.0 0.75545 -0.47116
3030 730 7 0.417 0.0 -0.75545 -0.47116
3031 731 6 -0.834 0.0 0.0 0.11779
3032 731 7 0.417 0.0 0.75545 -0.47116
3033 731 7 0.417 0.0 -0.75545 -0.47116
3034 732 6 -0.834 0.0 0.0 0.11779
3035 732 7 0.417 0.0 0.75545 -0.47116
3036 732 7 0.417 0.0 -0.75545 -0.47116
3037 733 6 -0.834 0.0 0.0 0.11779
3038 733 7 0.417 0.0 0.75545 -0.47116
3039 733 7 0.417 0.0 -0.75545 -0.47116
3040 734 6 -0.834 0.0 0.0 0.11779
3041 734 7 0.417 0.0 0.75545 -0.47116
3042 734 7 0.417 0.0 -0.75545 -0.47116
3043 735 6 -0.834 0.0 0.0 0.11779
3044 735 7 0.417 0.0 0.75545 -0.47116
3045 735 7 0.417 0.0 -0.75545 -0.47116
3046 736 6 -0.834 0.0 0.0 0.11779
3047 736 7 0.417 0.0 0.75545 -0.47116
3048 736 7 0.417 0.0 -0.75545 -0.47116
3049 737 6 -0.834 0.0 0.0 0.11779
3050 737 7 0.417 0.0 0.75545 -0.47116
3051 737 7 0.417 0.0 -0.75545 -0.47116
3052 738 6 -0.834 0.0 0.0 0.11779
3053 738 7 0.417 0.0 0.75545 -0.47116
3054 738 7 0.417 0.0 -0.75545 -0.47116
3055 739 6 -0.834 0.0 0.0 0.11779
3056 739 7 0.417 0.0 0.75545 -0.47116
3057 739 7 0.417 0.0 -0.75545 -0.47116
3058 740 6 -0.834 0.0 0.0 0.11779
3059 740 7 0.417 0.0 0.75545 -0.47116
3060 740 7 0.417 0.0 -0.75545 -0.47116
3061 741 6 -0.834 0.0 0.0 0.11779
3062 741 7 0.417 0.0 0.75545 -0.47116
3063 741 7 0.417 0.0 -0.75545 -0.47116
3064 742 6 -0.834 0.0 0.0 0.11779
3065 742 7 0.417 0.0 0.75545 -0.47116
3066 742 7 0.417 0.0 -0.75545 -0.47116
3067 743 6 -0.834 0.0 0.0 0.11779
3068 743 7 0.417 0.0 0.75545 -0.47116
3069 743 7 0.417 0.0 -0.75545 -0.47116
3070 744 6 -0.834 0.0 0.0 0.11779
3071 744 7 0.417 0.0 0.75545 -0.47116
3072 744 7 0.417 0.0 -0.75545 -0.47116
3073 745 6 -0.834 0.0 0.0 0.11779
3074 745 7 0.417 0.0 0.75545 -0.47116
3075 745 7 0.417 0.0 -0.75545 -0.47116
3076 746 6 -0.834 0.0 0.0 0.11779
3077 746 7 0.417 0.0 0.75545 -0.47116
3078 746 7 0.417 0.0 -0.75545 -0.47116
3079 747 6 -0.834 0.0 0.0 0.11779
3080 747 7 0.417 0.0 0.75545 -0.47116
3081 747 7 0.417 0.0 -0.75545 -0.47116
3082 748 6 -0.834 0.0 0.0 0.11779
3083 748 7 0.417 0.0 0.75545 -0.47116
3084 748 7 0.417 0.0 -0.75545 -0.47116
3085 749 6 -0.834 0.0 0.0 0.11779
3086 749 7 0.417 0.0 0.75545 -0.47116
3087 749 7 0.417 0.0 -0.75545 -0.47116
3088 750 6 -0.834 0.0 0.0 0.11779
3089 750 7 0.417 0.0 0.75545 -0.47116
3090 750 7 0.417 0.0 -0.75545 -0.47116
3091 751 6 -0.834 0.0 0.0 0.11779
3092 751 7 0.417 0.0 0.75545 -0.47116
3093 751 7 0.417 0.0 -0.75545 -0.47116
3094 752 6 -0.834 0.0 0.0 0.11779
3095 752 7 0.417 0.0 0.75545 -0.47116
3096 752 7 0.417 0.0 -0.75545 -0.47116
3097 753 6 -0.834 0.0 0.0 0.11779
3098 753 7 0.417 0.0 0.75545 -0.47116
3099 753 7 0.417 0.0 -0.75545 -0.47116
3100 754 6 -0.834 0.0 0.0 0.11779
3101 754 7 0.417 0.0 0.75545 -0.47116
3102 754 7 0.417 0.0 -0.75545 -0.47116
3103 755 6 -0.834 0.0 0.0 0.11779
3104 755 7 0.417 0.0 0.75545 -0.47116
3105 755 7 0.417 0.0 -0.75545 -0.47116
3106 756 6 -0.834 0.0 0.0 0.11779
3107 756 7 0.417 0.0 0.75545 -0.47116
3108 756 7 0.417 0.0 -0.75545 -0.47116
3109 757 6 -0.834 0.0 0.0 0.11779
3110 757 7 0.417 0.0 0.75545 -0.47116
3111 757 7 0.417 0.0 -0.75545 -0.47116
3112 758 6 -0.834 0.0 0.0 0.11779
3113 758 7 0.417 0.0 0.75545 -0.47116
3114 758 7 0.417 0.0 -0.75545 -0.47116
3115 759 6 -0.834 0.0 0.0 0.11779
3116 759 7 0.417 0.0 0.75545 -0.47116
3117 759 7 0.417 0.0 -0.75545 -0.47116
3118 760 6 -0.834 0.0 0.0 0.11779
3119 760 7 0.417 0.0 0.75545 -0.47116
3120 760 7 0.417 0.0 -0.75545 -0.47116
3121 761 6 -0.834 0.0 0.0 0.11779
3122 761 7 0.417 0.0 0.75545 -0.47116
3123 761 7 0.417 0.0 -0.75545 -0.47116
3124 762 6 -0.834 0.0 0.0 0.11779
3125 762 7 0.417 0.0 0.75545 -0.47116
3126 762 7 0.417 0.0 -0.75545 -0.47116
3127 763 6 -0.834 0.0 0.0 0.11779
3128 763 7 0.417 0.0 0.75545 -0.47116
3129 763 7 0.417 0.0 -0.75545 -0.47116
3130 764 6 -0.834 0.0 0.0 0.11779
3131 764 7 0.417 0.0 0.75545 -0.47116
3132 764 7 0.417 0.0 -0.75545 -0.47116
3133 765 6 -0.834 0.0 0.0 0.11779
3134 765 7 0.417 0.0 0.75545 -0.47116
3135 765 7 0.417 0.0 -0.75545 -0.47116
3136 766 6 -0.834 0.0 0.0 0.11779
3137 766 7 0.417 0.0 0.75545 -0.47116
3138 766 7 0.417 0.0 -0.75545 -0.47116
3139 767 6 -0.834 0.0 0.0 0.11779
3140 767 7 0.417 0.0 0.75545 -0.47116
3141 767 7 0.417 0.0 -0.75545 -0.47116
3142 768 6 -0.834 0.0 0.0 0.11779
3143 768 7 0.417 0.0 0.75545 -0.47116
3144 768 7 0.417 0.0 -0.75545 -0.47116
3145 769 6 -0.834 0.0 0.0 0.11779
3146 769 7 0.417 0.0 0.75545 -0.47116
3147 769 7 0.417 0.0 -0.75545 -0.47116
3148 770 6 -0.834 0.0 0.0 0.11779
3149 770 7 0.417 0.0 0.75545 -0.47116
3150 770 7 0.417 0.0 -0.75545 -0.47116
3151 771 6 -0.834 0.0 0.0 0.11779
3152 771 7 0.417 0.0 0.75545 -0.47116
3153 771 7 0.417 0.0 -0.75545 -0.47116
3154 772 6 -0.834 0.0 0.0 0.11779
3155 772 7 0.417 0.0 0.75545 -0.47116
3156 772 7 0.417 0.0 -0.75545 -0.47116
3157 773 6 -0.834 0.0 0.0 0.11779
3158 773 7 0.417 0.0 0.75545 -0.47116
3159 773 7 0.417 0.0 -0.75545 -0.47116
3160 774 6 -0.834 0.0 0.0 0.11779
3161 774 7 0.417 0.0 0.75545 -0.47116
3162 774 7 0.417 0.0 -0.75545 -0.47116
3163 775 6 -0.834 0.0 0.0 0.11779
3164 775 7 0.417 0.0 0.75545 -0.47116
3165 775 7 0.417 0.0 -0.75545 -0.47116
3166 776 6 -0.834 0.0 0.0 0.11779
3167 776 7 0.417 0.0 0.75545 -0.47116
3168 776 7 0.417 0.0 -0.75545 -0.47116
3169 777 6 -0.834 0.0 0.0 0.11779
3170 777 7 0.417 0.0 0.75545 -0.47116
3171 777 7 0.417 0.0 -0.75545 -0.47116
3172 778 6 -0.834 0.0 0.0 0.11779
3173 778 7 0.417 0.0 0.75545 -0.47116
3174 778 7 0.417 0.0 -0.75545 -0.47116
3175 779 6 -0.834 0.0 0.0 0.11779
3176 779 7 0.417 0.0 0.75545 -0.47116
3177 779 7 0.417 0.0 -0.75545 -0.47116
3178 780 6 -0.834 0.0 0.0 0.11779
3179 780 7 0.417 0.0 0.75545 -0.47116
3180 780 7 0.417 0.0 -0.75545 -0.47116
3181 781 6 -0.834 0.0 0.0 0.11779
3182 781 7 0.417 0.0 0.75545 -0.47116
3183 781 7 0.417 0.0 -0.75545 -0.47116
3184 782 6 -0.834 0.0 0.0 0.11779
3185 782 7 0.417 0.0 0.75545 -0.47116
3186 782 7 0.417 0.0 -0.75545 -0.47116
3187 783 6 -0.834 0.0 0.0 0.11779
3188 783 7 0.417 0.0 0.75545 -0.47116
3189 783 7 0.417 0.0 -0.75545 -0.47116
3190 784 6 -0.834 0.0 0.0 0.11779
3191 784 7 0.417 0.0 0.75545 -0.47116
3192 784 7 0.417 0.0 -0.75545 -0.47116
3193 785 6 -0.834 0.0 0.0 0.11779
3194 785 7 0.417 0.0 0.75545 -0.47116
3195 785 7 0.417 0.0 -0.75545 -0.47116
3196 786 6 -0.834 0.0 0.0 0.11779
3197 786 7 0.417 0.0 0.75545 -0.47116
3198 786 7 0.417 0.0 -0.75545 -0.47116
3199 787 6 -0.834 0.0 0.0 0.11779
3200 787 7 0.417 0.0 0.75545 -0.47116
3201 787 7 0.417 0.0 -0.75545 -0.47116
3202 788 6 -0.834 0.0 0.0 0.11779
3203 788 7 0.417 0.0 0.75545 -0.47116
3204 788 7 0.417 0.0 -0.75545 -0.47116
3205 789 6 -0.834 0.0 0.0 0.11779
3206 789 7 0.417 0.0 0.75545 -0.47116
3207 789 7 0.417 0.0 -0.75545 -0.47116
3208 790 6 -0.834 0.0 0.0 0.11779
3209 790 7 0.417 0.0 0.75545 -0.47116
3210 790 7 0.417 0.0 -0.75545 -0.47116
3211 791 6 -0.834 0.0 0.0 0.11779
3212 791 7 0.417 0.0 0.75545 -0.47116
3213 791 7 0.417 0.0 -0.75545 -0.47116
3214 792 6 -0.834 0.0 0.0 0.11779
3215 792 7 0.417 0.0 0.75545 -0.47116
3216 792 7 0.417 0.0 -0.75545 -0.47116
3217 793 6 -0.834 0.0 0.0 0.11779
3218 793 7 0.417 0.0 0.75545 -0.47116
3219 793 7 0.417 0.0 -0.75545 -0.47116
3220 794 6 -0.834 0.0 0.0 0.11779
3221 794 7 0.417 0.0 0.75545 -0.47116
3222 794 7 0.417 0.0 -0.75545 -0.47116
3223 795 6 -0.834 0.0 0.0 0.11779
3224 795 7 0.417 0.0 0.75545 -0.47116
3225 795 7 0.417 0.0 -0.75545 -0.47116
3226 796 6 -0.834 0.0 0.0 0.11779
3227 796 7 0.417 0.0 0.75545 -0.47116
3228 796 7 0.417 0.0 -0.75545 -0.47116
3229 797 6 -0.834 0.0 0.0 0.11779
3230 797 7 0.417 0.0 0.75545 -0.47116
3231 797 7 0.417 0.0 -0.75545 -0.47116
3232 798 6 -0.834 0.0 0.0 0.11779
3233 798 7 0.417 0.0 0.75545 -0.47116
3234 798 7 0.417 0.0 -0.75545 -0.47116
3235 799 6 -0.834 0.0 0.0 0.11779
3236 799 7 0.417 0.0 0.75545 -0.47116
3237 799 7 0.417 0.0 -0.75545 -0.47116
3238 800 6 -0.834 0.0 0.0 0.11779
3239 800 7 0.417 0.0 0.75545 -0.47116
3240 800 7 0.417 0.0 -0.75545 -0.47116
3241 801 6 -0.834 0.0 0.0 0.11779
3242 801 7 0.417 0.0 0.75545 -0.47116
3243 801 7 0.417 0.0 -0.75545 -0.47116
3244 802 6 -0.834 0.0 0.0 0.11779
3245 802 7 0.417 0.0 0.75545 -0.47116
3246 802 7 0.417 0.0 -0.75545 -0.47116
3247 803 6 -0.834 0.0 0.0 0.11779
3248 803 7 0.417 0.0 0.75545 -0.47116
3249 803 7 0.417 0.0 -0.75545 -0.47116
3250 804 6 -0.834 0.0 0.0 0.11779
3251 804 7 0.417 0.0 0.75545 -0.47116
3252 804 7 0.417 0.0 -0.75545 -0.47116
3253 805 6 -0.834 0.0 0.0 0.11779
3254 805 7 0.417 0.0 0.75545 -0.47116
3255 805 7 0.417 0.0 -0.75545 -0.47116
3256 806 6 -0.834 0.0 0.0 0.11779
3257 806 7 0.417 0.0 0.75545 -0.47116
3258 806 7 0.417 0.0 -0.75545 -0.47116
3259 807 6 -0.834 0.0 0.0 0.11779
3260 807 7 0.417 0.0 0.75545 -0.47116
3261 807 7 0.417 0.0 -0.75545 -0.47116
3262 808 6 -0.834 0.0 0.0 0.11779
3263 808 7 0.417 0.0 0.75545 -0.47116
3264 808 7 0.417 0.0 -0.75545 -0.47116
3265 809 6 -0.834 0.0 0.0 0.11779
3266 809 7 0.417 0.0 0.75545 -0.47116
3267 809 7 0.417 0.0 -0.75545 -0.47116
3268 810 6 -0.834 0.0 0.0 0.11779
3269 810 7 0.417 0.0 0.75545 -0.47116
3270 810 7 0.417 0.0 -0.75545 -0.47116
3271 811 6 -0.834 0.0 0.0 0.11779
3272 811 7 0.417 0.0 0.75545 -0.47116
3273 811 7 0.417 0.0 -0.75545 -0.47116
3274 812 6 -0.834 0.0 0.0 0.11779
3275 812 7 0.417 0.0 0.75545 -0.47116
3276 812 7 0.417 0.0 -0.75545 -0.47116
3277 813 6 -0.834 0.0 0.0 0.11779
3278 813 7 0.417 0.0 0.75545 -0.47116
3279 813 7 0.417 0.0 -0.75545 -0.47116
3280 814 6 -0.834 0.0 0.0 0.11779
3281 814 7 0.417 0.0 0.75545 -0.47116
3282 814 7 0.417 0.0 -0.75545 -0.47116
3283 815 6 -0.834 0.0 0.0 0.11779
3284 815 7 0.417 0.0 0.75545 -0.47116
3285 815 7 0.417 0.0 -0.75545 -0.47116
3286 816 6 -0.834 0.0 0.0 0.11779
3287 816 7 0.417 0.0 0.75545 -0.47116
3288 816 7 0.417 0.0 -0.75545 -0.47116
3289 817 6 -0.834 0.0 0.0 0.11779
3290 817 7 0.417 0.0 0.75545 -0.47116
3291 817 7 0.417 0.0 -0.75545 -0.47116
3292 818 6 -0.834 0.0 0.0 0.11779
3293 818 7 0.417 0.0 0.75545 -0.47116
3294 818 7 0.417 0.0 -0.75545 -0.47116
3295 819 6 -0.834 0.0 0.0 0.11779
3296 819 7 0.417 0.0 0.75545 -0.47116
3297 819 7 0.417 0.0 -0.75545 -0.47116
3298 820 6 -0.834 0.0 0.0 0.11779
3299 820 7 0.417 0.0 0.75545 -0.47116
3300 820 7 0.417 0.0 -0.75545 -0.47116
3301 821 6 -0.834 0.0 0.0 0.11779
3302 821 7 0.417 0.0 0.75545 -0.47116
3303 821 7 0.417 0.0 -0.75545 -0.47116
3304 822 6 -0.834 0.0 0.0 0.11779
3305 822 7 0.417 0.0 0.75545 -0.47116
3306 822 7 0.417 0.0 -0.75545 -0.47116
3307 823 6 -0.834 0.0 0.0 0.11779
3308 823 7 0.417 0.0 0.75545 -0.47116
3309 823 7 0.417 0.0 -0.75545 -0.47116
3310 824 6 -0.834 0.0 0.0 0.11779
3311 824 7 0.417 0.0 0.75545 -0.47116
3312 824 7 0.417 0.0 -0.75545 -0.47116
3313 825 6 -0.834 0.0 0.0 0.11779
3314 825 7 0.417 0.0 0.75545 -0.47116
3315 825 7 0.417 0.0 -0.75545 -0.47116
3316 826 6 -0.834 0.0 0.0 0.11779
3317 826 7 0.417 0.0 0.75545 -0.47116
3318 826 7 0.417 0.0 -0.75545 -0.47116
3319 827 6 -0.834 0.0 0.0 0.11779
3320 827 7 0.417 0.0 0.75545 -0.47116
3321 827 7 0.417 0.0 -0.75545 -0.47116
3322 828 6 -0.834 0.0 0.0 0.11779
3323 828 7 0.417 0.0 0.75545 -0.47116
3324 828 7 0.417 0.0 -0.75545 -0.47116
3325 829 6 -0.834 0.0 0.0 0.11779
3326 829 7 0.417 0.0 0.75545 -0.47116
3327 829 7 0.417 0.0 -0.75545 -0.47116
3328 830 6 -0.834 0.0 0.0 0.11779
3329 830 7 0.417 0.0 0.75545 -0.47116
3330 830 7 0.417 0.0 -0.75545 -0.47116
3331 831 6 -0.834 0.0 0.0 0.11779
3332 831 7 0.417 0.0 0.75545 -0.47116
3333 831 7 0.417 0.0 -0.75545 -0.47116
3334 832 6 -0.834 0.0 0.0 0.11779
3335 832 7 0.417 0.0 0.75545 -0.47116
3336 832 7 0.417 0.0 -0.75545 -0.47116
3337 833 6 -0.834 0.0 0.0 0.11779
3338 833 7 0.417 0.0 0.75545 -0.47116
3339 833 7 0.417 0.0 -0.75545 -0.47116
3340 834 6 -0.834 0.0 0.0 0.11779
3341 834 7 0.417 0.0 0.75545 -0.47116
3342 834 7 0.417 0.0 -0.75545 -0.47116
3343 835 6 -0.834 0.0 0.0 0.11779
3344 835 7 0.417 0.0 0.75545 -0.47116
3345 835 7 0.417 0.0 -0.75545 -0.47116
3346 836 6 -0.834 0.0 0.0 0.11779
3347 836 7 0.417 0.0 0.75545 -0.47116
3348 836 7 0.417 0.0 -0.75545 -0.47116
3349 837 6 -0.834 0.0 0.0 0.11779
3350 837 7 0.417 0.0 0.75545 -0.47116
3351 837 7 0.417 0.0 -0.75545 -0.47116
3352 838 6 -0.834 0.0 0.0 0.11779
3353 838 7 0.417 0.0 0.75545 -0.47116
3354 838 7 0.417 0.0 -0.75545 -0.47116
3355 839 6 -0.834 0.0 0.0 0.11779
3356 839 7 0.417 0.0 0.75545 -0.47116
3357 839 7 0.417 0.0 -0.75545 -0.47116
3358 840 6 -0.834 0.0 0.0 0.11779
3359 840 7 0.417 0.0 0.75545 -0.47116
3360 840 7 0.417 0.0 -0.75545 -0.47116
3361 841 6 -0.834 0.0 0.0 0.11779
3362 841 7 0.417 0.0 0.75545 -0.47116
3363 841 7 0.417 0.0 -0.75545 -0.47116
3364 842 6 -0.834 0.0 0.0 0.11779
3365 842 7 0.417 0.0 0.75545 -0.47116
3366 842 7 0.417 0.0 -0.75545 -0.47116
3367 843 6 -0.834 0.0 0.0 0.11779
3368 843 7 0.417 0.0 0.75545 -0.47116
3369 843 7 0.417 0.0 -0.75545 -0.47116
3370 844 6 -0.834 0.0 0.0 0.11779
3371 844 7 0.417 0.0 0.75545 -0.47116
3372 844 7 0.417 0.0 -0.75545 -0.47116
3373 845 6 -0.834 0.0 0.0 0.11779
3374 845 7 0.417 0.0 0.75545 -0.47116
3375 845 7 0.417 0.0 -0.75545 -0.47116
3376 846 6 -0.834 0.0 0.0 0.11779
3377 846 7 0.417 0.0 0.75545 -0.47116
3378 846 7 0.417 0.0 -0.75545 -0.47116
3379 847 6 -0.834 0.0 0.0 0.11779
3380 847 7 0.417 0.0 0.75545 -0.47116
3381 847 7 0.417 0.0 -0.75545 -0.47116
3382 848 6 -0.834 0.0 0.0 0.11779
3383 848 7 0.417 0.0 0.75545 -0.47116
3384 848 7 0.417 0.0 -0.75545 -0.47116
3385 849 6 -0.834 0.0 0.0 0.11779
3386 849 7 0.417 0.0 0.75545 -0.47116
3387 849 7 0.417 0.0 -0.75545 -0.47116
3388 850 6 -0.834 0.0 0.0 0.11779
3389 850 7 0.417 0.0 0.75545 -0.47116
3390 850 7 0.417 0.0 -0.75545 -0.47116
3391 851 6 -0.834 0.0 0.0 0.11779
3392 851 7 0.417 0.0 0.75545 -0.47116
3393 851 7 0.417 0.0 -0.75545 -0.47116
3394 852 6 -0.834 0.0 0.0 0.11779
3395 852 7 0.417 0.0 0.75545 -0.47116
3396 852 7 0.417 0.0 -0.75545 -0.47116
3397 853 6 -0.834 0.0 0.0 0.11779
3398 853 7 0.417 0.0 0.75545 -0.47116
3399 853 7 0.417 0.0 -0.75545 -0.47116
3400 854 6 -0.834 0.0 0.0 0.11779
3401 854 7 0.417 0.0 0.75545 -0.47116
3402 854 7 0.417 0.0 -0.75545 -0.47116
3403 855 6 -0.834 0.0 0.0 0.11779
3404 855 7 0.417 0.0 0.75545 -0.47116
3405 855 7 0.417 0.0 -0.75545 -0.47116
3406 856 6 -0.834 0.0 0.0 0.11779
3407 856 7 0.417 0.0 0.75545 -0.47116
3408 856 7 0.417 0.0 -0.75545 -0.47116
3409 857 6 -0.834 0.0 0.0 0.11779
3410 857 7 0.417 0.0 0.75545 -0.47116
3411 857 7 0.417 0.0 -0.75545 -0.47116
3412 858 6 -0.834 0.0 0.0 0.11779
3413 858 7 0.417 0.0 0.75545 -0.47116
3414 858 7 0.417 0.0 -0.75545 -0.47116
3415 859 6 -0.834 0.0 0.0 0.11779
3416 859 7 0.417 0.0 0.75545 -0.47116
3417 859 7 0.417 0.0 -0.75545 -0.47116
3418 860 6 -0.834 0.0 0.0 0.11779
3419 860 7 0.417 0.0 0.75545 -0.47116
3420 860 7 0.417 0.0 -0.75545 -0.47116
3421 861 6 -0.834 0.0 0.0 0.11779
3422 861 7 0.417 0.0 0.75545 -0.47116
3423 861 7 0.417 0.0 -0.75545 -0.47116
3424 862 6 -0.834 0.0 0.0 0.11779
3425 862 7 0.417 0.0 0.75545 -0.47116
3426 862 7 0.417 0.0 -0.75545 -0.47116
3427 863 6 -0.834 0.0 0.0 0.11779
3428 863 7 0.417 0.0 0.75545 -0.47116
3429 863 7 0.417 0.0 -0.75545 -0.47116
3430 864 6 -0.834 0.0 0.0 0.11779
3431 864 7 0.417 0.0 0.75545 -0.47116
3432 864 7 0.417 0.0 -0.75545 -0.47116
3433 865 6 -0.834 0.0 0.0 0.11779
3434 865 7 0.417 0.0 0.75545 -0.47116
3435 865 7 0.417 0.0 -0.75545 -0.47116
3436 866 6 -0.834 0.0 0.0 0.11779
3437 866 7 0.417 0.0 0.75545 -0.47116
3438 866 7 0.417 0.0 -0.75545 -0.47116
3439 867 6 -0.834 0.0 0.0 0.11779
3440 867 7 0.417 0.0 0.75545 -0.47116
3441 867 7 0.417 0.0 -0.75545 -0.47116
3442 868 6 -0.834 0.0 0.0 0.11779
3443 868 7 0.417 0.0 0.75545 -0.47116
3444 868 7 0.417 0.0 -0.75545 -0.47116
3445 869 6 -0.834 0.0 0.0 0.11779
3446 869 7 0.417 0.0 0.75545 -0.47116
3447 869 7 0.417 0.0 -0.75545 -0.47116
3448 870 6 -0.834 0.0 0.0 0.11779
3449 870 7 0.417 0.0 0.75545 -0.47116
3450 870 7 0.417 0.0 -0.75545 -0.47116
3451 871 6 -0.834 0.0 0.0 0.11779
3452 871 7 0.417 0.0 0.75545 -0.47116
3453 871 7 0.417 0.0 -0.75545 -0.47116
3454 872 6 -0.834 0.0 0.0 0.11779
3455 872 7 0.417 0.0 0.75545 -0.47116
3456 872 7 0.417 0.0 -0.75545 -0.47116
3457 873 6 -0.834 0.0 0.0 0.11779
3458 873 7 0.417 0.0 0.75545 -0.47116
3459 873 7 0.417 0.0 -0.75545 -0.47116
3460 874 6 -0.834 0.0 0.0 0.11779
3461 874 7 0.417 0.0 0.75545 -0.47116
3462 874 7 0.417 0.0 -0.75545 -0.47116
3463 875 6 -0.834 0.0 0.0 0.11779
3464 875 7 0.417 0.0 0.75545 -0.47116
3465 875 7 0.417 0.0 -0.75545 -0.47116
3466 876 6 -0.834 0.0 0.0 0.11779
3467 876 7 0.417 0.0 0.75545 -0.47116
3468 876 7 0.417 0.0 -0.75545 -0.47116
3469 877 6 -0.834 0.0 0.0 0.11779
3470 877 7 0.417 0.0 0.75545 -0.47116
3471 877 7 0.417 0.0 -0.75545 -0.47116
3472 878 6 -0.834 0.0 0.0 0.11779
3473 878 7 0.417 0.0 0.75545 -0.47116
3474 878 7 0.417 0.0 -0.75545 -0.47116
3475 879 6 -0.834 0.0 0.0 0.11779
3476 879 7 0.417 0.0 0.75545 -0.47116
3477 879 7 0.417 0.0 -0.75545 -0.47116
3478 880 6 -0.834 0.0 0.0 0.11779
3479 880 7 0.417 0.0 0.75545 -0.47116
3480 880 7 0.417 0.0 -0.75545 -0.47116
3481 881 6 -0.834 0.0 0.0 0.11779
3482 881 7 0.417 0.0 0.75545 -0.47116
3483 881 7 0.417 0.0 -0.75545 -0.47116
3484 882 6 -0.834 0.0 0.0 0.11779
3485 882 7 0.417 0.0 0.75545 -0.47116
3486 882 7 0.417 0.0 -0.75545 -0.47116
3487 883 6 -0.834 0.0 0.0 0.11779
3488 883 7 0.417 0.0 0.75545 -0.47116
3489 883 7 0.417 0.0 -0.75545 -0.47116
3490 884 6 -0.834 0.0 0.0 0.11779
3491 884 7 0.417 0.0 0.75545 -0.47116
3492 884 7 0.417 0.0 -0.75545 -0.47116
3493 885 6 -0.834 0.0 0.0 0.11779
3494 885 7 0.417 0.0 0.75545 -0.47116
3495 885 7 0.417 0.0 -0.75545 -0.47116
3496 886 6 -0.834 0.0 0.0 0.11779
3497 886 7 0.417 0.0 0.75545 -0.47116
3498 886 7 0.417 0.0 -0.75545 -0.47116
3499 887 6 -0.834 0.0 0.0 0.11779
3500 887 7 0.417 0.0 0.75545 -0.47116
3501 887 7 0.417 0.0 -0.75545 -0.47116
3502 888 6 -0.834 0.0 0.0 0.11779
3503 888 7 0.417 0.0 0.75545 -0.47116
3504 888 7 0.417 0.0 -0.75545 -0.47116
3505 889 6 -0.834 0.0 0.0 0.11779
3506 889 7 0.417 0.0 0.75545 -0.47116
3507 889 7 0.417 0.0 -0.75545 -0.47116
3508 890 6 -0.834 0.0 0.0 0.11779
3509 890 7 0.417 0.0 0.75545 -0.47116
3510 890 7 0.417 0.0 -0.75545 -0.47116
3511 891 6 -0.834 0.0 0.0 0.11779
3512 891 7 0.417 0.0 0.75545 -0.47116
3513 891 7 0.417 0.0 -0.75545 -0.47116
3514 892 6 -0.834 0.0 0.0 0.11779
3515 892 7 0.417 0.0 0.75545 -0.47116
3516 892 7 0.417 0.0 -0.75545 -0.47116
3517 893 6 -0.834 0.0 0.0 0.11779
3518 893 7 0.417 0.0 0.75545 -0.47116
3519 893 7 0.417 0.0 -0.75545 -0.47116
3520 894 6 -0.834 0.0 0.0 0.11779
3521 894 7 0.417 0.0 0.75545 -0.47116
3522 894 7 0.417 0.0 -0.75545 -0.47116
3523 895 6 -0.834 0.0 0.0 0.11779
3524 895 7 0.417 0.0 0.75545 -0.47116
3525 895 7 0.417 0.0 -0.75545 -0.47116
3526 896 6 -0.834 0.0 0.0 0.11779
3527 896 7 0.417 0.0 0.75545 -0.47116
3528 896 7 0.417 0.0 -0.75545 -0.47116
3529 897 6 -0.834 0.0 0.0 0.11779
3530 897 7 0.417 0.0 0.75545 -0.47116
3531 897 7 0.417 0.0 -0.75545 -0.47116
3532 898 6 -0.834 0.0 0.0 0.11779
3533 898 7 0.417 0.0 0.75545 -0.47116
3534 898 7 0.417 0.0 -0.75545 -0.47116
3535 899 6 -0.834 0.0 0.0 0.11779
3536 899 7 0.417 0.0 0.75545 -0.47116
3537 899 7 0.417 0.0 -0.75545 -0.47116
3538 900 6 -0.834 0.0 0.0 0.11779
3539 900 7 0.417 0.0 0.75545 -0.47116
3540 900 7 0.417 0.0 -0.75545 -0.47116
3541 901 6 -0.834 0.0 0.0 0.11779
3542 901 7 0.417 0.0 0.75545 -0.47116
3543 901 7 0.417 0.0 -0.75545 -0.47116
3544 902 6 -0.834 0.0 0.0 0.11779
3545 902 7 0.417 0.0 0.75545 -0.47116
3546 902 7 0.417 0.0 -0.75545 -0.47116
3547 903 6 -0.834 0.0 0.0 0.11779
3548 903 7 0.417 0.0 0.75545 -0.47116
3549 903 7 0.417 0.0 -0.75545 -0.47116
3550 904 6 -0.834 0.0 0.0 0.11779
3551 904 7 0.417 0.0 0.75545 -0.47116
3552 904 7 0.417 0.0 -0.75545 -0.47116
3553 905 6 -0.834 0.0 0.0 0.11779
3554 905 7 0.417 0.0 0.75545 -0.47116
3555 905 7 0.417 0.0 -0.75545 -0.47116
3556 906 6 -0.834 0.0 0.0 0.11779
3557 906 7 0.417 0.0 0.75545 -0.47116
3558 906 7 0.417 0.0 -0.75545 -0.47116
3559 907 6 -0.834 0.0 0.0 0.11779
3560 907 7 0.417 0.0 0.75545 -0.47116
3561 907 7 0.417 0.0 -0.75545 -0.47116
3562 908 6 -0.834 0.0 0.0 0.11779
3563 908 7 0.417 0.0 0.75545 -0.47116
3564 908 7 0.417 0.0 -0.75545 -0.47116
3565 909 6 -0.834 0.0 0.0 0.11779
3566 909 7 0.417 0.0 0.75545 -0.47116
3567 909 7 0.417 0.0 -0.75545 -0.47116
3568 910 6 -0.834 0.0 0.0 0.11779
3569 910 7 0.417 0.0 0.75545 -0.47116
3570 910 7 0.417 0.0 -0.75545 -0.47116
3571 911 6 -0.834 0.0 0.0 0.11779
3572 911 7 0.417 0.0 0.75545 -0.47116
3573 911 7 0.417 0.0 -0.75545 -0.47116
3574 912 6 -0.834 0.0 0.0 0.11779
3575 912 7 0.417 0.0 0.75545 -0.47116
3576 912 7 0.417 0.0 -0.75545 -0.47116
3577 913 6 -0.834 0.0 0.0 0.11779
3578 913 7 0.417 0.0 0.75545 -0.47116
3579 913 7 0.417 0.0 -0.75545 -0.47116
3580 914 6 -0.834 0.0 0.0 0.11779
3581 914 7 0.417 0.0 0.75545 -0.47116
3582 914 7 0.417 0.0 -0.75545 -0.47116
3583 915 6 -0.834 0.0 0.0 0.11779
3584 915 7 0.417 0.0 0.75545 -0.47116
3585 915 7 0.417 0.0 -0.75545 -0.47116
3586 916 6 -0.834 0.0 0.0 0.11779
3587 916 7 0.417 0.0 0.75545 -0.47116
3588 916 7 0.417 0.0 -0.75545 -0.47116
3589 917 6 -0.834 0.0 0.0 0.11779
3590 917 7 0.417 0.0 0.75545 -0.47116
3591 917 7 0.417 0.0 -0.75545 -0.47116
3592 918 6 -0.834 0.0 0.0 0.11779
3593 918 7 0.417 0.0 0.75545 -0.47116
3594 918 7 0.417 0.0 -0.75545 -0.47116
3595 919 6 -0.834 0.0 0.0 0.11779
3596 919 7 0.417 0.0 0.75545 -0.47116
3597 919 7 0.417 0.0 -0.75545 -0.47116
3598 920 6 -0.834 0.0 0.0 0.11779
3599 920 7 0.417 0.0 0.75545 -0.47116
3600 920 7 0.417 0.0 -0.75545 -0.47116
3601 921 6 -0.834 0.0 0.0 0.11779
3602 921 7 0.417 0.0 0.75545 -0.47116
3603 921 7 0.417 0.0 -0.75545 -0.47116
3604 922 6 -0.834 0.0 0.0 0.11779
3605 922 7 0.417 0.0 0.75545 -0.47116
3606 922 7 0.417 0.0 -0.75545 -0.47116
3607 923 6 -0.834 0.0 0.0 0.11779
3608 923 7 0.417 0.0 0.75545 -0.47116
3609 923 7 0.417 0.0 -0.75545 -0.47116
3610 924 6 -0.834 0.0 0.0 0.11779
3611 924 7 0.417 0.0 0.75545 -0.47116
3612 924 7 0.417 0.0 -0.75545 -0.47116
3613 925 6 -0.834 0.0 0.0 0.11779
3614 925 7 0.417 0.0 0.75545 -0.47116
3615 925 7 0.417 0.0 -0.75545 -0.47116
3616 926 6 -0.834 0.0 0.0 0.11779
3617 926 7 0.417 0.0 0.75545 -0.47116
3618 926 7 0.417 0.0 -0.75545 -0.47116
3619 927 6 -0.834 0.0 0.0 0.11779
3620 927 7 0.417 0.0 0.75545 -0.47116
3621 927 7 0.417 0.0 -0.75545 -0.47116
3622 928 6 -0.834 0.0 0.0 0.11779
3623 928 7 0.417 0.0 0.75545 -0.47116
3624 928 7 0.417 0.0 -0.75545 -0.47116
3625 929 6 -0.834 0.0 0.0 0.11779
3626 929 7 0.417 0.0 0.75545 -0.47116
3627 929 7 0.417 0.0 -0.75545 -0.47116
3628 930 6 -0.834 0.0 0.0 0.11779
3629 930 7 0.417 0.0 0.75545 -0.47116
3630 930 7 0.417 0.0 -0.75545 -0.47116
3631 931 6 -0.834 0.0 0.0 0.11779
3632 931 7 0.417 0.0 0.75545 -0.47116
3633 931 7 0.417 0.0 -0.75545 -0.47116
3634 932 6 -0.834 0.0 0.0 0.11779
3635 932 7 0.417 0.0 0.75545 -0.47116
3636 932 7 0.417 0.0 -0.75545 -0.47116
3637 933 6 -0.834 0.0 0.0 0.11779
3638 933 7 0.417 0.0 0.75545 -0.47116
3639 933 7 0.417 0.0 -0.75545 -0.47116
3640 934 6 -0.834 0.0 0.0 0.11779
3641 934 7 0.417 0.0 0.75545 -0.47116
3642 934 7 0.417 0.0 -0.75545 -0.47116
3643 935 6 -0.834 0.0 0.0 0.11779
3644 935 7 0.417 0.0 0.75545 -0.47116
3645 935 7 0.417 0.0 -0.75545 -0.47116
3646 936 6 -0.834 0.0 0.0 0.11779
3647 936 7 0.417 0.0 0.75545 -0.47116
3648 936 7 0.417 0.0 -0.75545 -0.47116
3649 937 6 -0.834 0.0 0.0 0.11779
3650 937 7 0.417 0.0 0.75545 -0.47116
3651 937 7 0.417 0.0 -0.75545 -0.47116
3652 938 6 -0.834 0.0 0.0 0.11779
3653 938 7 0.417 0.0 0.75545 -0.47116
3654 938 7 0.417 0.0 -0.75545 -0.47116
3655 939 6 -0.834 0.0 0.0 0.11779
3656 939 7 0.417 0.0 0.75545 -0.47116
3657 939 7 0.417 0.0 -0.75545 -0.47116
3658 940 6 -0.834 0.0 0.0 0.11779
3659 940 7 0.417 0.0 0.75545 -0.47116
3660 940 7 0.417 0.0 -0.75545 -0.47116
3661 941 6 -0.834 0.0 0.0 0.11779
3662 941 7 0.417 0.0 0.75545 -0.47116
3663 941 7 0.417 0.0 -0.75545 -0.47116
3664 942 6 -0.834 0.0 0.0 0.11779
3665 942 7 0.417 0.0 0.75545 -0.47116
3666 942 7 0.417 0.0 -0.75545 -0.47116
3667 943 6 -0.834 0.0 0.0 0.11779
3668 943 7 0.417 0.0 0.75545 -0.47116
3669 943 7 0.417 0.0 -0.75545 -0.47116
3670 944 6 -0.834 0.0 0.0 0.11779
3671 944 7 0.417 0.0 0.75545 -0.47116
3672 944 7 0.417 0.0 -0.75545 -0.47116
3673 945 6 -0.834 0.0 0.0 0.11779
3674 945 7 0.417 0.0 0.75545 -0.47116
3675 945 7 0.417 0.0 -0.75545 -0.47116
3676 946 6 -0.834 0.0 0.0 0.11779
3677 946 7 0.417 0.0 0.75545 -0.47116
3678 946 7 0.417 0.0 -0.75545 -0.47116
3679 947 6 -0.834 0.0 0.0 0.11779
3680 947 7 0.417 0.0 0.75545 -0.47116
3681 947 7 0.417 0.0 -0.75545 -0.47116
3682 948 6 -0.834 0.0 0.0 0.11779
3683 948 7 0.417 0.0 0.75545 -0.47116
3684 948 7 0.417 0.0 -0.75545 -0.47116
3685 949 6 -0.834 0.0 0.0 0.11779
3686 949 7 0.417 0.0 0.75545 -0.47116
3687 949 7 0.417 0.0 -0.75545 -0.47116
3688 950 6 -0.834 0.0 0.0 0.11779
3689 950 7 0.417 0.0 0.75545 -0.47116
3690 950 7 0.417 0.0 -0.75545 -0.47116
3691 951 6 -0.834 0.0 0.0 0.11779
3692 951 7 0.417 0.0 0.75545 -0.47116
3693 951 7 0.417 0.0 -0.75545 -0.47116
3694 952 6 -0.834 0.0 0.0 0.11779
3695 952 7 0.417 0.0 0.75545 -0.47116
3696 952 7 0.417 0.0 -0.75545 -0.47116
3697 953 6 -0.834 0.0 0.0 0.11779
3698 953 7 0.417 0.0 0.75545 -0.47116
3699 953 7 0.417 0.0 -0.75545 -0.47116
3700 954 6 -0.834 0.0 0.0 0.11779
3701 954 7 0.417 0.0 0.75545 -0.47116
3702 954 7 0.417 0.0 -0.75545 -0.47116
3703 955 6 -0.834 0.0 0.0 0.11779
3704 955 7 0.417 0.0 0.75545 -0.47116
3705 955 7 0.417 0.0 -0.75545 -0.47116
3706 956 6 -0.834 0.0 0.0 0.11779
3707 956 7 0.417 0.0 0.75545 -0.47116
3708 956 7 0.417 0.0 -0.75545 -0.47116
3709 957 6 -0.834 0.0 0.0 0.11779
3710 957 7 0.417 0.0 0.75545 -0.47116
3711 957 7 0.417 0.0 -0.75545 -0.47116
3712 958 6 -0.834 0.0 0.0 0.11779
3713 958 7 0.417 0.0 0.75545 -0.47116
3714 958 7 0.417 0.0 -0.75545 -0.47116
3715 959 6 -0.834 0.0 0.0 0.11779
3716 959 7 0.417 0.0 0.75545 -0.47116
3717 959 7 0.417 0.0 -0.75545 -0.47116
3718 960 6 -0.834 0.0 0.0 0.11779
3719 960 7 0.417 0.0 0.75545 -0.47116
3720 960 7 0.417 0.0 -0.75545 -0.47116
3721 961 6 -0.834 0.0 0.0 0.11779
3722 961 7 0.417 0.0 0.75545 -0.47116
3723 961 7 0.417 0.0 -0.75545 -0.47116
3724 962 6 -0.834 0.0 0.0 0.11779
3725 962 7 0.417 0.0 0.75545 -0.47116
3726 962 7 0.417 0.0 -0.75545 -0.47116
3727 963 6 -0.834 0.0 0.0 0.11779
3728 963 7 0.417 0.0 0.75545 -0.47116
3729 963 7 0.417 0.0 -0.75545 -0.47116
3730 964 6 -0.834 0.0 0.0 0.11779
3731 964 7 0.417 0.0 0.75545 -0.47116
3732 964 7 0.417 0.0 -0.75545 -0.47116
3733 965 6 -0.834 0.0 0.0 0.11779
3734 965 7 0.417 0.0 0.75545 -0.47116
3735 965 7 0.417 0.0 -0.75545 -0.47116
3736 966 6 -0.834 0.0 0.0 0.11779
3737 966 7 0.417 0.0 0.75545 -0.47116
3738 966 7 0.417 0.0 -0.75545 -0.47116
3739 967 6 -0.834 0.0 0.0 0.11779
3740 967 7 0.417 0.0 0.75545 -0.47116
3741 967 7 0.417 0.0 -0.75545 -0.47116
3742 968 6 -0.834 0.0 0.0 0.11779
3743 968 7 0.417 0.0 0.75545 -0.47116
3744 968 7 0.417 0.0 -0.75545 -0.47116
3745 969 6 -0.834 0.0 0.0 0.11779
3746 969 7 0.417 0.0 0.75545 -0.47116
3747 969 7 0.417 0.0 -0.75545 -0.47116
3748 970 6 -0.834 0.0 0.0 0.11779
3749 970 7 0.417 0.0 0.75545 -0.47116
3750 970 7 0.417 0.0 -0.75545 -0.47116
3751 971 6 -0.834 0.0 0.0 0.11779
3752 971 7 0.417 0.0 0.75545 -0.47116
3753 971 7 0.417 0.0 -0.75545 -0.47116
3754 972 6 -0.834 0.0 0.0 0.11779
3755 972 7 0.417 0.0 0.75545 -0.47116
3756 972 7 0.417 0.0 -0.75545 -0.47116
3757 973 6 -0.834 0.0 0.0 0.11779
3758 973 7 0.417 0.0 0.75545 -0.47116
3759 973 7 0.417 0.0 -0.75545 -0.47116
3760 974 6 -0.834 0.0 0.0 0.11779
3761 974 7 0.417 0.0 0.75545 -0.47116
3762 974 7 0.417 0.0 -0.75545 -0.47116
3763 975 6 -0.834 0.0 0.0 0.11779
3764 975 7 0.417 0.0 0.75545 -0.47116
3765 975 7 0.417 0.0 -0.75545 -0.47116
3766 976 6 -0.834 0.0 0.0 0.11779
3767 976 7 0.417 0.0 0.75545 -0.47116
3768 976 7 0.417 0.0 -0.75545 -0.47116
3769 977 6 -0.834 0.0 0.0 0.11779
3770 977 7 0.417 0.0 0.75545 -0.47116
3771 977 7 0.417 0.0 -0.75545 -0.47116
3772 978 6 -0.834 0.0 0.0 0.11779
3773 978 7 0.417 0.0 0.75545 -0.47116
3774 978 7 0.417 0.0 -0.75545 -0.47116
3775 979 6 -0.834 0.0 0.0 0.11779
3776 979 7 0.417 0.0 0.75545 -0.47116
3777 979 7 0.417 0.0 -0.75545 -0.47116
3778 980 6 -0.834 0.0 0.0 0.11779
3779 980 7 0.417 0.0 0.75545 -0.47116
3780 980 7 0.417 0.0 -0.75545 -0.47116
3781 981 6 -0.834 0.0 0.0 0.11779
3782 981 7 0.417 0.0 0.75545 -0.47116
3783 981 7 0.417 0.0 -0.75545 -0.47116
3784 982 6 -0.834 0.0 0.0 0.11779
3785 982 7 0.417 0.0 0.75545 -0.47116
3786 982 7 0.417 0.0 -0.75545 -0.47116
3787 983 6 -0.834 0.0 0.0 0.11779
3788 983 7 0.417 0.0 0.75545 -0.47116
3789 983 7 0.417 0.0 -0.75545 -0.47116
3790 984 6 -0.834 0.0 0.0 0.11779
3791 984 7 0.417 0.0 0.75545 -0.47116
3792 984 7 0.417 0.0 -0.75545 -0.47116
3793 985 6 -0.834 0.0 0.0 0.11779
3794 985 7 0.417 0.0 0.75545 -0.47116
3795 985 7 0.417 0.0 -0.75545 -0.47116
3796 986 6 -0.834 0.0 0.0 0.11779
3797 986 7 0.417 0.0 0.75545 -0.47116
3798 986 7 0.417 0.0 -0.75545 -0.47116
3799 987 6 -0.834 0.0 0.0 0.11779
3800 987 7 0.417 0.0 0.75545 -0.47116
3801 987 7 0.417 0.0 -0.75545 -0.47116
3802 988 6 -0.834 0.0 0.0 0.11779
3803 988 7 0.417 0.0 0.75545 -0.47116
3804 988 7 0.417 0.0 -0.75545 -0.47116
3805 989 6 -0.834 0.0 0.0 0.11779
3806 989 7 0.417 0.0 0.75545 -0.47116
3807 989 7 0.417 0.0 -0.75545 -0.47116
3808 990 6 -0.834 0.0 0.0 0.11779
3809 990 7 0.417 0.0 0.75545 -0.47116
3810 990 7 0.417 0.0 -0.75545 -0.47116
3811 991 6 -0.834 0.0 0.0 0.11779
3812 991 7 0.417 0.0 0.75545 -0.47116
3813 991 7 0.417 0.0 -0.75545 -0.47116
3814 992 6 -0.834 0.0 0.0 0.11779
3815 992 7 0.417 0.0 0.75545 -0.47116
3816 992 7 0.417 0.0 -0.75545 -0.47116
3817 993 6 -0.834 0.0 0.0 0.11779
3818 993 7 0.417 0.0 0.75545 -0.47116
3819 993 7 0.417 0.0 -0.75545 -0.47116
3820 994 6 -0.834 0.0 0.0 0.11779
3821 994 7 0.417 0.0 0.75545 -0.47116
3822 994 7 0.417 0.0 -0.75545 -0.47116
3823 995 6 -0.834 0.0 0.0 0.11779
3824 995 7 0.417 0.0 0.75545 -0.47116
3825 995 7 0.417 0.0 -0.75545 -0.47116
3826 996 6 -0.834 0.0 0.0 0.11779
3827 996 7 0.417 0.0 0.75545 -0.47116
3828 996 7 0.417 0.0 -0.75545 -0.47116
3829 997 6 -0.834 0.0 0.0 0.11779
3830 997 7 0.417 0.0 0.75545 -0.47116
3831 997 7 0.417 0.0 -0.75545 -0.47116
3832 998 6 -0.834 0.0 0.0 0.11779
3833 998 7 0.417 0.0 0.75545 -0.47116
3834 998 7 0.417 0.0 -0.75545 -0.47116
3835 999 6 -0.834 0.0 0.0 0.11779
3836 999 7 0.417 0.0 0.75545 -0.47116
3837 999 7 0.417 0.0 -0.75545 -0.47116
3838 1000 6 -0.834 0.0 0.0 0.11779
3839 1000 7 0.417 0.0 0.75545 -0.47116
3840 1000 7 0.417 0.0 -0.75545 -0.47116
3841 1001 6 -0.834 0.0 0.0 0.11779
3842 1001 7 0.417 0.0 0.75545 -0.47116
3843 1001 7 0.417 0.0 -0.75545 -0.47116
3844 1002 6 -0.834 0.0 0.0 0.11779
3845 1002 7 0.417 0.0 0.75545 -0.47116
3846 1002 7 0.417 0.0 -0.75545 -0.47116
3847 1003 6 -0.834 0.0 0.0 0.11779
3848 1003 7 0.417 0.0 0.75545 -0.47116
3849 1003 7 0.417 0.0 -0.75545 -0.47116
3850 1004 6 -0.834 0.0 0.0 0.11779
3851 1004 7 0.417 0.0 0.75545 -0.47116
3852 1004 7 0.417 0.0 -0.75545 -0.47116
3853 1005 6 -0.834 0.0 0.0 0.11779
3854 1005 7 0.417 0.0 0.75545 -0.47116
3855 1005 7 0.417 0.0 -0.75545 -0.47116
3856 1006 6 -0.834 0.0 0.0 0.11779
3857 1006 7 0.417 0.0 0.75545 -0.47116
3858 1006 7 0.417 0.0 -0.75545 -0.47116
3859 1007 6 -0.834 0.0 0.0 0.11779
3860 1007 7 0.417 0.0 0.75545 -0.47116
3861 1007 7 0.417 0.0 -0.75545 -0.47116
3862 1008 6 -0.834 0.0 0.0 0.11779
3863 1008 7 0.417 0.0 0.75545 -0.47116
3864 1008 7 0.417 0.0 -0.75545 -0.47116
3865 1009 6 -0.834 0.0 0.0 0.11779
3866 1009 7 0.417 0.0 0.75545 -0.47116
3867 1009 7 0.417 0.0 -0.75545 -0.47116
3868 1010 6 -0.834 0.0 0.0 0.11779
3869 1010 7 0.417 0.0 0.75545 -0.47116
3870 1010 7 0.417 0.0 -0.75545 -0.47116
3871 1011 6 -0.834 0.0 0.0 0.11779
3872 1011 7 0.417 0.0 0.75545 -0.47116
3873 1011 7 0.417 0.0 -0.75545 -0.47116
3874 1012 6 -0.834 0.0 0.0 0.11779
3875 1012 7 0.417 0.0 0.75545 -0.47116
3876 1012 7 0.417 0.0 -0.75545 -0.47116
3877 1013 6 -0.834 0.0 0.0 0.11779
3878 1013 7 0.417 0.0 0.75545 -0.47116
3879 1013 7 0.417 0.0 -0.75545 -0.47116
3880 1014 6 -0.834 0.0 0.0 0.11779
3881 1014 7 0.417 0.0 0.75545 -0.47116
3882 1014 7 0.417 0.0 -0.75545 -0.47116
3883 1015 6 -0.834 0.0 0.0 0.11779
3884 1015 7 0.417 0.0 0.75545 -0.47116
3885 1015 7 0.417 0.0 -0.75545 -0.47116
3886 1016 6 -0.834 0.0 0.0 0.11779
3887 1016 7 0.417 0.0 0.75545 -0.47116
3888 1016 7 0.417 0.0 -0.75545 -0.47116
3889 1017 6 -0.834 0.0 0.0 0.11779
3890 1017 7 0.417 0.0 0.75545 -0.47116
3891 1017 7 0.417 0.0 -0.75545 -0.47116
3892 1018 6 -0.834 0.0 0.0 0.11779
3893 1018 7 0.417 0.0 0.75545 -0.47116
3894 1018 7 0.417 0.0 -0.75545 -0.47116
3895 1019 6 -0.834 0.0 0.0 0.11779
3896 1019 7 0.417 0.0 0.75545 -0.47116
3897 1019 7 0.417 0.0 -0.75545 -0.47116
3898 1020 6 -0.834 0.0 0.0 0.11779
3899 1020 7 0.417 0.0 0.75545 -0.47116
3900 1020 7 0.417 0.0 -0.75545 -0.47116
3901 1021 6 -0.834 0.0 0.0 0.11779
3902 1021 7 0.417 0.0 0.75545 -0.47116
3903 1021 7 0.417 0.0 -0.75545 -0.47116
3904 1022 6 -0.834 0.0 0.0 0.11779
3905 1022 7 0.417 0.0 0.75545 -0.47116
3906 1022 7 0.417 0.0 -0.75545 -0.47116
3907 1023 6 -0.834 0.0 0.0 0.11779
3908 1023 7 0.417 0.0 0.75545 -0.47116
3909 1023 7 0.417 0.0 -0.75545 -0.47116
3910 1024 6 -0.834 0.0 0.0 0.11779
3911 1024 7 0.417 0.0 0.75545 -0.47116
3912 1024 7 0.417 0.0 -0.75545 -0.47116
3913 1025 6 -0.834 0.0 0.0 0.11779
3914 1025 7 0.417 0.0 0.75545 -0.47116
3915 1025 7 0.417 0.0 -0.75545 -0.47116
3916 1026 6 -0.834 0.0 0.0 0.11779
3917 1026 7 0.417 0.0 0.75545 -0.47116
3918 1026 7 0.417 0.0 -0.75545 -0.47116
3919 1027 6 -0.834 0.0 0.0 0.11779
3920 1027 7 0.417 0.0 0.75545 -0.47116
3921 1027 7 0.417 0.0 -0.75545 -0.47116
3922 1028 6 -0.834 0.0 0.0 0.11779
3923 1028 7 0.417 0.0 0.75545 -0.47116
3924 1028 7 0.417 0.0 -0.75545 -0.47116
3925 1029 6 -0.834 0.0 0.0 0.11779
3926 1029 7 0.417 0.0 0.75545 -0.47116
3927 1029 7 0.417 0.0 -0.75545 -0.47116
3928 1030 6 -0.834 0.0 0.0 0.11779
3929 1030 7 0.417 0.0 0.75545 -0.47116
3930 1030 7 0.417 0.0 -0.75545 -0.47116
3931 1031 6 -0.834 0.0 0.0 0.11779
3932 1031 7 0.417 0.0 0.75545 -0.47116
3933 1031 7 0.417 0.0 -0.75545 -0.47116
3934 1032 6 -0.834 0.0 0.0 0.11779
3935 1032 7 0.417 0.0 0.75545 -0.47116
3936 1032 7 0.417 0.0 -0.75545 -0.47116
3937 1033 6 -0.834 0.0 0.0 0.11779
3938 1033 7 0.417 0.0 0.75545 -0.47116
3939 1033 7 0.417 0.0 -0.75545 -0.47116
3940 1034 6 -0.834 0.0 0.0 0.11779
3941 1034 7 0.417 0.0 0.75545 -0.47116
3942 1034 7 0.417 0.0 -0.75545 -0.47116
3943 1035 6 -0.834 0.0 0.0 0.11779
3944 1035 7 0.417 0.0 0.75545 -0.47116
3945 1035 7 0.417 0.0 -0.75545 -0.47116
3946 1036 6 -0.834 0.0 0.0 0.11779
3947 1036 7 0.417 0.0 0.75545 -0.47116
3948 1036 7 0.417 0.0 -0.75545 -0.47116
3949 1037 6 -0.834 0.0 0.0 0.11779
3950 1037 7 0.417 0.0 0.75545 -0.47116
3951 1037 7 0.417 0.0 -0.75545 -0.47116
3952 1038 6 -0.834 0.0 0.0 0.11779
3953 1038 7 0.417 0.0 0.75545 -0.47116
3954 1038 7 0.417 0.0 -0.75545 -0.47116
3955 1039 6 -0.834 0.0 0.0 0.11779
3956 1039 7 0.417 0.0 0.75545 -0.47116
3957 1039 7 0.417 0.0 -0.75545 -0.47116
3958 1040 6 -0.834 0.0 0.0 0.11779
3959 1040 7 0.417 0.0 0.75545 -0.47116
3960 1040 7 0.417 0.0 -0.75545 -0.47116
3961 1041 6 -0.834 0.0 0.0 0.11779
3962 1041 7 0.417 0.0 0.75545 -0.47116
3963 1041 7 0.417 0.0 -0.75545 -0.47116
3964 1042 6 -0.834 0.0 0.0 0.11779
3965 1042 7 0.417 0.0 0.75545 -0.47116
3966 1042 7 0.417 0.0 -0.75545 -0.47116
3967 1043 6 -0.834 0.0 0.0 0.11779
3968 1043 7 0.417 0.0 0.75545 -0.47116
3969 1043 7 0.417 0.0 -0.75545 -0.47116
3970 1044 6 -0.834 0.0 0.0 0.11779
3971 1044 7 0.417 0.0 0.75545 -0.47116
3972 1044 7 0.417 0.0 -0.75545 -0.47116
3973 1045 6 -0.834 0.0 0.0 0.11779
3974 1045 7 0.417 0.0 0.75545 -0.47116
3975 1045 7 0.417 0.0 -0.75545 -0.47116
3976 1046 6 -0.834 0.0 0.0 0.11779
3977 1046 7 0.417 0.0 0.75545 -0.47116
3978 1046 7 0.417 0.0 -0.75545 -0.47116
3979 1047 6 -0.834 0.0 0.0 0.11779
3980 1047 7 0.417 0.0 0.75545 -0.47116
3981 1047 7 0.417 0.0 -0.75545 -0.47116
3982 1048 6 -0.834 0.0 0.0 0.11779
3983 1048 7 0.417 0.0 0.75545 -0.47116
3984 1048 7 0.417 0.0 -0.75545 -0.47116
3985 1049 6 -0.834 0.0 0.0 0.11779
3986 1049 7 0.417 0.0 0.75545 -0.47116
3987 1049 7 0.417 0.0 -0.75545 -0.47116
3988 1050 6 -0.834 0.0 0.0 0.11779
3989 1050 7 0.417 0.0 0.75545 -0.47116
3990 1050 7 0.417 0.0 -0.75545 -0.47116
3991 1051 6 -0.834 0.0 0.0 0.11779
3992 1051 7 0.417 0.0 0.75545 -0.47116
3993 1051 7 0.417 0.0 -0.75545 -0.47116
3994 1052 6 -0.834 0.0 0.0 0.11779
3995 1052 7 0.417 0.0 0.75545 -0.47116
3996 1052 7 0.417 0.0 -0.75545 -0.47116
3997 1053 6 -0.834 0.0 0.0 0.11779
3998 1053 7 0.417 0.0 0.75545 -0.47116
3999 1053 7 0.417 0.0 -0.75545 -0.47116
4000 1054 6 -0.834 0.0 0.0 0.11779
4001 1054 7 0.417 0.0 0.75545 -0.47116
4002 1054 7 0.417 0.0 -0.75545 -0.47116
4003 1055 6 -0.834 0.0 0.0 0.11779
4004 1055 7 0.417 0.0 0.75545 -0.47116
4005 1055 7 0.417 0.0 -0.75545 -0.47116
4006 1056 6 -0.834 0.0 0.0 0.11779
4007 1056 7 0.417 0.0 0.75545 -0.47116
4008 1056 7 0.417 0.0 -0.75545 -0.47116
4009 1057 6 -0.834 0.0 0.0 0.11779
4010 1057 7 0.417 0.0 0.75545 -0.47116
4011 1057 7 0.417 0.0 -0.75545 -0.47116
4012 1058 6 -0.834 0.0 0.0 0.11779
4013 1058 7 0.417 0.0 0.75545 -0.47116
4014 1058 7 0.417 0.0 -0.75545 -0.47116
4015 1059 6 -0.834 0.0 0.0 0.11779
4016 1059 7 0.417 0.0 0.75545 -0.47116
4017 1059 7 0.417 0.0 -0.75545 -0.47116
4018 1060 6 -0.834 0.0 0.0 0.11779
4019 1060 7 0.417 0.0 0.75545 -0.47116
4020 1060 7 0.417 0.0 -0.75545 -0.47116
4021 1061 6 -0.834 0.0 0.0 0.11779
4022 1061 7 0.417 0.0 0.75545 -0.47116
4023 1061 7 0.417 0.0 -0.75545 -0.47116
4024 1062 6 -0.834 0.0 0.0 0.11779
4025 1062 7 0.417 0.0 0.75545 -0.47116
4026 1062 7 0.417 0.0 -0.75545 -0.47116
4027 1063 6 -0.834 0.0 0.0 0.11779
4028 1063 7 0.417 0.0 0.75545 -0.47116
4029 1063 7 0.417 0.0 -0.75545 -0.47116
4030 1064 6 -0.834 0.0 0.0 0.11779
4031 1064 7 0.417 0.0 0.75545 -0.47116
4032 1064 7 0.417 0.0 -0.75545 -0.47116
4033 1065 6 -0.834 0.0 0.0 0.11779
4034 1065 7 0.417 0.0 0.75545 -0.47116
4035 1065 7 0.417 0.0 -0.75545 -0.47116
4036 1066 6 -0.834 0.0 0.0 0.11779
4037 1066 7 0.417 0.0 0.75545 -0.47116
4038 1066 7 0.417 0.0 -0.75545 -0.47116
4039 1067 6 -0.834 0.0 0.0 0.11779
4040 1067 7 0.417 0.0 0.75545 -0.47116
4041 1067 7 0.417 0.0 -0.75545 -0.47116
4042 1068 6 -0.834 0.0 0.0 0.11779
4043 1068 7 0.417 0.0 0.75545 -0.47116
4044 1068 7 0.417 0.0 -0.75545 -0.47116
4045 1069 6 -0.834 0.0 0.0 0.11779
4046 1069 7 0.417 0.0 0.75545 -0.47116
4047 1069 7 0.417 0.0 -0.75545 -0.47116
4048 1070 6 -0.834 0.0 0.0 0.11779
4049 1070 7 0.417 0.0 0.75545 -0.47116
4050 1070 7 0.417 0.0 -0.75545 -0.47116
4051 1071 6 -0.834 0.0 0.0 0.11779
4052 1071 7 0.417 0.0 0.75545 -0.47116
4053 1071 7 0.417 0.0 -0.75545 -0.47116
4054 1072 6 -0.834 0.0 0.0 0.11779
4055 1072 7 0.417 0.0 0.75545 -0.47116
4056 1072 7 0.417 0.0 -0.75545 -0.47116
4057 1073 6 -0.834 0.0 0.0 0.11779
4058 1073 7 0.417 0.0 0.75545 -0.47116
4059 1073 7 0.417 0.0 -0.75545 -0.47116
4060 1074 6 -0.834 0.0 0.0 0.11779
4061 1074 7 0.417 0.0 0.75545 -0.47116
4062 1074 7 0.417 0.0 -0.75545 -0.47116
4063 1075 6 -0.834 0.0 0.0 0.11779
4064 1075 7 0.417 0.0 0.75545 -0.47116
4065 1075 7 0.417 0.0 -0.75545 -0.47116
4066 1076 6 -0.834 0.0 0.0 0.11779
4067 1076 7 0.417 0.0 0.75545 -0.47116
4068 1076 7 0.417 0.0 -0.75545 -0.47116
4069 1077 6 -0.834 0.0 0.0 0.11779
4070 1077 7 0.417 0.0 0.75545 -0.47116
4071 1077 7 0.417 0.0 -0.75545 -0.47116
4072 1078 6 -0.834 0.0 0.0 0.11779
4073 1078 7 0.417 0.0 0.75545 -0.47116
4074 1078 7 0.417 0.0 -0.75545 -0.47116
4075 1079 6 -0.834 0.0 0.0 0.11779
4076 1079 7 0.417 0.0 0.75545 -0.47116
4077 1079 7 0.417 0.0 -0.75545 -0.47116
4078 1080 6 -0.834 0.0 0.0 0.11779
4079 1080 7 0.417 0.0 0.75545 -0.47116
4080 1080 7 0.417 0.0 -0.75545 -0.47116
4081 1081 6 -0.834 0.0 0.0 0.11779
4082 1081 7 0.417 0.0 0.75545 -0.47116
4083 1081 7 0.417 0.0 -0.75545 -0.47116
4084 1082 6 -0.834 0.0 0.0 0.11779
4085 1082 7 0.417 0.0 0.75545 -0.47116
4086 1082 7 0.417 0.0 -0.75545 -0.47116
4087 1083 6 -0.834 0.0 0.0 0.11779
4088 1083 7 0.417 0.0 0.75545 -0.47116
4089 1083 7 0.417 0.0 -0.75545 -0.47116
4090 1084 6 -0.834 0.0 0.0 0.11779
4091 1084 7 0.417 0.0 0.75545 -0.47116
4092 1084 7 0.417 0.0 -0.75545 -0.47116
4093 1085 6 -0.834 0.0 0.0 0.11779
4094 1085 7 0.417 0.0 0.75545 -0.47116
4095 1085 7 0.417 0.0 -0.75545 -0.47116
4096 1086 6 -0.834 0.0 0.0 0.11779
4097 1086 7 0.417 0.0 0.75545 -0.47116
4098 1086 7 0.417 0.0 -0.75545 -0.47116
4099 1087 6 -0.834 0.0 0.0 0.11779
4100 1087 7 0.417 0.0 0.75545 -0.47116
4101 1087 7 0.417 0.0 -0.75545 -0.47116
4102 1088 6 -0.834 0.0 0.0 0.11779
4103 1088 7 0.417 0.0 0.75545 -0.47116
4104 1088 7 0.417 0.0 -0.75545 -0.47116
4105 1089 6 -0.834 0.0 0.0 0.11779
4106 1089 7 0.417 0.0 0.75545 -0.47116
4107 1089 7 0.417 0.0 -0.75545 -0.47116
4108 1090 6 -0.834 0.0 0.0 0.11779
4109 1090 7 0.417 0.0 0.75545 -0.47116
4110 1090 7 0.417 0.0 -0.75545 -0.47116
4111 1091 6 -0.834 0.0 0.0 0.11779
4112 1091 7 0.417 0.0 0.75545 -0.47116
4113 1091 7 0.417 0.0 -0.75545 -0.47116
4114 1092 6 -0.834 0.0 0.0 0.11779
4115 1092 7 0.417 0.0 0.75545 -0.47116
4116 1092 7 0.417 0.0 -0.75545 -0.47116
4117 1093 6 -0.834 0.0 0.0 0.11779
4118 1093 7 0.417 0.0 0.75545 -0.47116
4119 1093 7 0.417 0.0 -0.75545 -0.47116
4120 1094 6 -0.834 0.0 0.0 0.11779
4121 1094 7 0.417 0.0 0.75545 -0.47116
4122 1094 7 0.417 0.0 -0.75545 -0.47116
4123 1095 6 -0.834 0.0 0.0 0.11779
4124 1095 7 0.417 0.0 0.75545 -0.47116
4125 1095 7 0.417 0.0 -0.75545 -0.47116
4126 1096 6 -0.834 0.0 0.0 0.11779
4127 1096 7 0.417 0.0 0.75545 -0.47116
4128 1096 7 0.417 0.0 -0.75545 -0.47116
4129 1097 6 -0.834 0.0 0.0 0.11779
4130 1097 7 0.417 0.0 0.75545 -0.47116
4131 1097 7 0.417 0.0 -0.75545 -0.47116
4132 1098 6 -0.834 0.0 0.0 0.11779
4133 1098 7 0.417 0.0 0.75545 -0.47116
4134 1098 7 0.417 0.0 -0.75545 -0.47116
4135 1099 6 -0.834 0.0 0.0 0.11779
4136 1099 7 0.417 0.0 0.75545 -0.47116
4137 1099 7 0.417 0.0 -0.75545 -0.47116
4138 1100 6 -0.834 0.0 0.0 0.11779
4139 1100 7 0.417 0.0 0.75545 -0.47116
4140 1100 7 0.417 0.0 -0.75545 -0.47116
4141 1101 6 -0.834 0.0 0.0 0.11779
4142 1101 7 0.417 0.0 0.75545 -0.47116
4143 1101 7 0.417 0.0 -0.75545 -0.47116
4144 1102 6 -0.834 0.0 0.0 0.11779
4145 1102 7 0.417 0.0 0.75545 -0.47116
4146 1102 7 0.417 0.0 -0.75545 -0.47116
4147 1103 6 -0.834 0.0 0.0 0.11779
4148 1103 7 0.417 0.0 0.75545 -0.47116
4149 1103 7 0.417 0.0 -0.75545 -0.47116
4150 1104 6 -0.834 0.0 0.0 0.11779
4151 1104 7 0.417 0.0 0.75545 -0.47116
4152 1104 7 0.417 0.0 -0.75545 -0.47116
4153 1105 6 -0.834 0.0 0.0 0.11779
4154 1105 7 0.417 0.0 0.75545 -0.47116
4155 1105 7 0.417 0.0 -0.75545 -0.47116
4156 1106 6 -0.834 0.0 0.0 0.11779
4157 1106 7 0.417 0.0 0.75545 -0.47116
4158 1106 7 0.417 0.0 -0.75545 -0.47116
4159 1107 6 -0.834 0.0 0.0 0.11779
4160 1107 7 0.417 0.0 0.75545 -0.47116
4161 1107 7 0.417 0.0 -0.75545 -0.47116
4162 1108 6 -0.834 0.0 0.0 0.11779
4163 1108 7 0.417 0.0 0.75545 -0.47116
4164 1108 7 0.417 0.0 -0.75545 -0.47116
4165 1109 6 -0.834 0.0 0.0 0.11779
4166 1109 7 0.417 0.0 0.75545 -0.47116
4167 1109 7 0.417 0.0 -0.75545 -0.47116
4168 1110 6 -0.834 0.0 0.0 0.11779
4169 1110 7 0.417 0.0 0.75545 -0.47116
4170 1110 7 0.417 0.0 -0.75545 -0.47116
4171 1111 6 -0.834 0.0 0.0 0.11779
4172 1111 7 0.417 0.0 0.75545 -0.47116
4173 1111 7 0.417 0.0 -0.75545 -0.47116
4174 1112 6 -0.834 0.0 0.0 0.11779
4175 1112 7 0.417 0.0 0.75545 -0.47116
4176 1112 7 0.417 0.0 -0.75545 -0.47116
4177 1113 6 -0.834 0.0 0.0 0.11779
4178 1113 7 0.417 0.0 0.75545 -0.47116
4179 1113 7 0.417 0.0 -0.75545 -0.47116
4180 1114 6 -0.834 0.0 0.0 0.11779
4181 1114 7 0.417 0.0 0.75545 -0.47116
4182 1114 7 0.417 0.0 -0.75545 -0.47116
4183 1115 6 -0.834 0.0 0.0 0.11779
4184 1115 7 0.417 0.0 0.75545 -0.47116
4185 1115 7 0.417 0.0 -0.75545 -0.47116
4186 1116 6 -0.834 0.0 0.0 0.11779
4187 1116 7 0.417 0.0 0.75545 -0.47116
4188 1116 7 0.417 0.0 -0.75545 -0.47116
4189 1117 6 -0.834 0.0 0.0 0.11779
4190 1117 7 0.417 0.0 0.75545 -0.47116
4191 1117 7 0.417 0.0 -0.75545 -0.47116
4192 1118 6 -0.834 0.0 0.0 0.11779
4193 1118 7 0.417 0.0 0.75545 -0.47116
4194 1118 7 0.417 0.0 -0.75545 -0.47116
4195 1119 6 -0.834 0.0 0.0 0.11779
4196 1119 7 0.417 0.0 0.75545 -0.47116
4197 1119 7 0.417 0.0 -0.75545 -0.47116
4198 1120 6 -0.834 0.0 0.0 0.11779
4199 1120 7 0.417 0.0 0.75545 -0.47116
4200 1120 7 0.417 0.0 -0.75545 -0.47116
4201 1121 6 -0.834 0.0 0.0 0.11779
4202 1121 7 0.417 0.0 0.75545 -0.47116
4203 1121 7 0.417 0.0 -0.75545 -0.47116
4204 1122 6 -0.834 0.0 0.0 0.11779
4205 1122 7 0.417 0.0 0.75545 -0.47116
4206 1122 7 0.417 0.0 -0.75545 -0.47116
4207 1123 6 -0.834 0.0 0.0 0.11779
4208 1123 7 0.417 0.0 0.75545 -0.47116
4209 1123 7 0.417 0.0 -0.75545 -0.47116
4210 1124 6 -0.834 0.0 0.0 0.11779
4211 1124 7 0.417 0.0 0.75545 -0.47116
4212 1124 7 0.417 0.0 -0.75545 -0.47116
4213 1125 6 -0.834 0.0 0.0 0.11779
4214 1125 7 0.417 0.0 0.75545 -0.47116
4215 1125 7 0.417 0.0 -0.75545 -0.47116
4216 1126 6 -0.834 0.0 0.0 0.11779
4217 1126 7 0.417 0.0 0.75545 -0.47116
4218 1126 7 0.417 0.0 -0.75545 -0.47116
4219 1127 6 -0.834 0.0 0.0 0.11779
4220 1127 7 0.417 0.0 0.75545 -0.47116
4221 1127 7 0.417 0.0 -0.75545 -0.47116
4222 1128 6 -0.834 0.0 0.0 0.11779
4223 1128 7 0.417 0.0 0.75545 -0.47116
4224 1128 7 0.417 0.0 -0.75545 -0.47116
4225 1129 6 -0.834 0.0 0.0 0.11779
4226 1129 7 0.417 0.0 0.75545 -0.47116
4227 1129 7 0.417 0.0 -0.75545 -0.47116
4228 1130 6 -0.834 0.0 0.0 0.11779
4229 1130 7 0.417 0.0 0.75545 -0.47116
4230 1130 7 0.417 0.0 -0.75545 -0.47116
4231 1131 6 -0.834 0.0 0.0 0.11779
4232 1131 7 0.417 0.0 0.75545 -0.47116
4233 1131 7 0.417 0.0 -0.75545 -0.47116
4234 1132 6 -0.834 0.0 0.0 0.11779
4235 1132 7 0.417 0.0 0.75545 -0.47116
4236 1132 7 0.417 0.0 -0.75545 -0.47116
4237 1133 6 -0.834 0.0 0.0 0.11779
4238 1133 7 0.417 0.0 0.75545 -0.47116
4239 1133 7 0.417 0.0 -0.75545 -0.47116
4240 1134 6 -0.834 0.0 0.0 0.11779
4241 1134 7 0.417 0.0 0.75545 -0.47116
4242 1134 7 0.417 0.0 -0.75545 -0.47116
4243 1135 6 -0.834 0.0 0.0 0.11779
4244 1135 7 0.417 0.0 0.75545 -0.47116
4245 1135 7 0.417 0.0 -0.75545 -0.47116
4246 1136 6 -0.834 0.0 0.0 0.11779
4247 1136 7 0.417 0.0 0.75545 -0.47116
4248 1136 7 0.417 0.0 -0.75545 -0.47116
4249 1137 6 -0.834 0.0 0.0 0.11779
4250 1137 7 0.417 0.0 0.75545 -0.47116
4251 1137 7 0.417 0.0 -0.75545 -0.47116
4252 1138 6 -0.834 0.0 0.0 0.11779
4253 1138 7 0.417 0.0 0.75545 -0.47116
4254 1138 7 0.417 0.0 -0.75545 -0.47116
4255 1139 6 -0.834 0.0 0.0 0.11779
4256 1139 7 0.417 0.0 0.75545 -0.47116
4257 1139 7 0.417 0.0 -0.75545 -0.47116
4258 1140 6 -0.834 0.0 0.0 0.11779
4259 1140 7 0.417 0.0 0.75545 -0.47116
4260 1140 7 0.417 0.0 -0.75545 -0.47116
4261 1141 6 -0.834 0.0 0.0 0.11779
4262 1141 7 0.417 0.0 0.75545 -0.47116
4263 1141 7 0.417 0.0 -0.75545 -0.47116
4264 1142 6 -0.834 0.0 0.0 0.11779
4265 1142 7 0.417 0.0 0.75545 -0.47116
4266 1142 7 0.417 0.0 -0.75545 -0.47116
4267 1143 6 -0.834 0.0 0.0 0.11779
4268 1143 7 0.417 0.0 0.75545 -0.47116
4269 1143 7 0.417 0.0 -0.75545 -0.47116
4270 1144 6 -0.834 0.0 0.0 0.11779
4271 1144 7 0.417 0.0 0.75545 -0.47116
4272 1144 7 0.417 0.0 -0.75545 -0.47116
4273 1145 6 -0.834 0.0 0.0 0.11779
4274 1145 7 0.417 0.0 0.75545 -0.47116
4275 1145 7 0.417 0.0 -0.75545 -0.47116
4276 1146 6 -0.834 0.0 0.0 0.11779
4277 1146 7 0.417 0.0 0.75545 -0.47116
4278 1146 7 0.417 0.0 -0.75545 -0.47116
4279 1147 6 -0.834 0.0 0.0 0.11779
4280 1147 7 0.417 0.0 0.75545 -0.47116
4281 1147 7 0.417 0.0 -0.75545 -0.47116
4282 1148 6 -0.834 0.0 0.0 0.11779
4283 1148 7 0.417 0.0 0.75545 -0.47116
4284 1148 7 0.417 0.0 -0.75545 -0.47116
4285 1149 6 -0.834 0.0 0.0 0.11779
4286 1149 7 0.417 0.0 0.75545 -0.47116
4287 1149 7 0.417 0.0 -0.75545 -0.47116
4288 1150 6 -0.834 0.0 0.0 0.11779
4289 1150 7 0.417 0.0 0.75545 -0.47116
4290 1150 7 0.417 0.0 -0.75545 -0.47116
4291 1151 6 -0.834 0.0 0.0 0.11779
4292 1151 7 0.417 0.0 0.75545 -0.47116
4293 1151 7 0.417 0.0 -0.75545 -0.47116
4294 1152 6 -0.834 0.0 0.0 0.11779
4295 1152 7 0.417 0.0 0.75545 -0.47116
4296 1152 7 0.417 0.0 -0.75545 -0.47116
4297 1153 6 -0.834 0.0 0.0 0.11779
4298 1153 7 0.417 0.0 0.75545 -0.47116
4299 1153 7 0.417 0.0 -0.75545 -0.47116
4300 1154 6 -0.834 0.0 0.0 0.11779
4301 1154 7 0.417 0.0 0.75545 -0.47116
4302 1154 7 0.417 0.0 -0.75545 -0.47116
4303 1155 6 -0.834 0.0 0.0 0.11779
4304 1155 7 0.417 0.0 0.75545 -0.47116
4305 1155 7 0.417 0.0 -0.75545 -0.47116
4306 1156 6 -0.834 0.0 0.0 0.11779
4307 1156 7 0.417 0.0 0.75545 -0.47116
4308 1156 7 0.417 0.0 -0.75545 -0.47116
4309 1157 6 -0.834 0.0 0.0 0.11779
4310 1157 7 0.417 0.0 0.75545 -0.47116
4311 1157 7 0.417 0.0 -0.75545 -0.47116
4312 1158 6 -0.834 0.0 0.0 0.11779
4313 1158 7 0.417 0.0 0.75545 -0.47116
4314 1158 7 0.417 0.0 -0.75545 -0.47116
4315 1159 6 -0.834 0.0 0.0 0.11779
4316 1159 7 0.417 0.0 0.75545 -0.47116
4317 1159 7 0.417 0.0 -0.75545 -0.47116
4318 1160 6 -0.834 0.0 0.0 0.11779
4319 1160 7 0.417 0.0 0.75545 -0.47116
4320 1160 7 0.417 0.0 -0.75545 -0.47116
4321 1161 6 -0.834 0.0 0.0 0.11779
4322 1161 7 0.417 0.0 0.75545 -0.47116
4323 1161 7 0.417 0.0 -0.75545 -0.47116
4324 1162 6 -0.834 0.0 0.0 0.11779
4325 1162 7 0.417 0.0 0.75545 -0.47116
4326 1162 7 0.417 0.0 -0.75545 -0.47116
4327 1163 6 -0.834 0.0 0.0 0.11779
4328 1163 7 0.417 0.0 0.75545 -0.47116
4329 1163 7 0.417 0.0 -0.75545 -0.47116
4330 1164 6 -0.834 0.0 0.0 0.11779
4331 1164 7 0.417 0.0 0.75545 -0.47116
4332 1164 7 0.417 0.0 -0.75545 -0.47116
4333 1165 6 -0.834 0.0 0.0 0.11779
4334 1165 7 0.417 0.0 0.75545 -0.47116
4335 1165 7 0.417 0.0 -0.75545 -0.47116
4336 1166 6 -0.834 0.0 0.0 0.11779
4337 1166 7 0.417 0.0 0.75545 -0.47116
4338 1166 7 0.417 0.0 -0.75545 -0.47116
4339 1167 6 -0.834 0.0 0.0 0.11779
4340 1167 7 0.417 0.0 0.75545 -0.47116
4341 1167 7 0.417 0.0 -0.75545 -0.47116
4342 1168 6 -0.834 0.0 0.0 0.11779
4343 1168 7 0.417 0.0 0.75545 -0.47116
4344 1168 7 0.417 0.0 -0.75545 -0.47116
4345 1169 6 -0.834 0.0 0.0 0.11779
4346 1169 7 0.417 0.0 0.75545 -0.47116
4347 1169 7 0.417 0.0 -0.75545 -0.47116
4348 1170 6 -0.834 0.0 0.0 0.11779
4349 1170 7 0.417 0.0 0.75545 -0.47116
4350 1170 7 0.417 0.0 -0.75545 -0.47116
4351 1171 6 -0.834 0.0 0.0 0.11779
4352 1171 7 0.417 0.0 0.75545 -0.47116
4353 1171 7 0.417 0.0 -0.75545 -0.47116
4354 1172 6 -0.834 0.0 0.0 0.11779
4355 1172 7 0.417 0.0 0.75545 -0.47116
4356 1172 7 0.417 0.0 -0.75545 -0.47116
4357 1173 6 -0.834 0.0 0.0 0.11779
4358 1173 7 0.417 0.0 0.75545 -0.47116
4359 1173 7 0.417 0.0 -0.75545 -0.47116
4360 1174 6 -0.834 0.0 0.0 0.11779
4361 1174 7 0.417 0.0 0.75545 -0.47116
4362 1174 7 0.417 0.0 -0.75545 -0.47116
4363 1175 6 -0.834 0.0 0.0 0.11779
4364 1175 7 0.417 0.0 0.75545 -0.47116
4365 1175 7 0.417 0.0 -0.75545 -0.47116
4366 1176 6 -0.834 0.0 0.0 0.11779
4367 1176 7 0.417 0.0 0.75545 -0.47116
4368 1176 7 0.417 0.0 -0.75545 -0.47116
4369 1177 6 -0.834 0.0 0.0 0.11779
4370 1177 7 0.417 0.0 0.75545 -0.47116
4371 1177 7 0.417 0.0 -0.75545 -0.47116
4372 1178 6 -0.834 0.0 0.0 0.11779
4373 1178 7 0.417 0.0 0.75545 -0.47116
4374 1178 7 0.417 0.0 -0.75545 -0.47116
4375 1179 6 -0.834 0.0 0.0 0.11779
4376 1179 7 0.417 0.0 0.75545 -0.47116
4377 1179 7 0.417 0.0 -0.75545 -0.47116
4378 1180 6 -0.834 0.0 0.0 0.11779
4379 1180 7 0.417 0.0 0.75545 -0.47116
4380 1180 7 0.417 0.0 -0.75545 -0.47116
4381 1181 6 -0.834 0.0 0.0 0.11779
4382 1181 7 0.417 0.0 0.75545 -0.47116
4383 1181 7 0.417 0.0 -0.75545 -0.47116
4384 1182 6 -0.834 0.0 0.0 0.11779
4385 1182 7 0.417 0.0 0.75545 -0.47116
4386 1182 7 0.417 0.0 -0.75545 -0.47116
4387 1183 6 -0.834 0.0 0.0 0.11779
4388 1183 7 0.417 0.0 0.75545 -0.47116
4389 1183 7 0.417 0.0 -0.75545 -0.47116
4390 1184 6 -0.834 0.0 0.0 0.11779
4391 1184 7 0.417 0.0 0.75545 -0.47116
4392 1184 7 0.417 0.0 -0.75545 -0.47116
4393 1185 6 -0.834 0.0 0.0 0.11779
4394 1185 7 0.417 0.0 0.75545 -0.47116
4395 1185 7 0.417 0.0 -0.75545 -0.47116
4396 1186 6 -0.834 0.0 0.0 0.11779
4397 1186 7 0.417 0.0 0.75545 -0.47116
4398 1186 7 0.417 0.0 -0.75545 -0.47116
4399 1187 6 -0.834 0.0 0.0 0.11779
4400 1187 7 0.417 0.0 0.75545 -0.47116
4401 1187 7 0.417 0.0 -0.75545 -0.47116
4402 1188 6 -0.834 0.0 0.0 0.11779
4403 1188 7 0.417 0.0 0.75545 -0.47116
4404 1188 7 0.417 0.0 -0.75545 -0.47116
4405 1189 6 -0.834 0.0 0.0 0.11779
4406 1189 7 0.417 0.0 0.75545 -0.47116
4407 1189 7 0.417 0.0 -0.75545 -0.47116
4408 1190 6 -0.834 0.0 0.0 0.11779
4409 1190 7 0.417 0.0 0.75545 -0.47116
4410 1190 7 0.417 0.0 -0.75545 -0.47116
4411 1191 6 -0.834 0.0 0.0 0.11779
4412 1191 7 0.417 0.0 0.75545 -0.47116
4413 1191 7 0.417 0.0 -0.75545 -0.47116
4414 1192 6 -0.834 0.0 0.0 0.11779
4415 1192 7 0.417 0.0 0.75545 -0.47116
4416 1192 7 0.417 0.0 -0.75545 -0.47116
4417 1193 6 -0.834 0.0 0.0 0.11779
4418 1193 7 0.417 0.0 0.75545 -0.47116
4419 1193 7 0.417 0.0 -0.75545 -0.47116
4420 1194 6 -0.834 0.0 0.0 0.11779
4421 1194 7 0.417 0.0 0.75545 -0.47116
4422 1194 7 0.417 0.0 -0.75545 -0.47116
4423 1195 6 -0.834 0.0 0.0 0.11779
4424 1195 7 0.417 0.0 0.75545 -0.47116
4425 1195 7 0.417 0.0 -0.75545 -0.47116
4426 1196 6 -0.834 0.0 0.0 0.11779
4427 1196 7 0.417 0.0 0.75545 -0.47116
4428 1196 7 0.417 0.0 -0.75545 -0.47116
4429 1197 6 -0.834 0.0 0.0 0.11779
4430 1197 7 0.417 0.0 0.75545 -0.47116
4431 1197 7 0.417 0.0 -0.75545 -0.47116
4432 1198 6 -0.834 0.0 0.0 0.11779
4433 1198 7 0.417 0.0 0.75545 -0.47116
4434 1198 7 0.417 0.0 -0.75545 -0.47116
4435 1199 6 -0.834 0.0 0.0 0.11779
4436 1199 7 0.417 0.0 0.75545 -0.47116
4437 1199 7 0.417 0.0 -0.75545 -0.47116
4438 1200 6 -0.834 0.0 0.0 0.11779
4439 1200 7 0.417 0.0 0.75545 -0.47116
4440 1200 7 0.417 0.0 -0.75545 -0.47116
4441 1201 6 -0.834 0.0 0.0 0.11779
4442 1201 7 0.417 0.0 0.75545 -0.47116
4443 1201 7 0.417 0.0 -0.75545 -0.47116
4444 1202 6 -0.834 0.0 0.0 0.11779
4445 1202 7 0.417 0.0 0.75545 -0.47116
4446 1202 7 0.417 0.0 -0.75545 -0.47116
4447 1203 6 -0.834 0.0 0.0 0.11779
4448 1203 7 0.417 0.0 0.75545 -0.47116
4449 1203 7 0.417 0.0 -0.75545 -0.47116
4450 1204 6 -0.834 0.0 0.0 0.11779
4451 1204 7 0.417 0.0 0.75545 -0.47116
4452 1204 7 0.417 0.0 -0.75545 -0.47116
4453 1205 6 -0.834 0.0 0.0 0.11779
4454 1205 7 0.417 0.0 0.75545 -0.47116
4455 1205 7 0.417 0.0 -0.75545 -0.47116
4456 1206 6 -0.834 0.0 0.0 0.11779
4457 1206 7 0.417 0.0 0.75545 -0.47116
4458 1206 7 0.417 0.0 -0.75545 -0.47116
4459 1207 6 -0.834 0.0 0.0 0.11779
4460 1207 7 0.417 0.0 0.75545 -0.47116
4461 1207 7 0.417 0.0 -0.75545 -0.47116
4462 1208 6 -0.834 0.0 0.0 0.11779
4463 1208 7 0.417 0.0 0.75545 -0.47116
4464 1208 7 0.417 0.0 -0.75545 -0.47116
4465 1209 6 -0.834 0.0 0.0 0.11779
4466 1209 7 0.417 0.0 0.75545 -0.47116
4467 1209 7 0.417 0.0 -0.75545 -0.47116
4468 1210 6 -0.834 0.0 0.0 0.11779
4469 1210 7 0.417 0.0 0.75545 -0.47116
4470 1210 7 0.417 0.0 -0.75545 -0.47116
4471 1211 6 -0.834 0.0 0.0 0.11779
4472 1211 7 0.417 0.0 0.75545 -0.47116
4473 1211 7 0.417 0.0 -0.75545 -0.47116
4474 1212 6 -0.834 0.0 0.0 0.11779
4475 1212 7 0.417 0.0 0.75545 -0.47116
4476 1212 7 0.417 0.0 -0.75545 -0.47116
4477 1213 6 -0.834 0.0 0.0 0.11779
4478 1213 7 0.417 0.0 0.75545 -0.47116
4479 1213 7 0.417 0.0 -0.75545 -0.47116
4480 1214 6 -0.834 0.0 0.0 0.11779
4481 1214 7 0.417 0.0 0.75545 -0.47116
4482 1214 7 0.417 0.0 -0.75545 -0.47116
4483 1215 6 -0.834 0.0 0.0 0.11779
4484 1215 7 0.417 0.0 0.75545 -0.47116
4485 1215 7 0.417 0.0 -0.75545 -0.47116
4486 1216 6 -0.834 0.0 0.0 0.11779
4487 1216 7 0.417 0.0 0.75545 -0.47116
4488 1216 7 0.417 0.0 -0.75545 -0.47116
4489 1217 6 -0.834 0.0 0.0 0.11779
4490 1217 7 0.417 0.0 0.75545 -0.47116
4491 1217 7 0.417 0.0 -0.75545 -0.47116
4492 1218 6 -0.834 0.0 0.0 0.11779
4493 1218 7 0.417 0.0 0.75545 -0.47116
4494 1218 7 0.417 0.0 -0.75545 -0.47116
4495 1219 6 -0.834 0.0 0.0 0.11779
4496 1219 7 0.417 0.0 0.75545 -0.47116
4497 1219 7 0.417 0.0 -0.75545 -0.47116
4498 1220 6 -0.834 0.0 0.0 0.11779
4499 1220 7 0.417 0.0 0.75545 -0.47116
4500 1220 7 0.417 0.0 -0.75545 -0.47116
