5.752944 30.852014 40.659818
5.399460 29.887917 41.279227
6.732913 31.038053 39.994124
6.496890 31.377153 41.901741
5.516920 31.191114 42.567436
6.850374 32.341250 41.282333
7.240836 31.902292 43.143665
6.887352 30.938195 43.763073
8.220806 32.088331 42.477970
7.984782 32.427431 44.385588
7.004812 32.241392 45.051282
8.338266 33.391527 43.766179
8.728728 32.952570 45.627511
8.375244 31.988473 46.246920
9.708698 33.138609 44.961817
9.472674 33.477709 46.869434
8.492705 33.291669 47.535129
9.826158 34.441805 46.250026
10.216620 34.002847 48.111358
9.863136 33.038751 48.730766
11.196590 34.188887 47.445663
10.960567 34.527986 49.353281
9.980597 34.341947 50.018975
11.314051 35.492083 48.733872
6.363756 32.991572 43.208465
5.191205 32.903110 43.948261
4.356233 32.923860 43.100445
5.399690 33.660418 44.842363
5.021031 31.569756 44.614000
4.903874 30.510831 43.544723
4.793387 29.360800 44.097191
3.919604 30.792278 42.775308
6.016739 30.415970 42.918198
6.063271 31.329229 45.480188
5.830448 30.073681 46.150555
5.747260 29.160762 45.247196
6.790717 29.897320 46.989114
4.532600 30.140831 46.899608
3.572332 30.317191 46.061049
4.615788 31.053750 47.802967
4.241572 28.571395 47.737567
4.163062 27.539750 46.732806
5.322458 28.358149 48.668271
2.942242 28.769109 48.432299
2.766144 27.958012 48.880754
5.332828 20.322492 14.653384
5.261567 21.087857 13.732929
6.203951 19.563118 14.973687
4.691648 19.221879 13.787856
3.820524 19.981253 13.467553
4.762909 18.456514 14.708311
4.050469 18.121265 12.922328
3.979208 18.886631 12.001872
4.921593 17.361891 13.242630
3.409289 17.020652 12.056800
2.538166 17.780026 11.736497
3.480550 16.255287 12.977255
2.768110 15.920039 11.191271
2.696849 16.685404 10.270816
3.639234 15.160664 11.511574
2.126931 14.819425 10.325743
1.255807 15.578800 10.005440
2.198191 14.054060 11.246198
1.485751 13.718812 9.460215
1.414490 14.484177 8.539759
2.356875 12.959438 9.780517
0.844572 12.618199 8.594686
-0.026552 13.377573 8.274384
0.915833 11.852833 9.515142
2.930661 18.112878 13.762542
1.852013 18.947991 13.499663
1.901739 19.716854 14.406733
1.002423 18.173137 13.192745
2.053145 19.792689 12.276539
3.225964 20.712277 12.515817
3.433568 21.416491 11.466540
3.002424 21.422168 13.557971
4.298141 20.017648 12.604850
2.226724 18.997035 11.166942
2.347870 19.841134 10.003834
3.357432 20.617186 10.190720
2.458116 19.073469 8.976733
1.109249 20.675049 9.860985
0.999004 21.442714 10.888086
0.099687 19.898996 9.674098
1.260683 21.730172 8.407100
2.400193 22.592586 8.601415
1.400953 20.877344 7.252540
-0.014696 22.493545 8.381182
0.039407 23.056078 7.625782
37.091524 37.769572 10.725894
36.210879 38.176210 10.020763
37.556447 36.670235 10.841668
36.062832 37.450443 11.826599
35.597909 38.549781 11.710826
36.943477 37.043805 12.531731
35.034141 37.131315 12.927304
34.153496 37.537953 12.222172
35.499064 36.031977 13.043077
34.005449 36.812186 14.028008
33.540526 37.911523 13.912235
34.886094 36.405548 14.733140
32.976758 36.493057 15.128713
32.096113 36.899695 14.423581
33.441681 35.393719 15.244486
31.948066 36.173928 16.229417
31.483143 37.273266 16.113644
32.828711 35.767290 16.934549
30.919375 35.854800 17.330122
30.038730 36.261438 16.624990
31.384298 34.755462 17.445895
29.890683 35.535671 18.430826
29.425760 36.635008 18.315053
30.771328 35.129033 19.135958
35.616151 38.101094 13.752405
35.166476 39.414961 13.713082
36.095757 39.985115 13.235838
34.652917 39.537506 14.779684
34.051648 39.620509 12.730785
34.574087 39.331599 11.344427
33.624277 39.468254 10.496378
35.574645 40.092985 11.101170
34.858743 38.086625 11.249502
32.970931 38.834256 13.059811
31.897675 39.109073 12.136450
32.328090 38.847988 10.951976
30.885250 38.400379 12.495821
31.531144 40.561480 12.214998
32.543569 41.270175 11.855626
31.100729 40.822565 13.399471
30.189574 40.905003 11.060797
30.658575 40.599515 9.731618
29.055419 40.102171 11.447002
29.926339 42.357598 11.235937
29.224692 42.563900 10.640008
18.043054 45.392798 6.936423
18.502551 45.592615 5.846912
18.093538 46.048767 7.939048
19.335845 44.664186 7.348025
19.285362 44.008218 6.345400
18.876348 44.464369 8.437536
20.628637 43.935575 7.759626
21.088134 44.135393 6.670115
20.679120 44.591544 8.762251
21.921428 43.206964 8.171228
21.870945 42.550995 7.168603
21.461931 43.007146 9.260739
23.214220 42.478352 8.582829
23.673717 42.678170 7.493318
23.264703 43.134321 9.585454
24.507011 41.749741 8.994431
24.456528 41.093772 7.991806
24.047514 41.549923 10.083942
25.799802 41.021129 9.406032
26.259300 41.220947 8.316521
25.850286 41.677098 10.408657
27.092594 40.292518 9.817634
27.042110 39.636549 8.815009
26.633097 40.092700 10.907145
19.914664 42.737474 7.881268
19.782823 41.887331 6.790454
18.621199 41.970412 6.545242
20.434465 40.948463 7.122553
20.466950 42.406446 5.560621
19.800407 43.696675 5.149002
20.396012 44.172060 4.119797
18.552948 43.485170 4.951237
20.020771 44.590548 6.039188
21.815147 42.561176 5.790458
22.448276 42.994713 4.569314
21.898630 44.104738 4.219838
23.711896 43.082789 4.797149
22.214439 41.973413 3.495878
20.950820 41.885337 3.268043
22.764086 40.863388 3.845354
23.005851 42.515334 1.969448
22.406466 43.767712 1.579210
24.421206 42.632214 2.220667
22.702254 41.429379 1.000670
23.107341 41.689878 0.189470
14.268030 2.596593 22.589392
13.300284 3.051524 23.132167
15.269099 2.119479 23.045815
14.927272 3.988325 22.598303
13.926203 4.465439 22.141880
15.895018 3.533394 22.055527
15.586515 5.380058 22.607214
14.618769 5.834989 23.149990
16.587584 4.902944 23.063637
16.245757 6.771791 22.616126
15.244688 7.248905 22.159703
17.213503 6.316860 22.073350
16.905000 8.163524 22.625037
15.937254 8.618455 23.167812
17.906069 7.686410 23.081460
17.564242 9.555256 22.633948
16.563173 10.032370 22.177525
18.531988 9.100325 22.091173
18.223485 10.946989 22.642859
17.255739 11.401920 23.185635
19.224555 10.469875 23.099282
18.882727 12.338722 22.651771
17.881658 12.815835 22.195348
19.850473 11.883790 22.108995
15.539862 5.411114 21.208336
14.432784 5.939694 20.556431
13.953796 4.974765 20.050582
14.878448 6.926806 20.063081
13.379023 6.432782 21.503243
12.857740 5.258271 22.295195
11.981272 5.668068 23.134165
12.403002 4.372295 21.490050
13.787525 4.812981 23.054943
13.885131 7.427205 22.309083
12.828038 7.922511 23.155975
12.389039 6.930963 23.849164
13.313690 8.883004 23.861663
11.714295 8.455528 22.304230
11.228643 7.495036 21.598542
12.153294 9.447076 21.611041
10.392929 9.074661 23.362845
9.905892 7.972447 24.155260
10.933283 10.141381 24.169148
9.366166 9.567141 22.407219
8.660327 9.898085 22.938507
20.077419 9.343423 38.307768
21.178879 8.870234 38.339044
19.637084 10.258815 37.670381
20.463090 10.315861 39.437910
20.903425 9.400469 40.075297
19.361630 10.789050 39.406634
20.848761 11.288300 40.568052
21.950221 10.815111 40.599328
20.408425 12.203692 39.930665
21.234431 12.260738 41.698195
21.674767 11.345346 42.335582
20.132971 12.733927 41.666919
21.620102 13.233176 42.828337
22.721562 12.759987 42.859613
21.179767 14.148568 42.190950
22.005773 14.205615 43.958479
22.446108 13.290223 44.595866
20.904313 14.678804 43.927203
22.391443 15.178053 45.088622
23.492903 14.704864 45.119898
21.951108 16.093445 44.451235
22.777114 16.150491 46.218764
23.217449 15.235099 46.856151
21.675654 16.623680 46.187488
19.923186 10.669215 41.416608
20.309093 9.595316 42.208957
19.708061 8.692245 41.719445
20.249002 10.056185 43.304580
21.752800 9.228943 42.031528
21.961143 8.774445 40.607300
23.197288 8.491244 40.429138
21.181807 7.789229 40.358330
21.782797 9.765171 39.815685
22.562188 10.289933 42.368561
23.939782 9.879339 42.251744
24.132099 9.506912 41.034898
24.673040 10.870851 42.620033
24.193465 8.717000 43.165315
23.460207 7.725488 42.797025
24.001148 9.089427 44.382160
25.915458 8.203757 43.019293
26.143835 7.799776 41.653774
26.744880 9.315264 43.415034
26.032303 7.060894 43.962803
26.928662 6.772425 43.905128
22.433284 36.810692 26.392757
22.642741 37.899785 26.848940
22.856190 36.282771 25.402529
21.249857 37.376301 25.585795
20.826951 37.904222 26.576022
21.040399 36.287207 25.129611
20.066430 37.941909 24.778833
20.275887 39.031002 25.235017
20.489336 37.413988 23.788606
18.883002 38.507518 23.971871
18.460096 39.035439 24.962098
18.673545 37.418424 23.515688
17.699575 39.073126 23.164910
17.909033 40.162219 23.621093
18.122481 38.545205 22.174683
16.516148 39.638735 22.357948
16.093242 40.166656 23.348175
16.306691 38.549641 21.901764
15.332721 40.204343 21.550986
15.542178 41.293436 22.007170
15.755627 39.676422 20.560759
14.149294 40.769952 20.744025
13.726388 41.297873 21.734252
13.939836 39.680858 20.287841
19.181121 37.156268 25.526494
18.620971 37.653548 26.696514
19.134726 36.976301 27.529457
17.474854 37.769622 26.397614
19.072604 39.048702 27.012064
20.562123 39.027524 27.255551
20.970101 40.218211 27.491807
20.824691 38.211308 28.206786
21.165926 38.734711 26.164825
18.717821 39.908991 25.997948
19.106217 41.248029 26.366903
20.378807 41.244189 26.558993
18.718935 42.037510 25.427151
18.419595 41.633074 27.643731
18.806876 40.843593 28.583483
17.147005 41.636914 27.451640
18.905090 43.306870 28.104924
20.333132 43.315074 28.306491
18.488830 44.196542 27.048888
18.165023 43.561623 29.368808
18.402875 44.435609 29.632579
36.413256 23.591640 20.523160
35.500165 23.414706 21.280168
37.359184 22.901732 20.263651
37.216008 24.268562 21.649644
36.270080 24.958471 21.909153
38.129099 24.445496 20.892637
38.018761 24.945483 22.776128
37.105671 24.768549 23.533135
38.964690 24.255575 22.516619
38.821514 25.622405 23.902612
37.875585 26.312313 24.162121
39.734604 25.799339 23.145604
39.624267 26.299326 25.029095
38.711176 26.122392 25.786103
40.570195 25.609417 24.769586
40.427019 26.976248 26.155579
39.481091 27.666156 26.415088
41.340110 27.153182 25.398572
41.229772 27.653169 27.282063
40.316682 27.476234 28.039070
42.175701 26.963260 27.022554
42.032525 28.330090 28.408546
41.086596 29.019999 28.668055
42.945615 28.507025 27.651539
37.972788 26.159064 22.079630
36.926488 27.048225 22.290932
36.347099 27.006923 21.252181
37.473038 27.956371 22.832184
35.932729 26.550437 23.298231
35.291776 25.294327 22.759931
34.465286 24.836162 23.624222
34.744238 25.548242 21.630450
36.170808 24.365543 22.691638
36.542820 26.349269 24.515490
35.545777 25.938166 25.473039
35.005794 24.856652 25.031286
36.131733 25.806100 26.611289
34.492909 27.000696 25.584841
33.906953 27.132762 24.446591
35.032892 28.082210 26.026594
33.246606 26.486817 26.781777
32.647355 25.265871 26.301996
33.898398 26.320813 28.057555
32.275731 27.612500 26.797200
31.609941 27.367326 27.418983
29.930462 23.385871 32.450087
30.837831 23.874239 33.063502
29.390974 22.321203 32.566428
30.933440 22.769172 31.457455
31.472929 23.833840 31.341114
30.026072 22.280804 30.844040
31.936419 22.152474 30.464824
32.843788 22.640843 31.078238
31.396930 21.087807 30.581164
32.939397 21.535776 29.472192
33.478885 22.600444 29.355851
32.032028 21.047407 28.858777
33.942375 20.919078 28.479560
34.849744 21.407446 29.092975
33.402887 19.854410 28.595901
34.945354 20.302379 27.486928
35.484842 21.367047 27.370587
34.037985 19.814011 26.873513
35.948332 19.685681 26.494296
36.855701 20.174050 27.107711
35.408844 18.621013 26.610637
36.951310 19.068983 25.501665
37.490798 20.133650 25.385324
36.043941 18.580614 24.888250
31.421386 22.959293 29.443165
31.960305 24.217584 29.205955
31.072977 24.938223 29.537209
32.479752 24.073244 28.144946
33.087832 24.553798 30.136354
32.548492 24.605339 31.545203
33.506493 24.856702 32.357023
31.602903 25.466832 31.605965
32.179101 23.431898 31.900992
34.111575 23.644251 29.998245
35.202315 24.038094 30.855668
34.756444 24.067174 32.062628
36.163219 23.202195 30.670366
35.667658 25.411645 30.472506
34.706754 26.247544 30.657809
36.113529 25.382565 29.265546
37.031082 25.903950 31.544285
36.543845 25.923455 32.901569
38.106928 24.962366 31.354611
37.393267 27.263891 31.065347
38.108164 27.545663 31.612637
36.855256 12.268887 6.668544
37.018116 11.081017 6.645299
36.683347 13.052493 5.777192
38.376926 12.479630 6.560338
38.548835 11.696023 7.451690
38.214066 13.667500 6.583584
39.898596 12.690372 6.452133
40.061456 11.502502 6.428887
39.726687 13.473979 5.560781
41.420266 12.901115 6.343927
41.592174 12.117509 7.235279
41.257405 14.088985 6.367172
42.941935 13.111858 6.235721
43.104796 11.923987 6.212476
42.770026 13.895464 5.344369
44.463605 13.322600 6.127516
44.635514 12.538994 7.018868
44.300745 14.510471 6.150761
45.985275 13.533343 6.019310
46.148135 12.345472 5.996064
45.813366 14.316949 5.127958
47.506945 13.744086 5.911104
47.678854 12.960479 6.802456
47.344084 14.931956 5.934350
39.911264 13.256342 7.732569
40.101874 12.454111 8.850644
39.039254 12.508449 9.383828
41.173544 12.804036 9.232059
40.278007 11.005056 8.505363
39.006004 10.506482 7.863623
39.152329 9.278724 7.530159
38.025146 10.693048 8.665564
38.845201 11.087418 6.733731
41.377437 10.834912 7.694990
41.554475 9.426284 7.441169
40.480996 8.995506 6.876836
42.615286 9.291093 6.725067
41.746896 8.704906 8.742164
40.686085 8.840097 9.458267
42.820375 9.135684 9.306498
41.968193 6.944121 8.424888
40.775237 6.456494 7.777526
43.146671 6.784925 7.608893
42.146162 6.353603 9.777521
42.264489 5.427993 9.638793
19.831829 27.369449 31.374810
20.337279 27.995175 32.264242
19.746733 26.185951 31.201055
21.165437 27.386598 30.604878
21.250532 28.570096 30.778633
20.659987 26.760873 29.715446
22.499044 27.403747 29.834945
23.004494 28.029473 30.724376
22.413949 26.220249 29.661190
23.832652 27.420896 29.065012
23.917748 28.604394 29.238768
23.327203 26.795170 28.175581
25.166260 27.438045 28.295080
25.671710 28.063770 29.184511
25.081164 26.254547 28.121325
26.499868 27.455194 27.525147
26.584964 28.638692 27.698903
25.994418 26.829468 26.635716
27.833476 27.472343 26.755215
28.338925 28.098068 27.644646
27.748380 26.288844 26.581459
29.167083 27.489491 25.985282
29.252179 28.672990 26.159038
28.661634 26.863766 25.095851
21.910549 28.184629 28.832999
21.941372 29.570973 28.917266
20.795937 29.837832 29.099381
22.666452 29.861885 28.019475
22.644761 30.064880 30.146615
21.872591 29.604408 31.359099
22.479767 29.988109 32.419341
20.670329 30.039491 31.286515
21.937982 28.328271 31.443940
23.950941 29.631134 30.159205
24.612295 30.180819 31.316986
23.971286 29.778351 32.357912
25.841801 29.802404 31.278006
24.559048 31.678717 31.258118
23.329542 32.057131 31.297097
25.200057 32.081184 30.217192
25.385740 32.365823 32.705344
24.682848 31.906242 33.877833
26.761198 31.932967 32.677938
25.263368 33.836506 32.526139
25.690259 34.221555 33.274137
34.959329 11.976863 37.902470
33.892652 12.509843 38.029879
35.894097 12.254422 37.204423
34.383725 11.093139 36.780280
33.448957 10.815580 37.478327
35.450402 10.560159 36.652872
33.808121 10.209414 35.658090
32.741444 10.742393 35.785498
34.742890 10.486972 34.960043
33.232518 9.325689 34.535900
32.297749 9.048131 35.233947
34.299195 8.792710 34.408491
32.656914 8.441964 33.413710
31.590237 8.974944 33.541118
33.591682 8.719523 32.715663
32.081310 7.558239 32.291519
31.146542 7.280681 32.989566
33.147987 7.025260 32.164111
31.505706 6.674515 31.169329
30.439029 7.207494 31.296738
32.440474 6.952073 30.471282
30.930102 5.790790 30.047139
29.995334 5.513231 30.745186
31.996780 5.257811 29.919731
33.992794 9.074661 36.456984
32.983417 8.647883 37.310810
33.453042 8.862369 38.383120
32.645701 7.622859 36.809139
31.762986 9.517966 37.251614
32.135883 10.900921 37.727833
31.112261 11.666516 37.649971
32.615178 10.826338 38.913039
32.948450 11.432185 36.892673
31.238838 9.523687 35.978965
30.031598 10.312716 35.976833
30.342932 11.499848 36.364377
29.535591 10.260337 34.790396
29.048603 9.723831 36.944787
29.544609 9.776209 38.131225
28.737269 8.536699 36.557244
27.539552 10.710117 36.942122
27.882548 12.047164 37.360045
26.985503 10.669930 35.611177
26.661558 10.028461 37.929275
25.861128 10.527462 37.946875
10.601588 37.686201 11.838644
10.453816 36.668729 12.455907
10.957533 38.773868 12.196950
9.137961 38.071426 12.123244
8.782016 36.983759 11.764938
9.285732 39.088898 11.505981
7.674334 38.456652 12.407845
7.526562 37.439180 13.025108
8.030279 39.544319 12.766151
6.210707 38.841877 12.692445
5.854761 37.754210 12.334139
6.358478 39.859349 12.075182
4.747079 39.227102 12.977046
4.599308 38.209630 13.594309
5.103025 40.314769 13.335352
3.283452 39.612327 13.261646
2.927507 38.524660 12.903340
3.431224 40.629799 12.644383
1.819825 39.997552 13.546247
1.672054 38.980080 14.163510
2.175770 41.085219 13.904553
0.356198 40.382777 13.830847
0.000253 39.295110 13.472541
0.503970 41.400249 13.213584
7.382891 38.358378 11.042047
6.959894 37.150450 10.501694
7.882247 36.845194 9.814319
5.829367 37.385510 10.213499
6.869975 36.054833 11.522252
8.253035 35.790802 12.066156
8.188511 34.881298 12.965400
9.036903 35.484500 11.100895
8.650637 36.812618 12.727824
5.972058 36.391153 12.509690
5.861322 35.288517 13.432691
7.033483 35.067495 13.916000
4.980603 35.607811 14.315180
5.396690 34.066549 12.697223
6.277408 33.747255 11.814735
4.224529 34.287570 12.213915
5.258270 32.688254 13.850975
6.565297 32.444235 14.409664
4.284320 33.044585 14.853197
4.795927 31.555833 13.006072
4.715164 30.818402 13.588887
25.722421 29.515793 36.822406
26.522089 28.660830 37.082541
25.754710 30.699973 37.008887
25.061944 29.316974 38.199302
25.029655 28.132793 38.012821
24.262276 30.171937 37.939167
24.401467 29.118154 39.576197
25.201134 28.263191 39.836332
24.433755 30.302334 39.762678
23.740990 28.919334 40.953092
23.708701 27.735154 40.766612
22.941322 29.774297 40.692957
23.080513 28.720515 42.329988
23.880180 27.865552 42.590123
23.112801 29.904695 42.516468
22.420035 28.521695 43.706883
22.387747 27.337515 43.520403
21.620368 29.376658 43.446748
21.759558 28.322875 45.083778
22.559226 27.467912 45.343913
21.791847 29.507055 45.270259
21.099081 28.124056 46.460674
21.066793 26.939876 46.274193
20.299414 28.979019 46.200539
23.236728 28.657250 38.950936
23.076770 27.304334 38.678848
23.123983 27.279157 37.489926
22.197600 27.000293 39.421156
24.247941 26.478165 39.121346
25.462473 26.906792 38.334206
26.480047 26.234779 38.725285
25.225790 26.772522 37.082826
25.776029 28.105552 38.657712
24.433158 26.596943 40.480017
25.521134 25.737852 40.877853
26.566695 26.107736 40.224869
25.640311 25.828872 42.156099
25.194784 24.319093 40.516443
25.075606 24.228073 39.238197
24.149223 23.949209 41.169427
26.554753 23.245230 41.013738
27.734975 23.663528 40.298125
26.705660 23.353679 42.443936
26.110006 21.887087 40.604288
26.807591 21.303387 40.854625
25.768680 0.355721 30.648678
24.683056 0.640186 30.226067
26.335445 0.703528 31.646630
26.377432 1.547990 29.887419
25.810667 1.200182 28.889468
27.463056 1.263524 30.310030
26.986184 2.740259 29.126160
25.900560 3.024724 28.703549
27.552949 3.088066 30.124112
27.594936 3.932528 28.364901
27.028171 3.584720 27.366949
28.680560 3.648062 28.787512
28.203689 5.124797 27.603642
27.118065 5.409262 27.181031
28.770454 5.472604 28.601593
28.812441 6.317066 26.842383
28.245676 5.969258 25.844431
29.898065 6.032600 27.264994
29.421193 7.509335 26.081124
28.335569 7.793800 25.658512
29.987958 7.857142 27.079075
30.029945 8.701604 25.319864
29.463180 8.353796 24.321913
31.115569 8.417138 25.742476
27.712586 1.855076 28.320684
27.166216 1.377618 27.135984
26.998728 0.225345 27.382184
27.852562 1.897618 26.314444
25.789671 1.911797 26.871830
24.868608 1.426638 27.964837
23.695544 1.903401 27.773475
24.888401 0.146619 27.998889
25.211498 1.961513 29.076743
25.817313 3.284720 26.778459
24.492654 3.755671 26.456770
23.702535 3.362125 27.393378
24.556370 5.034399 26.325638
24.050054 3.151758 25.157003
23.986338 1.873030 25.288135
24.840173 3.545304 24.220394
22.394231 3.740447 24.754892
21.504791 3.317225 25.808353
22.453496 5.175306 24.621975
22.079315 3.076213 23.462754
21.213504 3.369104 23.229117
16.314543 41.744194 12.191809
15.523348 42.307110 12.895540
17.099746 40.872180 12.439090
17.378219 42.801310 12.542095
16.593016 43.673324 12.294814
18.169413 42.238394 11.838365
18.441894 43.858426 12.892381
17.650700 44.421342 13.596111
19.227097 42.986412 13.139662
19.505570 44.915542 13.242667
18.720367 45.787556 12.995386
20.296764 44.352626 12.538936
20.569245 45.972658 13.592952
19.778051 46.535574 14.296683
21.354448 45.100644 13.840233
21.632921 47.029774 13.943238
20.847718 47.901788 13.695957
22.424116 46.466858 13.239508
22.696597 48.086890 14.293524
21.905402 48.649806 14.997255
23.481799 47.214876 14.540805
23.760272 49.144006 14.643810
22.975069 50.016020 14.396529
24.551467 48.581090 13.940079
18.450283 44.291163 11.560965
17.586735 45.297402 11.146514
16.843777 44.710597 10.425353
18.335685 46.193305 10.916663
16.713601 45.809083 12.253681
15.824714 44.683163 12.723343
15.096802 45.094110 13.693533
15.138809 44.244003 11.735076
16.543038 43.777660 13.274771
17.482390 46.330617 13.269243
16.609855 46.873208 14.281309
15.859706 45.915485 14.701362
17.351615 47.398193 15.192672
15.747506 47.941266 13.676655
15.005746 47.416281 12.765292
16.497654 48.898989 13.256602
14.656837 48.619505 14.941737
13.823205 47.548500 15.429596
15.480881 49.195954 15.975496
13.867399 49.652651 14.221044
13.285908 50.024682 14.864055
34.466691 20.375663 15.412281
33.949948 21.192396 16.122228
35.621626 20.092377 15.257444
34.572170 21.421070 14.286404
33.417235 21.704356 14.441241
35.088913 20.604337 13.576458
34.677649 22.466476 13.160527
34.160906 23.283209 13.870473
35.832584 22.183190 13.005690
34.783128 23.511882 12.034650
33.628193 23.795168 12.189487
35.299871 22.695149 11.324703
34.888607 24.557289 10.908772
34.371863 25.374022 11.618719
36.043541 24.274003 10.753935
34.994086 25.602695 9.782895
33.839151 25.885981 9.937732
35.510829 24.785962 9.072949
35.099564 26.648102 8.657018
34.582821 27.464835 9.366964
36.254499 26.364816 8.502181
35.205043 27.693508 7.531141
34.050109 27.976794 7.685978
35.721787 26.876775 6.821194
33.784181 21.719650 12.383374
32.417257 21.951752 12.470826
32.024189 20.951887 12.982847
32.172133 22.418171 11.403695
32.071439 23.037370 13.446451
32.494322 22.595218 14.826333
32.238050 23.526571 15.667110
31.915276 21.489625 15.113335
33.771700 22.517380 14.873730
32.658705 24.224423 13.071719
32.249068 25.256695 13.991834
32.621830 24.896966 15.169986
32.769774 26.363250 13.590834
30.754506 25.382108 13.968263
30.233800 24.275553 14.369263
30.381744 25.741838 12.790111
30.242460 26.672449 15.118407
30.670822 26.284604 16.439801
30.835205 27.913809 14.685187
28.760761 26.694057 14.999656
28.466397 27.364458 15.594563
36.800427 15.023500 42.648604
35.713474 15.483056 42.435437
37.461435 14.250766 42.012954
36.154986 13.848258 43.406108
35.493978 14.620992 44.041758
37.241939 13.388701 43.619274
35.509545 12.673016 44.163611
34.422591 13.132572 43.950444
36.170553 11.900282 43.527961
34.864103 11.497774 44.921115
34.203096 12.270508 45.556765
35.951057 11.038217 45.134282
34.218662 10.322532 45.678619
33.131709 10.782088 45.465452
34.879670 9.549798 45.042968
33.573221 9.147290 46.436122
32.912213 9.920024 47.071773
34.660174 8.687733 46.649289
32.927780 7.972048 47.193626
31.840826 8.431604 46.980459
33.588787 7.199314 46.557976
32.282338 6.796806 47.951130
31.621330 7.569540 48.586780
33.369292 6.337250 48.164296
36.105869 13.111464 45.351955
35.441850 14.009013 46.178687
36.107470 14.989797 46.071859
35.202176 13.341406 47.134331
34.096319 14.405478 45.647311
34.292033 15.131761 44.338644
33.149459 15.446490 43.853390
35.051907 16.145447 44.525812
34.753093 14.315948 43.465791
33.286150 13.300215 45.519169
31.983213 13.727998 45.072675
32.137698 14.332970 43.947267
31.232404 12.684578 45.009740
31.404384 14.688183 46.069170
32.155193 15.731602 46.132106
31.249899 14.083211 47.194579
29.775712 15.222911 45.511053
29.937897 15.888143 44.241737
28.932015 14.056597 45.422262
29.319659 16.157887 46.573050
28.465233 16.453515 46.303681
43.154688 16.160747 27.905235
43.136482 15.548346 26.874346
42.269336 16.691643 28.515482
43.399930 17.465947 27.125550
44.285281 16.935050 26.515303
43.418136 18.078347 28.156440
43.645172 18.771147 26.345864
43.626965 18.158746 25.314974
42.759820 19.302043 26.956111
43.890413 20.076346 25.566178
44.775765 19.545450 24.955931
43.908619 20.688747 26.597068
44.135655 21.381546 24.786492
44.117449 20.769146 23.755603
43.250303 21.912443 25.396739
44.380897 22.686746 24.006807
45.266249 22.155850 23.396560
44.399103 23.299147 25.037697
44.626139 23.991946 23.227121
44.607933 23.379545 22.196231
43.740787 24.522842 23.837368
44.871380 25.297146 22.447435
45.756732 24.766249 21.837188
44.889586 25.909546 23.478325
44.910152 18.885252 26.934764
46.019971 18.312967 26.325836
46.299762 17.438385 27.082950
46.643737 19.269054 25.989365
45.684097 17.610276 25.043879
44.757413 16.460231 25.355415
44.432340 15.870579 24.266086
45.321011 15.677902 26.198219
43.636794 16.919476 25.771716
45.139608 18.494309 24.140321
44.894090 17.799767 22.900428
44.089612 16.827380 23.152771
44.433587 18.658049 22.059186
46.184620 17.243783 22.375629
46.645122 16.385501 23.216872
46.989098 18.216171 22.123286
45.877722 16.375607 20.825763
44.963778 15.293365 21.096796
45.345973 17.327442 19.881702
47.218830 15.880218 20.418310
47.085270 15.419907 19.605736
8.309541 41.585952 6.291030
8.849530 41.055908 5.360673
8.421678 42.695329 6.732403
9.437230 41.101822 7.221372
9.325093 39.992446 6.780000
8.897241 41.631866 8.151729
10.564919 40.617692 8.151714
11.104908 40.087647 7.221356
10.677056 41.727068 8.593086
11.692607 40.133561 9.082055
11.580471 39.024185 8.640683
11.152618 40.663606 10.012413
12.820296 39.649431 10.012397
13.360285 39.119386 9.082040
12.932433 40.758807 10.453769
13.947985 39.165300 10.942739
13.835848 38.055924 10.501366
13.407996 39.695345 11.873096
15.075674 38.681170 11.873080
15.615663 38.151126 10.942723
15.187811 39.790546 12.314453
16.203363 38.197040 12.803422
16.091226 37.087663 12.362049
15.663374 38.727084 13.733779
9.651942 39.806627 8.836292
9.430969 38.498661 8.423501
8.314059 38.548515 8.015546
9.895753 37.869475 9.320441
10.253397 38.117627 7.228334
9.837798 38.983486 6.063875
10.555761 38.694924 5.043454
8.583832 38.834391 5.850945
10.163237 40.198980 6.301921
11.595235 38.228997 7.513758
12.352451 37.790029 6.367490
12.018093 38.535082 5.372753
13.599786 37.856042 6.677648
12.001053 36.366197 6.052496
10.753718 36.300185 5.742338
12.335411 35.621145 7.047232
12.947572 35.817488 4.619660
12.590554 36.658198 3.503530
14.347992 35.903709 4.953414
12.511335 34.410925 4.416488
12.994408 34.098969 3.668608
17.332882 32.563035 17.863983
16.590556 32.702063 17.274755
18.075071 32.420936 17.275315
41.842122 24.057348 16.044937
41.695467 24.628512 15.290065
42.098117 23.219430 15.657733
5.530574 4.307572 40.275609
4.578528 4.412357 40.289579
5.701669 3.637512 40.938415
27.259665 49.312838 17.338928
27.817655 49.895091 16.822017
27.874664 48.831259 17.893386
42.182004 0.942390 19.914907
42.920355 1.383614 20.336481
42.183161 0.065272 20.299915
3.019750 15.877337 2.585168
2.478639 15.163550 2.924689
3.641600 16.055562 3.291641
16.970093 19.281373 47.581374
16.580658 19.065542 48.429503
17.287416 18.440800 47.249245
19.780986 6.046019 8.998931
20.702701 5.929797 8.765474
19.311673 5.476173 8.388532
11.521620 0.660710 18.629970
11.803297 0.413785 19.511590
11.492855 1.617889 18.653349
8.145985 11.463514 37.944474
8.478711 10.581176 38.112822
8.300422 11.596874 37.008562
13.543327 31.100250 6.792508
14.316991 31.495951 7.195535
13.482020 31.526108 5.936673
40.978533 23.428813 26.444173
41.114765 23.510206 25.499513
40.204388 23.966226 26.615792
17.685887 6.231607 19.004051
18.062066 7.096618 19.170825
17.823401 6.093861 18.066137
4.356251 40.113997 20.809146
4.690730 41.008486 20.734441
4.613933 39.840996 21.690416
39.962064 47.925474 31.589753
39.134304 47.444175 31.616799
40.301245 47.757765 30.709755
20.819842 30.924198 10.739394
21.547871 31.408122 11.131004
20.614039 30.248044 11.385943
12.497848 36.696300 43.861874
12.390478 37.378288 44.525900
13.283799 36.223258 44.137698
14.260670 30.645743 11.823596
13.312615 30.781747 11.839751
14.608700 31.467324 11.475104
26.667337 12.882794 28.579033
27.457677 13.186451 28.131012
25.958533 13.372311 28.160062
22.891028 27.570545 12.461484
22.151110 27.727875 13.049136
23.630762 27.422187 13.051697
8.504546 35.784020 19.289415
7.842323 35.950695 18.617666
8.945172 34.987674 18.990671
29.140948 36.058782 20.488736
29.984882 36.120355 20.937682
28.584335 35.577996 21.102408
16.410312 37.897920 6.007753
17.152506 37.568173 6.515673
15.800805 38.225315 6.670234
9.894730 19.490088 22.768438
9.696987 20.289985 22.279941
10.717147 19.688043 23.217895
14.529019 16.140406 0.806473
14.504087 16.926366 1.353476
15.267487 15.638060 1.152712
28.978287 6.994460 33.889638
28.476244 7.525927 34.508558
29.499064 6.415553 34.447513
2.473436 7.461267 41.509605
1.579637 7.805219 41.489907
2.907734 7.977970 42.189289
34.994852 17.576242 31.557749
34.633714 18.448882 31.397604
34.222852 17.014531 31.635616
8.803534 14.860522 28.687203
9.028443 15.084891 27.783521
8.983957 13.921653 28.746702
23.665760 34.050094 27.575165
23.205424 34.812650 27.222794
23.573618 34.139568 28.524413
43.058832 44.826430 32.353927
42.269721 44.693535 32.880434
43.731065 45.059763 32.995196
37.280571 7.970122 39.561037
38.189628 8.240080 39.425738
37.015969 7.607802 38.714706
32.827058 42.220468 31.339797
32.692968 43.131223 31.604585
31.972110 41.945750 31.006391
20.753997 44.088511 32.022844
21.300204 44.642649 32.581553
20.073704 44.680593 31.700033
41.274801 25.825422 20.169847
41.541675 25.945079 21.082003
41.536104 24.926707 19.965890
39.075266 24.706444 9.850431
39.502809 24.482728 10.677912
39.365129 24.022786 9.245321
10.995454 39.549890 43.550484
11.645200 39.869496 44.177579
10.671229 40.344285 43.124596
48.389179 46.782104 10.609849
47.820493 46.017640 10.708638
49.275361 46.419946 10.642852
28.012680 6.560130 13.139082
27.397082 5.866537 13.378948
28.845921 6.102549 13.021201
18.305779 8.658447 25.068048
19.084774 9.182690 24.878563
17.575998 9.222208 24.808895
47.576474 9.563533 27.203514
47.777403 10.012612 28.025416
46.985604 8.855461 27.462499
13.873748 22.897005 0.103286
13.036297 23.361881 0.114780
14.526032 23.592764 0.013778
23.083265 10.044805 35.579684
22.387652 10.397755 35.023702
23.746307 9.739944 34.959199
30.166495 25.744510 43.658287
30.050535 26.030710 42.751530
29.276750 25.557634 43.959948
25.272379 3.135241 42.422022
25.830736 3.886973 42.220273
25.225069 3.129371 43.378732
24.662856 1.003650 38.440250
23.989056 1.312661 37.833559
24.233872 1.024883 39.296456
27.074574 6.096342 31.920830
26.126935 6.173384 32.037493
27.224458 6.394268 31.022865
17.108394 48.833260 17.409251
17.612258 49.313616 18.067238
17.211821 47.914691 17.660450
13.473647 28.915062 2.663405
13.405485 28.263755 1.964320
14.388139 29.198250 2.630600
5.021204 17.834225 10.333407
5.560804 18.608494 10.497434
4.266869 18.173226 9.850060
29.621424 17.746891 17.196849
29.617227 17.943353 18.134373
29.666151 16.790802 17.158642
40.273578 49.941737 27.643868
41.045175 49.848478 28.203785
39.802327 49.115330 27.755856
12.738501 35.502346 1.619691
11.947233 36.027282 1.493584
12.544060 34.676160 1.175646
35.570844 23.652475 17.903431
35.693562 24.139272 17.087627
35.309337 24.321167 18.537491
44.915227 28.638740 23.106431
45.432581 28.094978 23.701607
44.193746 28.958336 23.649468
0.875507 27.620301 27.594452
1.432484 27.573416 26.816541
0.685277 26.704529 27.801191
31.259106 47.951062 24.746984
32.080795 47.572152 24.432627
31.341089 48.884514 24.548204
15.108084 41.697556 46.038197
15.741961 41.329524 45.421496
15.649902 42.096638 46.719910
49.774900 19.980928 0.358323
49.997383 20.227723 1.256744
48.817233 19.994754 0.342528
46.856769 21.545278 10.064168
47.528608 20.988366 10.459197
47.130188 21.628554 9.149907
46.220610 41.004457 38.671169
47.009556 40.490155 38.846165
46.286832 41.746258 39.273592
2.543373 24.524181 13.209699
2.385354 25.324765 13.711359
2.459914 24.800454 12.296312
4.607245 33.680563 37.706408
5.185787 33.067150 38.160920
5.204957 34.315678 37.310255
41.524349 41.881907 26.717573
41.186127 42.012952 27.604139
41.004062 42.478691 26.178390
46.285797 45.554920 20.889877
46.547355 45.732472 19.985648
46.466994 46.374829 21.350836
46.951724 0.872183 7.637492
47.699806 0.569868 8.153773
46.683540 0.098950 7.139742
36.591037 31.235712 31.341327
36.258109 31.849262 31.997286
35.803301 30.912973 30.902147
28.910366 15.372688 19.904911
29.774357 15.313738 20.314316
28.300843 15.368378 20.643850
14.196134 20.065453 45.543574
13.584751 19.488973 45.083739
14.753540 20.417079 44.848430
8.684350 30.337792 30.987329
8.123702 30.347457 30.210704
8.591606 29.448662 31.331441
0.301018 25.013834 15.966913
1.097329 25.264341 15.497124
0.000695 24.225141 15.513771
37.868822 26.905633 11.984507
38.134441 27.452635 11.244370
37.073006 27.326207 12.312167
29.256347 23.956037 16.989507
29.261740 23.322577 17.708023
29.214526 24.806577 17.428141
27.262928 44.867452 5.309548
26.790563 45.630806 5.643804
26.653449 44.469819 4.686659
21.544082 33.316618 34.231812
21.918248 32.732708 34.892581
21.088818 33.986696 34.742985
11.564706 15.454627 21.438279
10.947896 15.921164 22.003483
11.427552 15.841849 20.572939
28.061176 45.797159 48.791222
28.186394 45.026220 49.345784
28.344216 46.528846 49.340848
35.735293 29.277837 4.971653
34.884521 29.384840 5.398623
36.074119 28.455993 5.328496
7.422537 10.357410 2.383853
7.021157 11.144212 2.754533
7.975711 10.688821 1.675522
16.638791 26.280879 45.425871
16.170861 26.545394 44.633003
16.005096 26.423757 46.129848
37.611335 41.335777 12.323415
38.336785 40.733943 12.493957
37.507762 41.815903 13.145800
31.799013 27.954498 9.320005
32.461288 28.299480 9.919959
31.155822 27.539225 9.895696
10.940093 23.324931 8.650755
10.390965 22.544363 8.732847
10.939203 23.513557 7.711614
4.604602 19.269085 7.270124
3.897793 19.532503 6.679700
4.862928 20.083439 7.703323
12.536903 48.379951 9.397752
12.150230 47.876196 10.114886
13.473319 48.186396 9.454560
19.439697 10.305833 46.591090
20.198763 10.021598 46.080605
18.709340 9.809433 46.219966
24.310176 43.809363 25.972096
23.356245 43.814111 26.059045
24.555442 42.898433 26.138283
35.980279 34.086354 48.487984
35.177258 34.558523 48.264868
36.344613 34.579629 49.223855
47.017738 27.545945 11.642314
47.755072 27.137708 12.097560
46.736679 28.245544 12.233190
40.179039 1.980550 8.605099
39.916493 1.167298 8.172367
39.499260 2.607786 8.356017
2.268377 20.308217 1.298057
2.488933 19.803290 2.081620
3.116662 20.597687 0.960144
45.549107 7.470304 48.654198
45.287773 7.065883 47.826119
45.801577 8.361383 48.409647
22.600806 44.386420 44.090374
23.077842 45.057646 43.601027
22.061446 43.953222 43.427806
1.855372 14.988743 48.539437
2.465310 15.726562 48.573565
1.673312 14.793313 49.459344
37.287302 7.116143 30.118036
36.944060 7.892708 30.561543
37.900738 7.468029 29.471940
26.070343 24.492750 17.592891
26.487735 24.956874 18.319486
26.009358 25.150821 16.899501
12.846407 3.036519 8.816737
12.384423 3.874062 8.868297
13.675010 3.252734 8.387510
30.977056 19.075604 11.028280
30.270351 18.471785 10.796896
31.762213 18.668255 10.660635
44.173483 40.122420 30.490186
43.875867 39.427389 31.078338
44.470183 40.816491 31.079933
27.444771 47.460235 28.781958
28.003951 48.066386 29.269261
26.657486 47.382971 29.322125
0.779176 0.523658 17.553976
1.372792 0.003619 17.011071
1.059920 1.427671 17.407312
43.524241 8.244083 31.039506
43.418624 9.025144 31.583892
44.025631 7.641553 31.590080
30.087635 47.976749 19.178301
29.833298 47.999944 20.101524
30.099112 47.043560 18.962450
19.681997 27.818469 43.605224
20.258075 27.402124 42.963074
18.899177 28.047603 43.102971
23.652913 7.678557 26.167898
24.405850 8.021315 26.650776
22.895618 7.980942 26.670526
12.118800 8.203583 19.701421
11.692199 7.797469 18.946007
12.661519 8.894517 19.319803
36.205212 36.102999 32.172000
36.569454 35.977021 33.048940
36.672115 36.867459 31.832634
21.791513 8.148942 45.526434
22.084796 9.059411 45.475456
22.435318 7.666587 45.006420
44.166026 24.039350 48.791480
44.829340 23.928978 48.109277
43.367830 24.256330 48.308397
11.458840 45.101673 40.789018
11.438322 45.187886 41.742806
11.451944 46.005726 40.472464
8.885565 8.395641 14.410271
8.155235 9.004423 14.293779
9.547013 8.702605 13.789122
19.115674 4.028202 38.181855
18.573990 4.541501 37.581297
19.661247 3.492624 37.604730
27.049592 48.882258 4.861060
27.065294 47.928573 4.772711
27.857434 49.169822 4.434136
5.434308 14.579635 16.795484
4.916930 14.050119 17.403348
6.018356 15.083598 17.363354
26.128143 43.234978 27.860303
26.983574 43.427566 28.245936
25.637774 42.823693 28.573009
11.593030 38.678181 37.271568
11.196576 38.115476 36.605418
12.121667 39.298847 36.768693
8.350871 27.794882 27.716709
7.725982 27.529275 27.041037
9.205358 27.573092 27.344919
34.213480 44.895409 20.518301
33.281509 44.946818 20.303000
34.539280 44.176186 19.975955
23.795703 18.972421 32.690493
22.918436 18.734923 32.993089
24.285110 19.135515 33.497616
11.798979 17.844493 49.981737
11.410545 17.138082 49.464369
11.220550 18.592310 49.827606
36.355489 46.548792 27.046415
35.807174 46.489945 27.829648
36.818724 47.381121 27.147451
6.413354 30.867393 35.739161
6.560466 29.921039 35.757591
6.400894 31.083817 34.806116
44.181549 8.018066 0.567093
43.710394 7.727778 1.348957
44.811742 8.658858 0.898468
0.723196 22.229283 5.144170
0.156603 22.745796 4.569927
1.268111 21.722801 4.540755
9.327146 17.104965 45.848946
9.148529 17.527948 46.689630
10.192209 17.433399 45.601231
13.177087 28.783563 34.111058
13.079713 28.279203 34.919579
14.044833 28.539889 33.786704
30.291545 28.934862 17.760107
30.589562 29.389800 18.548640
29.547259 28.411447 18.059510
35.682761 13.681888 34.648017
35.524937 14.611327 34.817723
34.878229 13.251252 34.939301
25.501872 31.089986 46.987285
24.733566 31.628548 46.794352
25.488104 30.996182 47.940478
8.773206 15.264248 21.935662
9.189992 14.672692 21.308034
8.312155 15.899875 21.387048
24.699568 26.688354 31.131055
24.036175 26.378923 31.748897
25.424762 26.971444 31.689194
14.292855 23.174721 41.429377
13.953797 22.385209 41.852788
13.544489 23.516523 40.938779
9.467852 2.809091 43.037357
9.664009 3.395060 43.769292
9.365469 1.949388 43.447230
26.197729 19.325230 44.815096
26.172537 20.084405 44.231499
26.955613 18.823309 44.513013
27.412077 44.051042 35.833550
26.594026 44.488923 35.595603
28.094929 44.644567 35.518895
6.435280 20.771788 5.966621
6.188621 21.457702 6.588109
6.805867 20.080496 6.516483
25.072758 7.353265 48.845130
25.248435 6.610152 48.266781
25.047181 8.107543 48.255234
31.254702 11.214370 15.946720
30.313820 11.386229 15.894064
31.313969 10.378617 16.411016
18.983757 10.206738 34.339222
19.679713 9.812713 33.812007
18.318329 10.457978 33.697623
3.094702 18.448997 38.681615
3.121366 17.664405 39.230497
3.989050 18.531760 38.348658
2.999695 27.079380 19.442060
3.659174 26.443991 19.723014
2.187015 26.763614 19.838809
29.952637 33.901757 8.462657
29.588773 33.098069 8.835826
29.808768 34.561071 9.142491
4.325477 40.764939 6.352355
4.777040 40.398165 5.591346
3.688886 41.373449 5.975482
23.507878 0.002888 35.953062
22.791205 0.225403 35.357719
24.298939 0.173406 35.440507
31.709278 8.916706 41.934871
31.709306 8.742180 42.876734
32.637836 8.932785 41.700163
2.297715 33.996710 28.478562
2.989182 33.387008 28.218362
2.416718 34.747532 27.895749
21.708196 29.011950 15.030269
21.212448 28.934059 15.846194
22.537207 29.410454 15.297668
21.405148 45.257573 27.790281
22.249809 45.363155 27.351001
20.769126 45.246001 27.074104
34.152990 33.505003 34.761185
34.823891 34.031121 35.197830
33.327142 33.846227 35.106307
24.390794 36.922683 38.174504
23.747442 36.463848 37.633085
25.015121 37.280915 37.542482
1.934236 22.654056 36.751784
2.319815 21.792822 36.586944
1.639196 22.607671 37.661931
38.335757 13.394887 48.685054
38.397342 13.818576 49.541945
37.738529 12.660133 48.830049
11.821191 18.404489 20.347799
11.268531 19.124153 20.654750
12.577864 18.424144 20.934848
15.887441 36.515128 35.356260
16.683694 37.043793 35.419984
16.112052 35.699303 35.805198
25.872477 41.376459 1.139832
25.289617 41.491062 0.388362
26.695123 41.780454 0.861251
47.382319 29.575033 37.108107
47.247038 28.713119 36.712670
47.451174 29.393572 38.046136
24.461480 11.128162 32.970646
24.185925 10.433059 32.371924
25.269502 11.464890 32.581697
21.662898 33.297371 42.402649
22.242918 33.844077 42.933927
20.888614 33.174514 42.953064
12.244811 29.865635 16.142226
11.668217 30.157096 15.435009
12.720686 30.656997 16.396895
28.273047 2.743057 43.256658
28.997497 2.508865 43.837944
27.556854 2.963987 43.853168
12.326029 23.156740 44.946294
12.228625 22.393267 44.376041
11.448713 23.540202 44.975289
16.835558 46.410046 38.428466
17.020365 47.182753 38.963572
17.299372 46.578054 37.607359
14.308988 25.609609 48.583474
13.902213 26.039713 49.336542
14.571971 24.751551 48.918352
47.819139 0.793550 30.031596
48.170147 0.654795 29.151194
47.302465 0.005592 30.204039
8.502648 6.503187 30.820258
8.455338 6.121937 31.697741
9.426753 6.424326 30.580721
27.266059 19.173834 35.456801
26.586775 19.653561 34.981405
28.061425 19.326573 34.945302
10.662464 36.688305 24.792652
10.004728 36.463988 24.133385
11.346250 37.139684 24.296405
36.112592 5.209729 18.140362
35.531797 4.682385 18.690046
36.606002 5.742213 18.765322
30.578828 40.454916 7.146659
30.390350 41.379730 6.983064
29.792768 39.999059 6.843557
22.477788 38.487170 22.320653
21.978525 37.883857 21.769005
22.731358 39.193099 21.724890
33.287069 20.005259 24.725832
33.773767 20.806321 24.923296
32.371058 20.247796 24.866070
30.859912 23.618689 1.137951
31.166313 22.712548 1.087022
30.655420 23.847571 0.230557
3.050307 19.037141 20.914066
2.727286 18.858196 21.797923
2.411222 18.611830 20.341137
20.205220 1.689928 32.620130
20.004859 2.003002 33.502970
20.901160 1.045299 32.753125
39.209426 3.911484 13.005803
39.445460 3.753327 12.091013
39.931646 4.441344 13.345236
9.450761 21.136543 26.841929
8.516296 21.310454 26.723202
9.872564 21.969363 26.627315
31.084987 31.975994 35.266136
30.736425 32.673416 34.709652
31.393202 31.314223 34.645951
13.858186 33.715288 6.232551
13.105373 33.528635 6.794689
14.496934 34.116492 6.822977
30.832982 39.768562 34.066829
30.469008 40.643540 34.206478
30.282444 39.197942 34.604293
45.471498 43.039854 28.581738
45.406087 42.598653 29.429458
45.071245 42.424376 27.966473
49.731550 37.316639 36.693762
49.997870 37.918643 37.389629
49.639419 36.472705 37.137445
16.069527 44.997724 25.172236
16.287810 45.893437 24.912203
15.894973 45.063127 26.111821
37.612355 2.418556 28.191007
37.445776 3.150204 27.595600
36.781601 1.942235 28.214066
26.130132 32.007482 26.362813
25.880849 32.806078 26.829363
26.640916 32.322748 25.616305
23.240817 0.566815 44.564800
23.221179 1.410844 44.112257
23.417744 0.795379 45.478047
19.963810 5.219936 42.950330
20.056945 5.055999 42.011172
19.054368 5.504137 43.048876
20.146890 15.470893 11.389891
20.200280 15.834994 12.274282
20.602508 14.630820 11.455137
37.453599 10.219113 41.198779
37.619961 10.929253 41.819739
38.126189 10.334184 40.526508
17.923271 24.191113 34.445857
17.120165 24.402493 34.923251
17.617848 23.708467 33.676873
3.528549 27.181244 36.245674
3.921019 28.021077 36.004398
4.008870 26.539564 35.721169
35.466281 45.228469 24.757682
35.061219 44.389612 24.980865
35.986528 45.036304 23.976668
39.573964 34.545465 8.728160
40.482242 34.695668 8.992806
39.057283 34.940728 9.431279
23.998729 17.468893 6.769423
24.158200 16.543745 6.959785
24.839119 17.892460 6.948038
3.059253 46.250896 23.859112
3.788465 45.936579 23.323369
2.635816 46.913353 23.311920
44.885643 34.348558 29.613681
44.663143 34.715127 30.470237
44.767750 35.081342 29.008128
0.372886 25.382358 11.319605
0.278254 25.402714 10.366612
0.003323 24.535759 11.573103
0.250732 12.639666 48.019144
1.177331 12.568295 48.251281
0.200182 12.261669 47.140435
15.743758 19.166340 35.197942
15.832520 18.484092 35.864444
15.419944 19.926205 35.683037
3.509763 12.770641 40.475252
2.684082 13.050837 40.871873
3.947724 12.278263 41.170465
45.685930 3.124858 45.734984
45.571511 2.492042 45.025041
45.360380 3.948043 45.368992
17.054527 20.003478 19.485358
16.543529 19.652294 18.755209
17.549149 20.726564 19.097980
47.952108 21.835113 33.932325
47.922152 21.696429 34.879656
48.790612 21.455542 33.666986
36.384289 43.335034 26.823090
36.605896 43.155371 27.737518
37.194199 43.685944 26.450968
38.172081 4.026673 36.059190
37.937226 4.952555 36.130967
39.126206 4.033493 35.974541
6.819019 36.154848 44.740760
5.950126 35.812540 44.953872
6.778301 36.325896 43.799138
44.948170 39.074512 46.110871
45.548008 38.777852 46.796257
44.482386 39.810082 46.510305
21.492818 18.949010 27.677366
20.862391 19.630934 27.912118
21.873975 19.256530 26.854130
16.177070 41.075103 8.549769
16.449965 40.183736 8.329407
16.116043 41.517094 7.702133
40.133433 45.503966 28.349901
40.953834 45.680738 27.888100
39.473098 45.977708 27.842859
42.957353 0.684745 37.438353
42.722937 1.560890 37.130156
43.433966 0.298072 36.702900
38.849478 40.700401 28.394740
39.750956 40.400902 28.518049
38.315591 39.975763 28.722506
43.113456 30.378960 42.371334
42.715808 30.819356 41.619339
43.894132 29.957927 42.009613
25.079519 34.070563 40.741753
24.310395 33.777416 41.231734
24.816482 33.990557 39.824159
25.286959 31.350317 41.844519
24.412436 31.599660 41.543516
25.122228 30.801317 42.612002
10.730707 14.063072 6.836645
10.235088 13.530630 6.213401
11.639932 13.792337 6.704056
4.638221 36.300341 20.475289
5.049376 36.610689 21.282879
3.739963 36.628649 20.529265
23.815713 12.334483 39.764208
23.560737 13.121873 39.281951
23.454561 12.470243 40.640967
1.091135 47.585584 11.648163
0.709345 48.115050 10.947115
1.626461 46.938601 11.187289
4.831385 38.395463 24.401488
3.926285 38.405809 24.088033
5.284471 37.815689 23.788184
16.791935 49.807374 3.820357
15.987431 49.999638 4.303445
17.491621 49.999663 4.445682
33.425989 30.994578 26.109940
33.568123 30.243444 25.532738
34.065337 30.873402 26.812875
3.593842 16.624650 26.104092
3.720796 17.230902 25.373402
3.876697 15.777845 25.756989
42.822448 0.663056 30.682357
42.670698 1.597326 30.535123
42.598453 0.255137 29.845103
39.782576 43.858576 1.833410
39.554193 43.431953 1.006729
40.553490 43.378950 2.138725
40.824702 31.806188 29.126472
40.535311 31.994546 30.019971
41.481423 31.117171 29.233901
1.904235 47.423238 14.217883
2.110633 46.715584 14.829595
1.897680 48.209975 14.764297
43.243858 0.020100 48.369535
43.833494 0.263991 49.083968
43.729353 0.250973 47.576718
31.069181 38.571068 3.784566
31.812073 38.677786 4.379787
30.398656 39.155161 4.140655
23.067376 30.757817 49.983977
23.732138 31.206665 49.460341
23.024141 29.879649 49.603823
11.207712 49.616918 46.610605
10.312188 49.934971 46.490415
11.287846 48.900423 45.979907
10.157962 9.251047 2.055182
10.388284 9.970332 2.644374
10.181972 9.646535 1.183070
2.494975 25.645295 46.751438
2.115429 26.524431 46.776556
2.724011 25.515875 45.830374
9.539350 24.061363 23.051281
9.633272 23.641046 23.906897
8.913108 24.769441 23.206248
7.122127 28.692201 7.537424
7.431447 28.075308 6.873097
6.756128 29.417720 7.030240
35.989204 6.840487 24.285148
35.783423 7.294814 25.102955
36.314081 5.985046 24.568418
40.382032 26.541420 9.845446
39.871329 26.814027 9.082273
41.125159 26.066350 9.471767
46.268510 32.879814 42.426669
46.154607 33.709096 42.892377
45.463459 32.395055 42.612324
4.164551 20.691954 19.794093
4.621103 21.393705 19.328613
3.981368 21.064707 20.657265
11.117225 37.753626 22.120143
11.177748 38.564372 21.613591
11.088759 37.064401 21.455518
17.037745 9.964791 30.330920
16.865080 9.854041 29.395245
17.819473 10.517597 30.360462
44.917881 26.149603 27.545015
44.402683 25.696285 26.876704
44.311305 26.795048 27.909752
47.960231 40.688870 24.952996
48.447805 40.894676 24.154572
48.590307 40.842992 25.657848
35.512936 49.639176 8.545970
36.327472 49.157659 8.695098
35.289892 49.993563 9.407497
37.800138 17.457287 38.006601
37.309741 16.700006 38.328475
37.371783 18.206744 38.421805
8.940124 32.077003 2.883251
9.292423 32.740491 2.288915
8.501744 31.453078 2.303503
44.782788 26.080671 33.205489
45.508367 26.705764 33.224465
44.719040 25.824525 32.284679
21.078739 41.258889 14.685755
20.479015 41.368544 13.946923
20.755679 41.876698 15.342651
18.089698 14.341756 43.387163
17.890152 15.271978 43.498677
17.304264 13.982270 42.973122
0.809745 11.495978 25.962097
1.665869 11.915097 25.867441
0.805348 11.174682 26.864491
44.462184 16.678970 43.278748
43.611505 16.250563 43.176869
44.252368 17.613396 43.298515
6.332135 18.845972 47.228627
6.837179 18.732490 46.422637
6.863038 19.445135 47.754661
41.130572 31.658033 32.534934
41.914943 32.152682 32.294828
41.364313 31.236735 33.362847
18.322704 16.165553 6.411312
17.743919 15.409076 6.512889
18.481909 16.212972 5.467929
47.361483 35.353253 7.384558
46.992774 34.599606 6.922350
47.278741 36.074210 6.759304
0.948704 44.203839 8.476545
0.208043 44.592385 8.943470
1.567831 43.974091 9.170421
48.435192 30.685280 27.137087
48.448494 31.277091 26.383993
47.772175 31.060705 27.717630
18.732482 29.368428 26.752690
18.467446 28.452656 26.659505
19.507529 29.445293 26.195051
24.528777 19.355488 41.523053
25.036333 20.070530 41.908630
24.551146 19.533912 40.582186
28.475488 23.641772 12.416419
28.328845 22.715475 12.221392
27.594947 23.995036 12.548402
13.578201 28.686163 47.481327
13.947448 28.016137 48.057772
13.185761 29.320769 48.082020
14.515575 41.978900 2.827763
15.221678 41.426238 3.164735
14.065570 41.421341 2.192002
47.327297 35.145368 17.171238
46.433841 34.886182 16.942927
47.259584 36.083732 17.351387
12.324088 2.399912 25.472022
12.758630 1.718608 24.957663
11.886845 2.944522 24.816442
12.898303 13.502035 16.236577
13.778792 13.552115 15.862682
12.407027 12.972529 15.607421
41.642512 28.044645 31.893035
42.530866 27.715039 32.033585
41.265638 28.083178 32.772835
36.928587 48.980029 4.479426
36.418004 49.684141 4.880797
36.315899 48.245275 4.431286
16.342642 35.397895 30.206299
15.807149 35.601251 30.974062
17.019824 36.075382 30.207618
43.417543 45.704301 11.351613
43.387316 44.779998 11.601247
44.321779 45.965135 11.530194
36.204133 20.707788 39.707395
36.323004 20.544000 40.643670
36.089495 19.834797 39.330154
46.676037 24.319057 12.748833
46.715181 24.589678 13.666874
46.693580 25.143394 12.261260
12.504846 3.324842 36.931181
13.235201 3.329348 36.311400
11.856460 2.749129 36.524095
0.837046 46.497140 27.608100
0.006677 46.953450 27.748938
0.660002 45.598171 27.887524
19.488818 47.715563 30.731721
20.026438 48.484183 30.537414
19.303298 47.336693 29.871717
33.689310 12.478705 10.384629
33.538419 12.411298 9.441095
34.416331 13.097669 10.461382
15.731177 8.091539 17.782462
15.200004 8.409330 17.051414
16.614520 8.403375 17.582384
42.688811 28.894765 25.488557
43.296996 28.154725 25.492862
43.229980 29.643458 25.741861
48.108416 43.390310 19.769255
48.402307 42.729526 19.141115
48.015545 44.186409 19.244690
16.103167 10.424488 18.991535
16.680148 10.419284 19.756148
15.469880 11.117649 19.181380
41.118280 6.159144 24.210107
41.177819 5.908256 23.287569
40.186525 6.074515 24.415626
45.324058 8.816271 7.600173
46.166715 8.973720 7.172733
44.718985 8.661290 6.873926
41.586900 3.921205 37.958980
41.365911 3.571878 37.094861
41.160173 4.778529 37.980573
1.764199 49.096271 30.272547
2.187949 48.662367 29.531109
1.625440 48.392278 30.907138
23.425825 5.410218 22.265443
23.369947 5.230191 21.326276
24.036377 6.145793 22.326457
31.391592 20.048790 7.557237
32.123244 20.591640 7.853153
30.645289 20.363534 8.068641
48.233919 14.550482 35.836002
48.920576 14.191793 36.399394
48.320755 14.057750 35.019153
34.883402 22.314041 4.799839
34.349425 21.810160 5.415094
35.488415 22.801376 5.360223
20.667977 11.752478 10.925956
21.045851 11.275053 10.186467
20.148881 12.445365 10.516061
12.480344 49.332921 43.661547
12.534075 48.506267 43.180587
12.673826 50.000045 43.001945
22.230205 10.318438 21.253167
22.620467 11.181050 21.107690
21.533245 10.481614 21.889710
23.770006 9.897000 48.173638
23.556144 10.664394 48.705556
22.955776 9.700539 47.708882
35.576163 47.787108 32.882396
36.051988 47.169498 33.438916
35.203995 48.418538 33.499126
24.641131 22.473548 16.868446
24.471265 22.856519 17.729867
25.553695 22.186302 16.916248
3.001814 33.329614 45.509525
3.303209 32.497166 45.875254
2.304926 33.079236 44.901887
48.815991 49.342535 42.236951
49.561314 48.863771 42.601430
48.611729 49.999501 42.903465
12.484487 49.296138 48.456615
11.772048 49.166909 49.083749
13.143814 48.651426 48.715847
13.031092 20.534952 37.982104
13.402764 20.438177 38.859636
13.480001 21.300373 37.621301
15.922808 22.369714 24.960170
15.150691 22.750793 25.379910
16.526749 22.206913 25.685647
5.815632 0.580192 28.710823
5.184958 1.279785 28.885135
6.511701 0.727947 29.352090
23.463520 8.839314 23.011130
23.053916 7.975293 23.068218
22.905571 9.398678 23.552768
41.716887 7.995437 47.841123
42.394439 8.234570 48.474610
40.990270 7.684470 48.382321
45.783439 9.515751 12.704393
45.432336 10.354393 12.402775
45.527296 9.473215 13.626428
2.916741 1.593900 10.969465
2.711359 0.921012 11.619548
3.872676 1.652396 10.987694
0.968413 42.052138 18.960394
0.716121 42.861562 19.406207
0.350978 41.984798 18.231143
32.298757 45.108080 40.606439
32.095004 45.728334 41.307392
31.724846 44.361292 40.781087
11.164217 49.554718 29.215882
10.586414 49.929176 29.881834
10.787288 48.692327 29.037635
47.326750 49.444497 44.655205
46.613982 49.994448 44.982439
47.109562 48.567171 44.972529
41.607073 10.847253 4.993733
41.031527 10.081839 4.972387
41.518134 11.230928 4.120549
41.653255 40.784761 16.256053
42.030992 41.611157 16.559289
41.329180 40.368620 17.055658
22.047641 1.235476 22.244213
21.166922 1.080302 22.587465
22.627791 0.930370 22.942714
49.051833 32.304070 24.375410
49.796880 32.876616 24.189227
49.194561 31.543705 23.810574
34.844544 2.216513 17.503404
35.131257 2.390372 18.400698
33.991362 1.793886 17.608447
12.779352 44.260297 13.396362
13.058110 44.509586 14.278243
11.908408 43.882693 13.524580
12.053955 39.759197 2.367164
12.438307 38.976270 2.763228
11.700709 40.248126 3.111296
28.992420 3.311090 38.457522
29.164584 4.252743 38.422646
29.264462 2.991745 37.596372
44.844376 14.519529 35.562009
45.366558 14.232607 34.811963
45.087075 15.438919 35.677711
12.881290 19.950858 2.105477
12.680826 19.144364 2.581867
12.323557 19.907726 1.327891
27.278102 6.682647 46.856372
26.551359 6.879147 46.264088
27.746092 5.968001 46.422975
13.395687 38.146017 34.953964
12.992731 38.875164 34.481167
13.313073 37.404128 34.353679
40.003058 19.269940 26.261611
39.999041 19.589228 25.358502
40.452693 19.959585 26.751288
43.172413 43.176843 47.905371
43.655724 42.407066 48.207731
43.142525 43.074934 46.953379
17.735810 1.924451 20.947934
18.031253 1.243024 20.343006
17.697876 2.715222 20.408668
32.216617 15.149573 22.885531
31.905139 15.429834 22.024135
32.869398 14.476280 22.690287
28.535434 28.471881 43.103809
27.980498 29.230799 42.920349
29.427565 28.816941 43.052785
16.504466 33.297862 10.707088
16.857328 34.146643 10.976578
15.606507 33.493262 10.436802
9.706854 14.030293 25.456512
9.533895 14.631565 24.731167
10.132064 13.279173 25.041083
30.598626 32.383360 47.388809
31.378928 32.397349 46.833382
30.944342 32.454597 48.279299
24.079360 16.904253 4.095772
24.602241 16.116149 4.247612
23.354546 16.827131 4.717273
26.442026 32.542658 0.728833
27.280582 32.874998 1.051230
26.031266 32.155017 1.502511
20.503364 2.400030 3.961651
19.915589 1.819084 3.477307
19.973222 2.708167 4.697564
21.320184 44.092607 21.661941
21.025000 44.807768 21.097160
21.350278 44.482573 22.536348
10.047648 26.736661 36.808186
10.805611 26.151023 36.798889
9.303648 26.153501 36.962960
15.246000 12.445939 17.433321
15.938010 12.722712 16.831585
14.704896 11.853208 16.910403
31.713448 15.620186 29.883247
32.516228 15.771702 29.383093
31.027208 15.577215 29.216317
37.892310 39.093745 5.629784
37.648112 39.040611 6.554506
37.789121 40.021244 5.413763
20.476237 6.067390 21.011883
21.175286 6.150123 20.362228
20.222973 6.972025 21.199124
19.718107 47.894714 43.005890
19.913947 48.298573 42.159656
19.197679 47.122485 42.781424
42.571880 30.290544 12.023734
42.462118 29.343799 12.119615
42.814328 30.587763 12.901484
4.090660 3.422541 12.730540
3.410313 3.785431 12.162204
4.036306 3.951562 13.527251
9.166865 29.824351 4.533542
9.862582 29.171797 4.621390
8.380120 29.305510 4.362071
23.673501 24.920178 43.726390
23.239106 24.999098 42.876308
22.966303 24.688721 44.329602
26.670119 13.926694 2.260772
25.868528 14.158674 2.731095
26.840652 14.685303 1.701310
4.151350 35.921531 5.310214
4.670241 35.128734 5.169532
4.804227 36.599832 5.486922
38.993884 33.035314 24.632800
39.682949 32.793181 24.013020
38.269635 32.445978 24.418991
20.536680 28.648068 34.355771
21.176425 27.936744 34.307694
20.948377 29.365656 33.872925
39.770454 39.440272 13.646184
39.636370 38.696218 13.057990
40.424559 39.977625 13.197893
11.761833 21.441656 33.703798
11.796785 22.251930 34.213505
11.267675 20.837438 34.259041
41.761909 18.865186 34.532867
42.158703 18.156151 34.025529
42.434487 19.547097 34.547095
6.984608 14.094771 36.470954
7.263185 13.460401 35.809489
6.691641 14.850807 35.960908
45.483073 29.066522 9.468302
45.958747 28.339113 9.065590
45.210635 29.607093 8.725923
30.343271 44.786958 35.090725
31.134001 44.495882 35.546342
30.554811 44.678216 34.162828
36.312627 38.706086 2.475784
37.115812 39.202897 2.635905
35.907059 39.151280 1.730880
7.659039 38.898167 49.136344
8.364417 39.369375 49.581284
7.264077 38.363272 49.825880
31.540427 3.787901 28.079160
30.642772 4.042884 27.862910
32.049455 4.051031 27.311554
20.386469 10.237126 26.941322
20.351299 9.318694 26.671484
20.325240 10.724761 26.119112
27.652360 2.585150 40.921101
28.115626 3.422814 40.885458
26.843048 2.744794 40.434178
31.511348 30.495189 30.670176
31.534904 31.276962 30.117144
30.590810 30.230423 30.661444
39.056706 14.883777 9.013494
38.290123 14.441536 8.646970
39.260840 15.566568 8.373422
3.520011 10.396759 13.739696
3.822887 11.156132 14.238882
2.696850 10.151533 14.163769
6.383305 3.671104 25.587358
6.869299 3.776337 24.768638
5.939650 4.511810 25.705469
19.809131 30.535410 41.035612
20.499650 30.985215 40.547322
19.337091 30.037098 40.367457
2.659003 7.344986 13.324894
3.041701 7.200709 14.191088
1.797108 7.719880 13.509716
29.491283 32.786506 2.742964
29.124882 33.565700 2.323233
29.472260 32.119884 2.055345
25.378040 32.810823 44.622947
24.709775 32.271410 44.198657
25.928478 33.112899 43.899528
47.457316 37.527456 25.069898
48.309682 37.156958 25.301780
47.386931 37.379058 24.126186
43.429581 44.644077 18.897718
43.192411 44.824641 17.987380
43.564483 43.695998 18.920412
42.639195 6.790031 12.283568
42.192636 6.010613 11.950913
43.493962 6.465540 12.569306
30.940536 13.059861 12.199519
31.189547 13.078404 11.274739
31.706388 12.690150 12.640372
34.406749 19.668512 43.388545
33.809527 19.817363 42.654558
35.199993 20.147140 43.145140
12.059519 41.291924 47.602184
11.472147 41.340394 46.847061
12.931394 41.426832 47.229088
37.458080 43.678007 4.900216
37.041141 42.852093 4.652036
38.009866 43.445777 5.647992
26.929056 12.148062 43.733266
26.607150 11.403548 44.242818
27.024087 12.849406 44.378752
34.799109 7.464053 14.202835
34.010199 6.998328 13.923033
35.514826 6.982485 13.786413
4.171443 21.281888 48.314815
3.505657 21.543521 48.951874
4.961798 21.155948 48.841164
29.471883 47.186845 16.083592
28.918563 47.318952 15.312909
29.341245 46.265269 16.309860
16.580775 2.783001 43.132393
17.397240 2.331648 42.915064
16.360420 2.459385 44.006626
48.654583 25.224298 6.642620
49.246583 24.934975 5.947353
47.806388 25.311412 6.206107
14.841993 30.581127 19.343167
14.477650 31.413121 19.647480
15.011392 30.091560 20.148893
0.757388 34.714935 13.196381
0.583148 33.810834 12.932167
0.938735 35.168391 12.372332
48.966167 48.775904 14.610526
48.566534 48.132872 14.023696
49.894563 48.540126 14.618088
17.964150 23.419984 37.829797
18.034194 23.626478 36.897048
18.869408 23.440468 38.142293
31.225908 38.444491 20.044397
30.397701 38.109046 19.699264
31.757282 38.603392 19.263399
7.667402 14.487509 18.701329
7.604066 13.563420 18.945489
7.400444 14.957056 19.492421
48.579496 18.034959 4.453567
49.061531 18.597608 3.846414
48.343304 17.270750 3.926533
8.225571 21.236298 1.474146
8.442667 20.730631 2.258198
7.342605 20.944207 1.244754
19.261092 16.918125 35.832775
20.042591 17.369925 35.512303
18.931880 16.448095 35.065795
3.006924 46.333212 34.872098
2.901429 45.521844 34.373982
3.351161 46.957261 34.232075
19.833877 40.207986 42.780600
19.249409 40.737171 43.324592
20.032907 40.773112 42.033214
5.602621 32.377067 16.488971
5.392484 31.553373 16.047454
5.168593 32.303529 17.339722
14.488192 21.184261 10.301273
14.843467 22.066597 10.414539
14.011215 21.018141 11.115192
37.121412 20.036997 8.858258
36.512750 19.303566 8.954055
37.162270 20.422691 9.734122
2.757487 29.425385 41.167287
3.442256 28.953833 41.642994
2.195471 29.779943 41.857210
2.432127 34.086595 42.398539
3.228059 34.571535 42.177423
2.487554 33.291656 41.866970
49.075297 29.996824 49.455573
48.361788 29.997293 48.816456
48.904583 29.224459 49.995828
49.096451 20.642869 29.510615
49.635373 20.501852 28.731356
48.239319 20.888617 29.160616
36.227756 44.902086 0.584380
36.683716 44.703285 1.403003
35.303529 44.935647 0.833871
8.854048 46.383954 26.763723
8.268373 47.140311 26.813486
9.499483 46.631418 26.100593
16.030865 34.085194 38.831628
16.229866 34.705034 38.128944
16.704441 33.409647 38.745036
1.887874 31.046581 24.133960
1.264924 30.412395 24.490763
2.682328 30.910339 24.651500
12.705570 35.297705 27.409904
13.376636 35.203275 28.086897
13.006445 36.040038 26.884564
32.447129 20.641786 46.010482
31.941761 21.443298 46.151011
33.022196 20.591080 46.774872
33.049735 47.311553 30.706582
33.738792 46.646707 30.733930
32.436243 47.040537 31.390501
23.353037 29.004898 6.572938
22.654679 29.642787 6.421410
23.501249 29.040891 7.518615
1.768439 5.911219 37.747817
0.953543 6.410589 37.683466
2.273771 6.373863 38.417270
11.158195 8.209868 4.117167
11.904890 8.118279 4.710147
10.405231 8.302061 4.702071
33.008153 23.473552 33.992225
33.512641 22.912578 34.582451
32.534896 24.064456 34.579104
3.545234 2.866731 1.980256
3.816191 2.566290 1.111992
3.520833 2.067123 2.507131
32.944514 14.759427 40.042367
32.723521 15.480997 39.452396
33.170693 14.037788 39.454450
41.671306 12.089805 11.371639
41.633944 11.304040 10.825065
40.752185 12.308387 11.529768
7.673698 41.625634 35.784477
7.715922 41.411636 36.717209
7.207067 40.884922 35.395673
46.505431 29.859170 18.985927
46.939766 29.057160 18.693180
47.018409 30.562177 18.585675
22.030086 8.881843 5.470613
22.358736 9.562800 4.882520
22.757163 8.723057 6.073698
28.304057 1.926880 34.977198
28.707534 1.423236 34.269302
28.879840 2.685197 35.082066
32.229031 42.484288 4.740099
31.342853 42.847779 4.751435
32.295533 42.004825 5.566694
29.955607 11.661642 19.122150
30.397901 10.972781 19.619557
29.083456 11.303849 18.952139
26.590034 34.674148 10.994740
26.362628 35.083414 10.159063
26.458055 33.738077 10.840078
8.500664 38.374186 3.469970
9.087230 37.671268 3.751774
7.647811 38.124233 3.827366
23.142542 21.483621 37.022732
23.751103 20.752532 36.909914
22.563084 21.198295 37.730111
7.302496 14.674328 48.351775
6.477451 15.144161 48.224798
7.280131 13.980296 47.691936
38.121491 27.301831 6.950389
38.554783 27.819033 6.270442
38.368008 27.736730 7.767493
17.079193 11.126826 49.391738
16.644151 10.496893 49.967489
17.498976 11.742447 49.993701
28.710844 12.315257 41.920760
28.823618 11.670091 42.619766
29.474233 12.887619 42.005645
25.682580 14.538447 46.163381
25.745808 14.537124 45.207574
26.473033 14.997840 46.449227
17.192412 27.080595 32.168346
17.604258 26.372529 31.671766
16.400733 27.285951 31.669708
47.065102 31.185849 8.337119
47.876622 30.748922 8.598072
47.344018 32.068011 8.088998
9.349485 43.229585 10.412364
10.098673 43.449455 9.857439
9.211387 42.294234 10.258696
41.893469 4.790830 44.931429
41.422917 5.308508 44.277092
42.489358 4.247119 44.414842
41.707362 8.012789 37.101924
42.152512 8.010621 37.950100
41.133075 8.778429 37.141375
8.813863 33.289711 14.651459
8.181119 33.689093 15.249536
9.430613 32.839854 15.230092
40.657880 18.442675 31.730943
41.034055 19.318573 31.825077
41.015496 18.122624 30.901940
22.244110 17.450639 40.855830
21.791940 17.621487 41.682825
22.194521 18.283876 40.385910
48.123497 45.273622 47.319295
48.105605 46.201552 47.082242
48.648779 44.866317 46.629549
26.682712 16.729207 3.878233
27.253447 15.969986 3.754088
27.286131 17.472477 3.909886
29.959714 8.049478 40.196955
30.076055 7.368374 40.860378
29.302944 8.634908 40.575756
23.557467 25.146144 36.695263
22.608957 25.279906 36.696991
23.740063 24.778674 35.829704
10.610074 30.926979 7.786025
9.735856 31.214966 8.051304
11.198708 31.378130 8.392275
43.947542 32.356520 45.764442
43.021280 32.151481 45.631911
44.137636 33.019289 45.099485
24.525299 17.885470 44.670122
23.660108 17.474404 44.664096
25.111330 17.192084 44.975653
2.012429 29.617862 11.116359
2.344610 30.498021 11.296756
1.439010 29.427600 11.859701
4.987342 34.247379 19.746010
4.058150 34.384230 19.557755
5.239849 33.528163 19.165892
49.600652 37.608952 0.702160
49.800395 37.163512 1.526328
49.316444 36.904442 0.118673
30.017224 46.922957 29.188215
29.747982 46.058868 28.874486
30.154793 47.429963 28.387224
27.677257 15.752145 37.864850
28.575120 16.085089 37.841249
27.142642 16.532321 38.016766
38.840509 29.773405 30.969887
39.698719 29.674572 31.383740
39.038730 30.129430 30.102984
27.266937 40.960438 22.104569
26.404676 40.805697 22.492031
27.860663 40.980159 22.856013
8.312485 5.940540 26.948026
8.064905 5.227623 27.537959
8.544837 6.660271 27.535875
40.349716 10.993068 45.837685
40.229868 11.668051 46.506715
40.606654 10.215115 46.334009
32.880674 20.105029 5.246505
31.986277 19.764554 5.205298
33.402989 19.445900 4.787916
20.121618 31.272925 36.250749
20.338417 30.629950 35.574622
19.165686 31.242651 36.304085
7.422814 41.219757 39.300844
8.210099 41.166573 39.843909
6.988697 42.020834 39.596454
26.961608 19.704911 16.347667
27.586211 18.978853 16.364344
26.983853 20.052839 17.239865
10.871341 7.288037 36.142791
10.920955 8.119440 35.669636
10.446834 6.692225 35.524432
3.389375 36.081225 35.494018
4.076442 36.744569 35.568053
3.381150 35.656479 36.352557
45.654948 17.928359 12.345067
45.505603 16.985997 12.260117
45.934026 18.039672 13.254623
6.330507 29.750559 50.039237
7.142874 30.223066 49.853866
5.646858 30.302570 49.657825
23.765750 31.455873 14.288831
23.016573 31.865327 14.723166
24.270578 31.071594 15.006498
10.418974 36.508195 43.158569
10.662137 36.513962 42.232067
10.333135 37.435365 43.383410
33.768689 6.691061 8.250887
34.119482 7.376856 7.681504
34.321591 6.730462 9.032113
22.655435 14.307082 9.244884
23.231577 14.029653 9.958088
21.926414 14.741662 9.688996
15.340362 3.979616 33.755592
16.287241 4.114235 33.702068
15.247266 3.043582 33.936534
12.650809 33.184306 38.811734
11.968602 32.915777 39.428217
13.361555 33.498298 39.371928
9.449581 47.212003 2.505086
9.830268 46.826802 1.714982
10.137479 47.119010 3.165173
44.804754 2.442508 9.014544
44.842176 2.052830 9.888796
44.191350 3.172031 9.109930
1.542655 15.079618 40.435232
1.192740 15.791023 40.972846
2.490232 15.218931 40.451268
40.326488 7.577478 3.920449
39.918317 8.240928 4.477941
40.723615 6.964020 4.539744
10.119877 4.061310 38.373012
10.477191 4.840079 38.801277
9.460239 3.738362 38.987950
42.343387 4.173864 18.623393
43.276870 4.133722 18.834495
42.209633 3.445369 18.015963
6.997867 38.086212 18.394166
7.105468 39.002964 18.138130
6.195408 38.082318 18.917244
12.469525 9.451962 32.271780
12.341064 8.619322 31.815957
13.168199 9.268594 32.900905
46.288773 28.548389 15.753782
47.231587 28.703740 15.821121
46.031256 28.286835 16.638565
14.559284 28.619009 23.175493
14.440926 28.323553 24.078967
13.937572 28.090735 22.673531
29.458121 14.520486 3.939201
29.498393 15.477453 3.926650
29.383616 14.277599 3.015610
0.454059 33.711153 31.131673
1.096900 34.302378 31.525087
0.011011 34.250701 30.475805
13.242223 19.065426 13.100426
12.949294 19.967006 12.962902
14.046279 19.156579 13.613019
35.136467 3.855487 11.734943
35.645075 3.249702 12.275230
35.095899 3.427486 10.878943
1.978944 30.108290 36.700470
2.864589 30.174285 36.341522
1.794585 29.168310 36.696381
15.040829 23.354525 36.379074
14.282565 23.268421 36.958029
15.117429 22.494237 35.964822
40.482096 2.537045 29.169170
40.058974 1.774760 29.565976
40.660473 3.117369 29.910097
10.139910 43.761361 2.725226
10.122737 42.962951 2.196251
10.359190 44.452048 2.098779
47.049907 10.983000 32.532457
47.178613 11.718787 33.132139
47.015236 10.216965 33.106526
7.666930 1.611933 14.358844
7.415280 0.909374 14.959387
7.927732 2.330524 14.936057
45.624071 7.936159 42.670606
45.286055 7.078624 42.931271
45.640254 8.438654 43.485960
1.574458 32.306497 32.513352
1.731732 31.393976 32.268122
2.411650 32.740979 32.346313
32.183188 12.710976 34.100317
31.712236 12.028927 33.620129
31.728896 13.520132 33.862718
4.343691 33.546215 26.065349
3.500449 33.995697 26.132252
4.172830 32.674367 26.423475
3.754007 31.016663 3.356614
3.633215 31.441888 2.506815
3.127813 30.291858 3.346350
14.863444 1.363591 18.214733
14.699022 1.919027 17.451828
15.379567 0.635489 17.866808
24.917692 14.543340 14.453723
25.420194 15.234832 14.886040
25.031705 13.781130 15.022584
11.542148 23.610319 39.686487
11.778014 22.889556 39.101307
10.655865 23.851535 39.414672
6.604919 39.479610 45.511685
5.992414 39.891070 44.900862
7.255893 39.063744 44.945245
22.877460 5.325040 34.834310
22.689485 5.506756 35.755837
23.490893 4.589834 34.861511
18.721937 32.665909 9.066699
18.656279 31.711209 9.109170
17.849449 32.948055 8.789705
4.393555 35.969353 30.608605
5.243982 35.852336 31.033633
3.777277 35.526519 31.193127
46.007255 23.264304 28.374333
46.319049 23.413021 29.267773
45.077804 23.059279 28.482281
23.975796 11.002639 25.464516
23.401507 10.354901 25.874631
24.850055 10.617524 25.534695
37.676702 26.227716 19.681523
37.326315 25.518220 19.141698
38.030437 26.851630 19.046566
0.428876 20.518195 38.587178
0.001886 20.897589 37.818213
0.713908 19.652359 38.292813
45.488896 48.892993 30.247016
45.914292 49.238998 31.032437
45.312457 47.976229 30.461447
18.663242 20.183695 35.809340
19.555854 20.405213 36.077187
18.199292 20.043637 36.635598
45.411949 31.509888 11.396779
44.540032 31.634242 11.773427
45.964695 32.126282 11.878543
25.318138 27.237251 44.155055
24.888149 27.322201 45.006794
26.097737 26.711668 44.338239
32.553938 32.669466 10.053821
32.296752 31.763151 9.880572
32.411910 32.776832 10.995026
38.029248 3.932870 29.950807
38.408679 3.311679 30.573479
37.575908 4.570420 30.503600
47.716935 11.342584 45.080491
47.102091 12.072308 45.164376
48.476433 11.616511 45.595947
0.946951 40.486741 42.113544
1.643199 41.133352 41.992304
0.232645 40.806091 41.560960
33.100059 45.101637 5.034500
32.853181 45.821580 5.616136
33.296849 44.377352 5.629691
41.923023 47.694980 16.095633
41.386910 48.481064 16.206182
41.400548 46.997879 16.493926
13.628211 19.711011 23.743869
13.611530 20.657052 23.893183
13.528411 19.334518 24.619003
12.652606 29.622067 38.563302
11.956552 29.272333 39.120763
13.386614 29.758039 39.163561
27.974018 7.301877 18.614621
28.096620 8.129386 19.081273
27.197258 6.916766 19.021932
23.967947 21.864643 4.137647
23.268385 21.386133 4.583975
24.375576 22.383910 4.831742
3.399521 39.791031 46.831139
3.057474 40.496745 47.381174
3.694299 39.128723 47.457256
34.795309 30.362555 11.679497
34.000087 29.891878 11.931792
35.289787 30.440465 12.496191
2.045507 20.534817 28.729985
1.915938 20.019800 27.932780
1.733947 21.409907 28.496075
6.223744 42.747861 18.260967
5.679543 42.839061 17.477963
5.605946 42.490365 18.946232
9.527789 14.365309 3.507317
10.232123 13.891379 3.951018
8.748961 14.168753 4.029198
27.179484 13.290300 6.328989
26.626251 12.546056 6.568989
28.053581 12.910391 6.233120
5.016043 15.551562 37.940093
5.161127 16.059764 38.738997
4.330311 14.927727 38.181274
43.898815 47.038117 23.006562
44.587602 46.543072 23.451613
44.135859 46.986987 22.079867
32.683571 4.021295 9.396202
32.108017 4.732771 9.113171
33.302941 4.444651 9.991785
12.303370 16.292891 7.703252
11.856850 16.891045 7.102920
12.867357 15.768220 7.133862
6.325991 10.481005 23.563981
6.390048 11.100031 24.292178
6.731873 10.942054 22.828957
9.443915 46.629160 17.862356
10.040582 46.086500 18.379150
9.138493 46.044416 17.167835
40.225240 19.033279 8.358156
39.323621 18.798493 8.135615
40.144134 19.879278 8.800055
15.507386 25.261935 20.104034
16.380934 25.065254 19.763743
14.922208 25.070725 19.370158
27.122644 0.863035 21.010661
27.554396 1.633529 21.381466
26.287409 1.198349 20.682766
38.844539 9.246725 22.886833
39.347478 9.255416 23.702029
37.982499 9.578511 23.140548
35.505798 15.768094 48.175329
35.199589 16.385554 48.840570
35.531005 14.926314 48.631768
0.633596 48.326588 45.987509
0.063134 48.699388 46.660680
1.319561 47.878989 46.484172
15.592979 45.868599 4.785258
14.745492 45.470512 4.987392
15.382389 46.560046 4.156672
24.876337 44.291084 14.672580
24.953084 43.366615 14.433761
24.105235 44.322615 15.240008
49.026446 33.261499 38.603609
48.303162 33.230917 37.976320
49.790386 33.480736 38.068915
27.912896 26.366408 48.530138
28.193225 25.569330 48.078862
28.559899 26.480078 49.227299
46.322953 46.421661 45.741228
45.415404 46.559491 45.467502
46.503083 45.511405 45.503416
6.352620 21.663184 22.721364
6.507572 21.061324 23.450282
5.398102 21.712096 22.657570
16.211617 22.088496 3.016452
16.627045 22.902462 3.303587
16.885485 21.654635 2.491825
18.177431 34.823668 7.101590
17.792781 34.967449 6.236178
18.675680 34.011412 7.003838
45.340108 32.991318 17.426997
44.538728 33.499920 17.297843
45.244554 32.623981 18.306485
15.408500 35.274760 49.141476
15.463831 35.258278 48.185320
15.336202 36.205672 49.355352
12.113965 7.652135 39.997782
11.426027 7.913803 40.610838
12.859864 7.440137 40.560151
33.289837 28.406339 0.331343
32.813375 27.816426 0.916625
33.890493 28.875958 0.911203
32.782953 11.162383 20.864940
33.081737 11.999737 20.508383
32.520911 11.370729 21.762432
14.239608 10.919693 36.262739
14.451627 10.269800 36.933748
14.125854 11.734162 36.753929
46.975496 27.058312 21.505864
46.964751 27.047129 20.548092
47.564429 26.340488 21.741350
44.446811 43.771982 44.864696
45.167777 43.639765 44.248016
43.920937 44.465272 44.464230
28.213808 23.687106 38.110504
27.802599 24.538908 38.261855
29.072573 23.764758 38.527709
3.742342 29.449129 32.966557
2.869217 29.337232 33.344312
3.629249 30.145852 32.318981
32.967987 4.792347 5.950558
32.517577 4.158405 5.391259
33.787029 4.355282 6.186588
4.314401 0.894759 7.786297
4.508926 0.180494 7.178388
4.024038 1.610862 7.220212
31.421869 36.890737 25.428135
31.283462 37.598517 24.797692
31.350167 36.092774 24.903083
2.002880 46.089844 43.047015
2.064210 46.649851 43.821739
1.085214 45.815751 43.028856
49.486861 42.467115 22.539558
49.993488 43.217069 22.853350
49.997161 41.706540 22.820070
31.348270 18.518887 40.682602
31.063996 18.789887 41.556281
32.234721 18.873464 40.604842
11.318952 44.477282 17.264696
12.018397 43.936369 16.896246
11.246114 45.212344 16.654823
18.818617 47.424419 1.924995
19.250335 47.490901 1.072489
17.908729 47.664097 1.745479
1.855245 4.868260 24.432697
1.174720 5.250718 24.987835
2.085489 4.050460 24.875142
12.762176 2.945405 11.833372
13.170855 2.448786 12.543244
12.125249 3.506513 12.277273
22.500653 28.808800 26.095057
22.992241 28.008269 26.282292
22.517427 28.875251 25.139615
14.811929 15.667067 43.703216
14.653305 16.569051 43.422450
15.749646 15.644275 43.897470
1.828734 46.835863 39.312927
1.801585 46.081253 38.723527
1.857556 47.591116 38.724429
38.941350 4.431002 40.468537
39.476248 5.068068 39.993566
38.549941 3.893934 39.778665
19.676233 1.264442 0.939594
20.057429 0.857737 0.160591
18.755202 1.392245 0.709519
29.684860 22.710218 9.826147
30.472944 23.015829 9.375490
30.019044 22.268165 10.607477
28.239314 30.719514 20.211197
28.727291 31.399545 19.745361
27.816662 30.216250 19.514306
0.730256 5.606178 43.967520
0.808749 6.440245 43.503045
0.364886 5.846746 44.819693
30.215280 41.272255 22.951787
29.960651 41.830974 23.687017
30.731249 41.849281 22.387531
10.807206 46.512725 13.149420
10.824924 45.801102 13.790392
11.001249 46.081686 12.316282
22.213166 24.255030 3.091080
22.145116 23.485407 3.657310
22.083394 23.907577 2.207903
14.189533 11.838407 6.307766
14.262242 12.592671 6.893741
13.400548 11.385132 6.607117
44.762231 8.220085 39.550730
45.073314 7.359272 39.833211
44.541416 8.097122 38.626777
1.519519 10.386453 43.246305
1.288507 9.822891 42.506982
2.463192 10.259563 43.350933
8.049697 24.989578 16.934324
7.814974 24.775450 16.030653
8.991928 24.822382 16.976907
33.776742 5.111145 34.596952
34.113384 5.997554 34.733035
33.200699 4.962140 35.347644
44.872418 30.723599 20.937339
44.089211 31.166561 20.608798
44.887520 30.937418 21.870945
9.934645 4.769307 49.982842
10.307713 4.109710 49.396908
10.302059 5.596059 49.668113
29.307613 21.385229 15.233877
29.783324 22.084127 14.783536
28.387524 21.639142 15.153062
1.637065 43.591463 4.527518
1.365218 43.811659 3.635790
1.671441 42.634192 4.531679
20.215159 22.894646 4.687338
20.532392 22.234394 5.304588
19.261242 22.828462 4.744159
45.768965 38.960710 5.928939
45.456031 38.230734 5.393428
45.942356 39.657856 5.295307
27.165362 37.375975 29.541016
26.916968 38.068810 30.154080
27.482645 36.668705 30.103748
15.774091 13.762109 19.224971
16.046836 13.121421 19.882767
16.474760 14.415256 19.230316
40.691354 38.726703 9.116191
40.973038 39.639377 9.043751
40.207840 38.566287 8.304989
39.129809 29.136668 24.812076
39.206032 28.331983 24.298033
39.513772 29.810423 24.249766
32.093813 4.629540 15.052932
32.914386 4.987218 14.711913
31.424452 4.975328 14.461363
49.034371 2.680256 27.180152
49.362543 2.115637 26.479384
49.181144 3.568406 26.852715
37.021055 21.273455 1.968399
36.172302 20.844163 2.081948
37.335508 20.949693 1.123493
41.339695 10.968163 19.112607
41.260830 10.061505 19.411467
40.517073 11.134396 18.650843
40.649299 33.625310 42.410223
40.674776 34.475026 41.968748
40.512135 32.997102 41.700217
24.226486 48.173041 49.611830
24.111247 48.290691 48.668196
23.517363 48.687086 49.999734
26.854196 43.543619 48.077194
26.325194 43.732936 48.853006
27.535769 42.951823 48.397823
45.649121 46.074786 27.202743
46.355228 45.929386 26.571999
44.862873 46.148150 26.660528
34.869830 27.761310 13.683941
34.572167 27.280993 14.457414
34.065146 28.119060 13.307025
0.361347 45.053281 25.324064
0.118244 44.327541 25.900058
1.156007 45.411071 25.721643
6.240969 47.983011 3.092904
5.463018 48.367426 3.498593
6.952607 48.206708 3.693819
9.037913 0.972948 9.299954
8.822055 1.735967 8.762576
9.539825 0.407413 8.711888
43.641215 12.014229 13.217337
42.954613 11.575161 13.720689
43.610587 12.921718 13.522446
18.518879 16.465146 21.626537
18.030158 16.321431 22.437749
18.742861 15.582549 21.329179
38.734272 17.273215 5.399012
38.386612 16.856437 4.609711
38.709121 18.209701 5.199189
29.929828 44.158045 14.234295
29.760491 44.564199 13.383454
30.884907 44.158919 14.307713
15.348753 0.583640 9.169350
14.754428 0.970753 9.813157
15.916193 0.012821 9.688718
12.373148 32.506652 44.003166
13.152259 32.626727 44.547350
11.691614 32.248094 44.624636
39.578598 35.818420 2.921052
38.705209 35.938583 2.546460
39.434455 35.857514 3.867235
29.883230 47.761723 2.003881
29.872553 46.866184 2.343680
28.997860 47.892706 1.662516
3.784514 42.790227 36.905665
4.511756 43.338900 37.201710
4.104200 41.894966 37.023465
38.470731 12.908307 16.616981
37.805936 12.462419 16.090864
39.301174 12.571948 16.278170
47.421582 18.627927 9.524182
47.381455 17.895552 8.908078
47.898395 18.274815 10.276198
42.960292 28.845949 39.074227
43.256653 29.589982 39.599727
42.605770 28.231609 39.718019
5.124210 43.661082 8.088934
4.936655 42.780347 7.762292
5.529033 44.105596 7.343218
38.553562 4.314386 25.479070
38.284204 5.046999 24.923831
38.042307 3.573186 25.152257
23.836811 34.111978 24.750720
23.710789 33.361827 24.168518
24.346863 34.731059 24.227123
20.098496 20.527627 48.857178
21.049459 20.453330 48.945014
19.754986 19.929525 49.521890
7.615985 39.501805 23.656012
8.018989 39.288524 24.498429
8.329601 39.887530 23.146567
41.680410 35.569780 26.591950
40.828340 35.875305 26.905316
42.244900 35.619289 27.364262
25.364656 42.035615 41.548986
24.879562 42.316732 40.772311
26.125387 41.573624 41.194839
34.252035 25.654861 5.713848
34.870833 24.981368 5.429134
34.407884 26.384420 5.112998
23.681569 11.071420 29.448558
23.503340 11.969256 29.166259
24.404716 11.161150 30.070308
16.739848 0.824682 12.397512
17.228809 0.001224 12.377484
16.760937 1.086633 13.318654
8.402815 23.365690 28.468055
7.518804 23.635086 28.720083
8.793322 24.159623 28.100983
7.506571 19.671226 28.924465
7.594559 18.735906 28.737377
6.688096 19.734822 29.418046
33.416722 26.362422 16.612782
34.264902 26.804302 16.666628
33.167108 26.223566 17.527100
7.215645 47.907606 39.848549
7.259861 48.608107 39.196698
6.498014 48.170650 40.425941
33.442156 46.119778 27.398271
33.039055 46.906959 27.030273
33.509231 46.307744 28.335147
2.052394 43.579547 40.108758
2.560418 42.933236 40.600449
1.902909 44.286653 40.737426
14.198917 13.056745 40.168248
14.974014 12.888046 39.631283
14.005908 12.210056 40.572516
30.029811 47.751879 7.121214
30.642319 48.168620 6.513984
29.167944 47.931408 6.743693
19.699000 19.050329 9.018114
18.989090 19.693335 9.006365
20.204133 19.274199 9.800603
0.784972 17.571186 2.870099
0.294375 18.329253 2.550387
1.700249 17.796131 2.699114
8.481564 12.562310 20.854449
9.235206 12.186490 21.310904
7.724796 12.160389 21.282617
37.505888 1.814874 37.903557
37.022171 2.481472 37.414445
37.521249 1.058809 37.315597
32.124602 8.108525 27.867175
32.148718 9.025161 27.590113
31.748293 8.140308 28.747486
36.817094 38.370329 28.569598
36.804010 37.537408 29.042501
36.419113 38.164614 27.722923
39.285232 9.489943 11.173473
39.903589 9.667258 11.883233
38.818102 10.318228 11.058143
35.616961 36.113470 39.412717
34.790201 36.534487 39.174435
36.200779 36.844560 39.618220
33.186071 32.781587 31.539096
33.890315 32.264409 31.931695
32.689304 33.108131 32.290200
45.875310 43.651767 32.650000
45.374643 43.472427 31.853297
45.328428 43.300601 33.353683
17.095864 37.346318 0.644242
17.518686 36.526759 0.385182
17.391955 37.487731 1.544186
6.943568 19.581274 33.050618
7.586083 19.887423 33.691722
7.297369 18.744718 32.746371
22.050738 33.584445 20.486227
22.907271 33.465647 20.898301
21.437585 33.600026 21.222004
46.128117 46.593858 32.903467
45.228367 46.718660 32.599425
46.666337 46.900180 32.172678
11.083168 31.635507 4.889440
10.817338 31.831238 5.788657
11.324966 32.488311 4.526362
26.600004 43.946456 20.494714
26.789106 43.030426 20.288082
25.905529 44.186110 19.880030
47.869499 20.938650 38.774223
46.915439 20.995892 38.710511
48.159577 20.851485 37.865475
41.530291 12.764297 25.686611
40.795746 12.361883 25.221775
41.933600 12.036385 26.161007
1.524188 39.915570 49.944666
1.431368 39.683442 49.019967
2.391583 40.318423 49.998541
2.290533 19.344948 16.779655
2.885675 18.826281 16.237107
1.428845 18.960507 16.614530
25.635408 31.308138 21.520943
25.797452 31.069677 20.607464
25.641790 32.266006 21.517071
0.891302 49.878458 17.377683
0.751772 49.680669 16.450872
0.007209 49.995472 17.727329
48.103769 35.236478 46.359210
48.415693 34.503602 45.827079
47.427754 35.646722 45.818590
47.307360 18.213137 32.966739
48.050008 18.409727 32.394556
47.607052 18.476788 33.837508
46.235060 38.907634 20.155275
45.608953 38.183607 20.191887
45.716012 39.677548 20.390625
42.565478 1.570513 27.312695
43.379040 1.068889 27.249003
42.555274 2.101428 26.515455
39.852406 38.574171 25.700559
39.258257 38.331669 24.989401
40.724911 38.496083 25.312997
2.496442 35.105337 1.932381
2.926803 35.689104 1.306625
2.026949 34.477723 1.381705
13.148689 13.269560 12.865452
14.034679 13.226025 13.226966
12.701067 13.909329 13.420337
32.719909 43.801566 45.423836
33.010756 42.989635 45.840659
32.041230 43.518905 44.809780
24.771569 3.932735 46.022280
25.061868 4.768312 45.654715
24.019919 3.687998 45.481269
5.136162 46.246026 49.009448
5.143531 46.825576 48.246799
5.382844 45.390809 48.655443
14.477850 29.156776 27.594284
13.946953 28.587656 27.035878
14.950149 29.715869 26.976291
26.219877 28.886599 11.448564
25.988218 28.140525 10.894241
26.292342 29.619349 10.835870
1.052430 37.724468 43.891928
1.261038 38.641961 43.712328
0.096126 37.708262 43.944716
35.423645 11.196251 48.991064
35.780663 10.571614 49.623467
36.004073 11.118856 48.232988
13.708858 47.593325 44.878090
14.302657 46.885846 44.624236
14.292923 48.309694 45.129586
17.216974 3.690235 6.178602
17.273127 2.734822 6.138597
18.129004 3.975319 6.245641
4.013116 8.868859 7.416364
4.292542 8.464150 6.594355
3.225243 9.359410 7.179336
47.142951 20.366311 41.062185
47.078351 19.496793 41.458834
46.807039 20.956772 41.737527
28.580105 38.358849 32.643426
29.093524 38.177487 31.855343
28.509393 37.507756 33.077255
17.594748 0.060426 3.538510
16.695014 -0.000014 3.861609
17.906458 0.902831 3.871313
4.567089 6.446302 8.297546
3.979894 5.690219 8.264278
5.363763 6.105666 8.706014
42.906544 26.888085 13.424463
42.776644 27.667134 13.966473
42.778271 26.157600 14.030685
7.838148 32.101065 26.543436
7.443838 31.486324 27.163259
7.850893 32.933933 27.016444
25.829485 14.157427 39.868696
25.955796 15.104670 39.934591
26.140668 13.940816 38.989031
43.705993 16.904832 36.684839
44.238241 17.168641 37.436294
44.060555 17.415936 35.956398
26.891109 36.011689 43.572145
26.766330 35.627510 44.440709
27.791833 36.337290 43.587848
19.740346 36.615692 35.295667
19.230905 36.010343 35.835658
19.477091 36.406842 34.398647
14.045333 19.268465 18.975227
13.264518 19.565163 18.506330
14.289570 18.455453 18.531462
3.574304 49.344636 9.886163
2.838076 49.511042 10.475946
4.316487 49.199405 10.474075
22.457199 39.431021 37.316320
22.674821 39.582313 36.395821
21.533581 39.676481 37.381479
38.357963 48.713264 33.951553
37.580604 48.411954 34.423243
38.671161 49.456701 34.468056
17.226030 44.895446 47.308121
17.455852 45.106450 46.402458
17.699975 44.082261 47.486090
13.510109 42.244840 29.055446
12.981032 42.958164 29.414351
14.411940 42.555350 29.144053
9.481822 21.579306 44.603659
9.786219 21.541040 43.696221
8.933400 22.364113 44.633274
38.369667 16.817937 32.101104
38.881885 16.008493 32.100893
38.898998 17.429303 32.614531
13.139597 32.598048 28.762930
13.728246 31.879240 28.529748
12.594545 32.236135 29.462576
33.700754 30.552196 16.551867
32.861834 30.189234 16.265443
34.353566 29.983612 16.141847
38.060409 38.776622 48.218161
37.785118 38.019583 47.699824
38.264961 39.445810 47.564010
4.118088 6.791349 21.373853
4.042571 6.791559 22.328768
4.713658 6.064826 21.186700
29.060767 21.284909 47.682066
29.601096 20.669131 48.178483
28.884327 20.829355 46.858109
11.595834 5.145818 19.033320
11.140999 4.629858 19.700011
11.936394 4.490788 18.422974
20.987179 22.967908 24.989029
20.327490 22.487497 24.487449
20.564727 23.803701 25.190403
47.233185 1.131872 35.370588
46.905843 0.267257 35.621299
46.764121 1.735674 35.947622
47.854826 5.020141 47.293026
48.542436 5.353994 46.715704
48.259332 4.268617 47.727943
38.766257 2.529371 5.353025
37.857723 2.278449 5.182234
39.265986 2.073855 4.674539
28.413799 43.385474 2.901699
28.348973 44.291948 3.204470
28.634845 43.464534 1.973014
49.156444 0.676218 39.813503
48.203919 0.711150 39.718407
49.487061 0.981505 38.967891
1.859636 37.449051 33.009479
1.106184 36.995525 33.389204
1.816015 37.234323 32.076979
6.515899 3.662785 10.576679
5.974664 4.228904 11.128169
6.878192 3.019354 11.186848
29.166640 14.384926 35.036709
30.045353 14.755513 35.126683
28.857115 14.295807 35.938828
27.651657 19.387269 7.772570
27.260802 20.153861 8.193445
28.417476 19.736714 7.315429
27.963667 32.829295 16.764902
28.890468 32.648395 16.604024
27.831167 32.575024 17.678880
5.745059 12.017536 43.589642
6.458089 12.009769 44.229248
5.112543 11.387673 43.937151
49.494647 16.072000 45.704873
49.064846 16.711576 45.135856
49.891126 15.447244 45.096555
44.641934 16.686958 7.709105
44.027151 16.103619 8.155563
44.709183 17.445021 8.290814
0.745339 45.479022 18.885050
1.521064 45.671361 18.357013
0.030175 45.451665 18.248372
12.999551 36.526410 8.957793
12.286822 37.048368 9.328123
13.358003 36.053506 9.709751
3.104832 12.558202 7.749005
3.442936 11.676350 7.589041
3.836917 13.017851 8.161728
21.123249 33.168695 39.574008
21.685074 33.944529 39.573579
21.731655 32.439526 39.448620
25.390349 15.434866 25.860446
24.438434 15.449412 25.966342
25.518955 15.332884 24.916716
38.878375 32.019230 46.358387
38.281613 32.511090 45.793129
38.904845 31.145655 45.966300
0.003206 32.571785 37.678630
0.613945 32.961481 37.051970
0.065568 31.630669 37.511363
48.987513 11.948631 25.081471
48.972844 12.577141 24.358749
49.293046 11.135444 24.677808
43.635761 11.538161 21.584488
42.795306 11.719661 21.162281
44.280880 11.676953 20.890137
32.838724 7.808491 2.985187
33.021372 7.782719 3.925156
33.455072 7.178472 2.610010
37.511191 11.877330 26.735470
36.654987 12.184835 27.035342
37.619460 12.288099 25.876917
15.333909 5.515169 37.441659
15.375320 4.661357 37.009388
14.651287 5.408330 38.105120
27.345319 35.641012 47.850856
27.377428 35.125727 47.044000
26.793717 36.391487 47.627052
43.973802 35.167612 35.553492
43.364665 35.467158 34.877629
44.725419 34.836511 35.060530
39.559301 45.683011 39.258236
39.636372 46.327495 38.553773
39.724041 44.843986 38.826419
47.969083 11.861368 49.009022
48.346947 11.070531 48.622547
48.224431 12.560875 48.406482
25.148813 26.943792 24.254024
24.558526 27.102254 24.991599
25.605655 27.777563 24.137024
20.134300 36.027592 41.837018
20.273821 36.841231 41.351123
20.962430 35.555163 41.744398
39.520150 30.231879 12.518643
40.410477 30.099913 12.846467
39.140521 30.870071 13.123755
33.438254 27.186525 41.382580
33.911113 27.760270 41.986557
32.942946 26.600722 41.956228
21.375862 32.568303 18.021147
22.090046 33.204950 17.974375
21.819891 31.726662 18.130897
37.401928 49.993061 28.998419
37.740984 49.841109 28.115516
36.645732 49.408534 29.062152
6.428590 9.735551 20.040346
5.772123 10.316399 20.426653
7.019805 9.535154 20.766894
11.619507 42.365234 3.769154
10.761167 42.217236 4.167798
12.111234 42.837757 4.441830
32.198944 40.703635 36.039222
31.912788 41.411377 36.617827
32.530634 40.032712 36.637061
4.896136 46.064577 42.812980
4.600687 46.251258 43.704847
4.241402 45.453595 42.472992
48.692636 7.662356 14.322778
49.180097 8.007555 13.573921
47.845619 7.409466 13.953759
23.459495 7.117469 28.786322
23.697180 6.403892 29.379517
23.164613 7.817785 29.369562
18.079317 2.060293 35.568304
17.975003 2.783845 34.949306
18.137331 1.282980 35.011540
25.978937 15.155084 31.763718
25.419532 15.678916 32.338378
26.134889 14.350436 32.259488
32.241992 33.937849 29.894345
31.796523 34.313230 29.133942
33.129183 34.295742 29.845651
8.992886 42.328699 28.384612
8.570406 42.652812 27.588353
9.806843 41.931822 28.072314
13.592099 46.269252 11.532357
13.018169 45.528991 11.331895
13.004302 46.925558 11.908289
5.303985 13.215410 27.197200
5.845776 12.425454 27.197148
4.406117 12.882970 27.167487
22.855132 49.375311 0.733068
22.687860 49.992525 0.019883
22.540275 49.830617 1.514815
23.566835 44.736084 6.525730
23.759442 45.439495 7.146762
22.914436 45.116657 5.936573
4.158008 15.049598 34.604397
4.882274 14.835645 34.015135
3.400168 15.129079 34.023942
38.844523 36.916697 31.414818
38.708889 35.978793 31.554487
39.668664 37.103358 31.865946
29.040519 28.666753 1.710217
28.568296 28.037276 2.256413
29.505251 29.219666 2.339406
48.754803 19.279476 45.008736
48.032764 18.935221 45.535722
49.533318 18.859485 45.376282
15.143406 33.016804 24.904138
14.368925 33.486691 24.592766
15.597310 33.654476 25.456327
5.371530 11.735794 5.730775
4.786471 11.100409 5.316579
5.459091 12.432317 5.079042
22.854072 26.182170 8.943876
23.092980 26.892007 8.346698
22.358729 25.572429 8.395772
22.230397 47.025402 3.155237
22.392591 47.868668 2.730782
22.306229 46.387645 2.444546
3.516531 40.027758 31.223687
4.260173 40.501005 30.848720
3.553067 40.237362 32.157656
48.469264 1.757782 22.289077
48.143931 2.398959 21.656134
48.647572 2.275207 23.075236
39.218439 29.822294 16.376796
39.399167 29.642174 15.453508
39.260609 30.777092 16.441223
28.897109 31.806318 5.928426
29.545185 31.845615 6.632713
28.358678 32.587142 6.062488
1.669750 14.708312 21.385238
0.941673 15.330514 21.366948
1.716647 14.430341 22.300716
6.791770 43.025279 43.849377
6.236034 42.354860 43.450300
6.174169 43.604414 44.297417
1.907570 8.951276 46.526197
1.112399 8.849998 46.001781
2.274214 9.787176 46.235664
17.163254 27.380782 8.137785
17.396635 27.697813 9.011050
17.285571 26.432337 8.193092
49.289951 41.582713 9.073327
49.940934 41.784874 8.400334
49.434173 40.655749 9.266988
6.694657 26.711522 49.376723
7.391336 26.989657 49.972412
6.761205 25.755969 49.369282
17.955137 15.767862 17.377989
18.066124 14.912703 17.795063
18.751187 16.246791 17.611440
38.044027 46.403138 16.482189
37.557893 47.010586 17.040980
37.379380 45.785770 16.174505
35.309116 28.739842 28.675568
35.642999 27.878853 28.930100
35.512255 29.300268 29.425384
30.451937 17.581867 36.425421
29.943770 17.908961 35.682223
31.098389 16.997656 36.027472
31.382440 7.680528 19.855431
30.723839 7.283942 19.284004
32.037116 8.030237 19.249899
29.737504 23.558734 26.959657
29.857800 24.133146 27.716722
28.995248 23.004161 27.202703
49.588923 35.304467 49.436626
48.860547 35.576052 49.996337
49.918598 34.507083 49.852631
15.788672 27.821191 19.068571
15.894100 28.649757 18.599604
15.992784 27.153737 18.412515
26.354803 5.972909 24.447372
27.011406 6.098183 23.761262
26.391054 6.783595 24.956333
41.313428 35.271565 43.926299
40.740558 34.875139 44.583743
42.140541 34.797734 44.020826
24.697927 24.158699 12.717128
25.025353 23.579059 12.028378
23.931563 24.578412 12.324581
13.336091 15.677818 3.791128
14.263476 15.509364 3.620402
12.900722 14.861531 3.542743
15.813640 37.861341 24.853010
16.567552 37.526123 24.366376
16.047634 38.769040 25.050234
47.295968 27.684058 29.915894
47.771285 26.911799 29.607257
47.395495 28.319029 29.205632
43.149223 10.415984 37.903544
42.844141 11.323627 37.877553
43.395165 10.226085 36.997444
21.579207 6.208309 38.782814
22.241181 6.314322 38.098623
22.075045 5.899000 39.541788
16.768634 33.289302 41.000277
16.661575 32.733748 41.773235
17.240218 34.056282 41.327259
41.471479 1.902413 24.365056
42.143584 1.528923 23.793788
41.287758 2.760060 23.980018
37.664527 24.192679 25.917354
38.406176 23.986100 25.347399
36.916498 23.776307 25.487640
49.104894 39.658630 28.863270
49.999167 39.436693 29.125157
48.640841 38.820881 28.883198
9.638720 46.586855 9.525117
10.087933 45.825421 9.156346
9.582815 47.202309 8.793231
7.715405 9.268506 6.771875
7.312956 9.829455 7.435907
7.038758 8.620612 6.572001
48.180276 26.767292 9.033750
47.950431 26.904620 8.114033
48.401171 27.643101 9.352701
37.999397 15.203942 18.094471
37.209942 15.061116 18.617852
38.696892 15.297326 18.744353
9.863731 35.239710 8.439130
9.733409 36.024905 7.906165
10.006294 34.542825 7.797574
41.468957 49.125060 8.343970
42.357742 49.450702 8.490887
41.174253 48.849985 9.212906
34.669549 28.556460 32.413345
34.594290 29.498857 32.259100
34.353886 28.440530 33.310275
18.070118 15.169722 14.557794
18.745675 15.836258 14.687865
18.471182 14.545664 13.951768
30.499603 22.341574 4.194592
30.361274 23.054907 3.570423
31.051619 21.719254 3.719657
29.807829 35.244734 5.257425
29.002744 34.794246 5.515235
29.741202 35.315322 4.304459
35.088339 16.493345 28.623598
35.718705 16.070276 28.039460
34.453447 16.896018 28.030021
45.884898 7.575911 4.898460
46.044591 6.924779 4.214288
45.756473 8.394028 4.417048
25.200541 32.615152 5.173973
25.431651 31.694243 5.300783
24.366065 32.712173 5.634194
23.631367 12.150903 0.663180
23.254821 12.868602 1.173756
24.533152 12.429030 0.498875
16.090497 45.167837 18.366787
16.634951 44.665607 17.759414
15.513591 45.677525 17.796730
42.774979 21.992227 7.256797
42.256636 22.472353 6.609986
42.265403 21.198062 7.421726
28.443643 46.879347 26.101071
27.485942 46.865733 26.087261
28.671628 46.447489 26.925139
10.067284 23.589099 10.717221
10.472193 24.090665 11.425774
9.697849 22.821715 11.155634
43.832212 25.390187 42.664427
44.598483 25.467612 43.233990
43.813492 26.218673 42.183982
7.828263 28.846491 25.116847
7.556234 29.262590 24.298050
8.687580 29.228583 25.298909
11.598616 45.711508 29.920358
11.758052 45.948534 29.006047
11.352654 44.786502 29.882491
13.595267 13.593285 23.801388
13.243324 14.151392 24.495808
14.523280 13.503813 24.021283
13.364528 32.780076 36.735500
14.055560 32.691901 36.078029
12.566691 32.905867 36.220526
40.663031 30.772693 39.972323
40.966766 30.112193 39.348583
40.139180 30.276057 40.602005
18.332783 18.910503 11.522861
18.825313 18.093646 11.434963
18.875047 19.449387 12.100028
21.011543 32.437117 48.140615
20.652524 32.113931 48.967793
21.442811 33.258774 48.378217
35.110127 41.889937 43.127109
34.290128 41.925399 43.620983
35.446462 41.008988 43.295554
24.369263 23.724939 9.220040
24.828810 24.553227 9.362594
23.679553 23.722949 9.884767
6.973960 6.815562 23.110468
6.843123 6.891292 22.164575
6.320409 6.171717 23.385968
10.247986 27.531071 48.122212
9.974814 26.698470 47.735277
10.936034 27.286129 48.742019
36.639962 49.349095 26.180394
36.704906 49.523577 25.240764
36.000856 49.990244 26.493502
31.401761 39.317523 22.232934
30.754901 39.032130 22.879223
32.183561 39.507299 22.752877
11.793583 21.535538 5.711613
10.912275 21.897214 5.611345
11.858941 21.334932 6.645985
9.977262 25.833901 3.509270
9.617745 26.548380 2.982170
10.468971 25.304227 2.880594
31.745518 15.151914 32.387249
31.235311 15.954537 32.273008
32.579909 15.342180 31.956949
14.444658 43.310432 39.698586
14.410550 44.030877 39.068220
13.637564 43.405239 40.205712
15.837689 7.858518 48.703550
16.661845 7.689853 49.161682
15.596513 8.744881 48.975137
3.382790 39.810420 16.149489
3.807244 40.631516 15.898078
3.818374 39.562593 16.965832
2.935410 23.535249 19.733119
2.159599 23.678401 20.276434
3.623911 23.316064 20.362000
34.487398 48.951180 30.415243
34.721077 49.129628 31.326900
34.656696 49.779136 29.964250
48.054469 38.779701 49.028223
48.312570 39.679312 49.232311
47.789948 38.815475 48.108269
33.651352 41.444833 14.333215
34.112870 41.958522 14.997062
34.010699 41.759333 13.502838
16.422239 35.547654 27.032344
16.089900 34.876184 27.629206
15.633038 35.981321 26.705752
41.462861 32.119512 20.053428
41.076429 31.569968 20.736245
41.804787 32.877408 20.529084
33.707225 32.117730 13.752371
33.052774 31.528193 13.375932
33.196033 32.716479 14.298035
27.774789 32.015909 29.099595
28.378216 32.756385 29.171278
28.231415 31.298776 29.540933
27.346011 16.548409 41.979472
27.658798 16.582047 42.884236
27.257373 15.612137 41.797520
0.346440 22.016400 13.009023
-0.009825 21.132264 12.914446
0.884903 21.968015 13.799771
37.056662 41.821520 22.229118
36.383388 42.502755 22.242810
36.809170 41.233968 22.944028
38.854196 29.811347 27.783741
39.604075 29.720834 27.194627
38.103959 29.901033 27.194955
2.255969 33.898802 38.866710
2.454422 33.209697 38.231637
1.523484 34.374840 38.473746
15.963858 9.653468 34.158966
15.023751 9.793760 34.040284
16.150752 10.036158 35.016979
11.014358 21.475625 15.355335
11.013213 20.567371 15.659703
10.731096 21.978603 16.119758
27.628378 35.439255 40.484334
28.357803 34.965319 40.885445
28.034396 36.224849 40.116153
33.284087 7.929809 15.894148
32.442623 7.741753 16.311449
33.896094 8.007692 16.626916
39.387103 39.373919 32.054082
40.124627 39.224019 31.461499
39.187803 40.304862 31.948284
21.160140 4.473572 47.301184
21.861779 3.847625 47.484104
21.276786 4.691483 46.375725
44.705085 30.677363 49.082250
44.542851 30.121350 49.845203
45.573750 30.410637 48.779192
28.438880 6.634473 22.045140
28.480766 7.059101 21.187525
28.069090 5.770391 21.860255
27.148585 13.360741 24.753964
26.248943 13.180815 25.029349
27.404912 12.577027 24.266464
37.482518 1.041996 32.097121
38.155972 0.361607 32.063983
37.283924 1.128975 33.030160
40.801607 48.629413 11.821758
40.044988 49.190984 11.649327
40.785934 48.501130 12.770897
26.661429 8.870126 27.555078
26.763049 9.479564 26.823077
26.551950 8.016326 27.134832
20.298104 27.612331 38.307969
20.618967 28.398345 38.751585
20.934851 27.462563 37.608191
28.944508 22.910215 7.162894
28.266250 22.830485 7.834591
29.348722 22.042236 7.134779
3.610319 11.245018 16.968805
3.563318 10.297534 16.836020
2.768531 11.568316 16.645637
47.314819 25.167144 33.975932
48.119509 24.669861 33.825100
47.457852 25.591959 34.822478
19.658011 39.597209 4.497257
20.210053 39.814913 3.745312
19.802329 40.319260 5.109942
8.597352 34.908233 5.323076
8.152565 35.605325 5.806599
8.013900 34.726500 4.585428
44.014070 35.835800 7.949506
44.513582 36.601848 8.234506
44.055398 35.872431 6.993202
11.243279 49.067275 12.752858
11.853998 49.441831 12.117015
10.590246 48.619412 12.213847
23.721768 4.772839 3.157809
23.092323 5.456795 2.926354
23.838906 4.278542 2.345703
36.550463 7.773553 11.026816
36.305765 7.416705 10.172211
36.807353 7.004222 11.536427
43.118308 41.633238 38.105164
43.567501 42.084742 37.389667
42.564637 40.988328 37.663456
6.323296 13.839453 24.319197
5.536284 14.005418 24.839422
6.809231 13.191571 24.830746
9.637510 9.757503 16.215370
8.982390 10.456159 16.231658
10.201520 9.948485 16.965694
20.937002 46.003265 37.096207
21.142288 46.696927 36.468308
21.667715 45.389439 37.013488
37.670663 4.007938 10.304506
37.914212 3.277005 9.735305
37.514269 4.733559 9.699047
39.826596 49.267170 5.711887
40.307375 49.828033 5.102092
39.171452 48.833701 5.163745
27.541081 7.359698 39.179458
28.340652 7.405866 38.653985
27.024627 6.671122 38.759095
5.450313 13.415332 49.941339
5.038090 12.552216 49.993002
4.767404 13.978958 49.575924
20.509306 1.287057 11.822767
20.561281 1.969418 12.493027
21.391804 1.256466 11.451514
17.813787 2.144333 25.753617
18.522308 2.527047 25.234874
17.225870 1.762816 25.100650
11.355284 34.809321 36.392567
11.025712 34.389952 35.596905
12.142173 35.272881 36.103629
15.718396 7.580480 36.584806
15.328154 7.310313 35.752768
16.657330 7.622411 36.399841
40.842896 15.962191 16.662675
40.236873 16.480779 17.193117
41.441378 15.575256 17.302728
40.321047 35.380783 21.395997
40.825760 34.887527 22.043707
39.472384 35.520109 21.817810
46.409636 19.307227 7.526742
45.672103 19.184138 6.928026
47.150917 19.493131 6.949240
48.565082 40.188480 20.452499
48.486945 39.312852 20.832943
48.756760 40.752827 21.202391
23.177257 4.618153 15.746314
24.081491 4.857785 15.952476
23.205574 4.373617 14.820589
43.681822 42.339537 25.523328
44.269798 41.725502 25.964705
44.190886 43.148785 25.463848
8.876697 32.070179 17.232285
9.790344 32.307478 17.395090
8.490771 32.012584 18.107105
26.194694 33.432744 13.961095
25.352904 33.000386 13.812692
26.056455 34.327246 13.647529
42.167198 40.305368 29.439037
41.434461 40.365541 30.053075
42.415879 41.216980 29.281914
25.051408 16.320225 9.142116
25.450138 16.066471 9.975297
25.560569 17.081588 8.861672
33.874124 34.024897 41.155021
33.476540 34.800305 41.552809
34.391761 33.638712 41.862466
41.615112 22.395609 23.025840
42.394807 22.947381 23.097892
41.724356 21.744883 23.720237
41.271512 1.179972 44.596448
40.458544 1.658746 44.762052
41.842670 1.826362 44.179884
16.199140 5.953043 4.440750
16.920443 5.323509 4.471991
15.434240 5.421158 4.218051
20.964801 33.490900 36.883806
20.515684 33.938734 37.601654
21.650679 32.982556 37.318229
34.150279 2.889792 41.631242
34.267389 2.172495 42.255211
34.092333 3.671429 42.181926
34.612223 2.689198 31.236399
35.049514 1.922817 31.609231
35.325861 3.304303 31.063386
34.393531 21.001567 9.564461
33.797028 20.318228 9.256566
33.845748 21.556725 10.120610
33.840721 9.733361 29.571387
33.780616 8.916742 29.074307
34.386563 9.508172 30.325650
47.598381 40.285469 14.924787
46.785685 39.802027 15.077681
47.600553 40.446185 13.980471
4.771292 8.578701 2.919426
4.192451 9.172260 3.399216
4.202198 8.179147 2.260598
40.124579 38.007141 3.419181
39.384770 38.190572 2.839006
40.853026 37.834570 2.821560
6.476790 17.785184 41.122994
6.985106 18.515673 40.768639
6.462971 17.143457 40.411965
28.668888 7.991231 44.476661
29.445024 8.038667 43.917259
28.998830 8.197164 45.352044
0.765518 41.377698 32.926284
0.570099 41.574497 32.009415
1.626034 41.772558 33.071768
0.894764 44.684163 15.349267
1.214818 44.347354 14.511596
1.648707 44.607926 15.935205
3.416625 22.502829 25.684197
3.438902 23.056689 26.465420
3.078770 21.664570 26.001599
43.990617 10.084902 45.798233
44.739860 9.851818 46.347663
43.382883 10.514029 46.401621
25.649824 40.414523 5.323434
24.855194 40.010545 4.972818
25.324930 41.092744 5.916753
37.259045 8.808321 27.666538
38.017984 9.173325 27.210084
36.630268 8.627507 26.966885
20.194106 18.359062 1.052478
20.724260 17.567759 1.154182
20.100291 18.693808 1.945064
30.331171 34.096074 32.022815
29.633547 33.735360 32.571242
30.951322 34.470302 32.649659
16.138039 3.140337 30.896299
15.929742 3.818291 30.252436
16.909924 3.479283 31.351134
38.755987 33.404983 27.246461
38.149993 33.705037 26.568002
38.406838 32.553294 27.511580
47.567540 45.556812 16.387591
46.789711 45.876197 16.846440
48.187319 45.356358 17.089915
48.344512 45.404684 1.563213
48.759160 45.277682 0.709103
47.407292 45.324535 1.382213
37.376571 41.276595 32.795480
37.637003 42.175718 32.998756
36.774688 41.369143 32.056063
11.946246 9.129124 13.760766
12.694691 8.618929 13.449160
12.279993 9.585030 14.534284
27.149801 9.800795 23.053998
27.733550 9.643653 22.310956
26.568128 10.498798 22.750660
42.624629 34.641557 48.591123
43.117381 34.992648 47.848494
42.797198 35.261897 49.300323
20.061240 7.002768 23.720808
20.987286 7.143481 23.520294
19.952294 6.052597 23.667203
46.435023 38.798613 31.751876
46.820126 38.272638 32.453739
47.185240 39.240318 31.352329
47.563902 20.662939 24.331375
47.760464 20.269308 23.480502
48.246323 20.321156 24.910212
49.860575 25.271663 23.722356
49.012963 25.474411 23.324847
49.999647 24.346428 23.517014
49.520867 41.609231 32.195503
49.999990 41.097401 31.542788
49.497827 42.493560 31.828081
23.598259 29.266048 35.384954
23.199057 29.193649 36.252688
22.908350 29.648485 34.841507
18.419584 7.011801 10.593413
18.742446 7.034271 11.494980
17.669798 7.607921 10.598782
7.247739 11.305544 40.720788
7.237165 11.923803 39.989207
7.863960 10.626433 40.443937
36.228476 16.370224 24.998722
35.530127 16.505984 24.357283
37.030924 16.377881 24.475668
45.004770 33.643334 37.994608
45.253423 33.107361 37.240638
45.316117 33.143041 38.749815
11.079303 26.873746 32.826181
10.788284 26.291941 33.529301
11.504188 27.599737 33.284413
22.278183 21.781249 32.555446
23.121689 21.595762 32.969765
21.646394 21.289317 33.081197
29.655802 12.288959 27.058138
29.154671 12.361762 26.245037
30.202282 13.075628 27.067063
11.523811 7.137511 28.674223
10.764563 7.507895 29.125804
11.683020 6.308206 29.126408
14.026654 5.659442 28.781487
13.843448 4.741315 28.984088
13.511106 5.832090 27.992837
3.160627 18.656151 46.993416
2.737962 19.147145 47.698998
4.092981 18.691110 47.210351
7.015435 45.807392 9.744556
7.615385 46.256303 10.341302
6.408193 45.347865 10.325640
19.674358 8.734990 49.374641
19.961672 9.200842 48.588511
19.743052 7.809785 49.136221
28.677373 30.741067 38.059081
29.337816 30.069136 37.886193
28.614756 31.224778 37.234660
41.941571 38.406786 17.885579
42.754121 38.589891 17.412503
41.667168 37.550284 17.555921
19.546067 20.347369 43.538524
20.348382 20.498884 44.039423
18.857545 20.741661 44.075215
22.060166 14.673359 22.162168
21.793285 14.410398 23.043753
22.551554 15.484172 22.298867
19.509451 3.429291 9.584721
19.603905 3.357510 10.535243
20.155178 2.812274 9.238465
26.610952 41.088937 36.938889
26.699631 40.745112 37.828545
27.506523 41.315583 36.685607
32.880951 36.974673 2.575110
32.078861 36.478536 2.407578
33.560577 36.483464 2.112088
9.615028 38.600758 31.366536
9.320407 38.174847 30.560704
9.738165 39.516832 31.115116
26.505999 3.051161 15.530619
26.309456 2.573108 16.337095
26.440537 3.972777 15.783414
43.411928 15.017985 32.668616
43.926357 14.227746 32.499936
43.676774 15.285647 33.549400
3.966739 6.831598 25.606844
3.660872 6.951719 24.707075
3.689906 7.630849 26.056430
40.156491 4.618690 47.989396
40.675395 4.124897 48.625378
40.216515 5.525399 48.292452
15.612041 41.836577 18.215500
15.282011 41.292114 18.931187
15.234430 42.700298 18.385684
33.229471 23.438311 39.810996
33.988670 23.022449 39.400822
32.538209 22.778353 39.746363
33.137348 23.684295 20.154292
33.721561 22.929469 20.073670
32.949865 23.932504 19.248306
35.172543 39.008213 5.462176
34.820470 38.164512 5.176204
34.911915 39.616902 4.769978
26.109999 35.320179 0.060654
26.013188 36.271591 0.115519
27.053416 35.176152 0.143037
22.029425 38.714261 8.888648
22.855747 38.362533 9.221885
21.783251 39.380883 9.530971
19.974354 34.996763 45.188893
20.704032 35.101505 45.800583
19.211263 34.872744 45.754470
38.404912 24.536738 28.869006
38.178611 24.080362 28.057788
38.708757 25.396739 28.576358
42.739887 10.602913 41.967410
42.012277 10.447358 41.364125
43.484080 10.787600 41.393273
44.025590 49.078259 42.284457
44.147233 48.888467 43.215451
43.519531 49.891523 42.275936
0.656502 16.316895 35.989600
1.464324 16.792876 35.793559
0.083628 16.513201 35.247410
22.972816 18.240559 8.709624
23.025446 17.284590 8.739981
22.045362 18.418560 8.549276
24.572416 35.027692 21.489835
24.225403 35.907164 21.643714
25.517455 35.160512 21.407216
38.930441 49.250751 9.034565
38.935116 48.487933 9.613921
38.916643 49.998600 9.632979
42.529819 3.197072 6.258810
42.294554 4.054467 6.615308
41.698348 2.722806 6.222834
30.852330 10.418889 48.289854
30.554957 11.197007 48.762789
30.094171 9.833575 48.302847
4.103563 10.235135 35.001955
3.171865 10.448964 35.063458
4.300905 10.316747 34.068166
28.356815 23.940966 0.980421
27.594005 24.044131 1.550547
28.409348 24.772401 0.507639
44.989548 35.816006 41.999530
44.452331 36.216793 41.315180
45.532727 36.536122 42.321952
39.369963 43.190858 44.312947
39.556358 44.105923 44.099688
39.119686 43.212646 45.237314
17.339328 28.885729 40.881113
17.886518 28.145274 41.145452
17.169317 29.354396 41.699046
14.780941 6.714973 33.020035
14.366072 6.074253 33.598766
15.581357 6.964519 33.483315
42.795849 44.657624 22.509890
43.504267 44.028195 22.370137
42.176741 44.191450 23.072876
20.908969 17.123301 31.455126
20.529947 17.196594 32.331789
21.481405 17.887979 31.383352
28.979355 16.978624 29.470293
28.725804 16.785256 28.567027
28.623409 17.853334 29.630769
38.967047 44.070814 41.687224
38.632605 44.946172 41.488570
39.549635 43.871179 40.953532
34.977792 2.263026 45.671357
35.102463 1.896435 46.547505
34.832812 3.196963 45.827272
26.699648 22.791631 34.993612
25.875398 22.696565 34.514924
26.751698 21.999036 35.529010
41.532663 17.712879 7.076554
41.271310 18.076000 6.229557
41.700547 16.787944 6.892495
16.254786 47.504453 30.736046
16.236519 46.705036 30.208633
16.883487 48.068330 30.284002
39.944498 34.344999 29.011655
40.810950 34.741644 29.109126
39.710898 34.072689 29.899824
8.616834 34.444684 37.416313
8.891282 35.098377 36.772162
9.437701 34.141830 37.806214
40.747235 19.863444 21.893982
41.354129 19.519979 22.550699
40.938431 19.350285 21.108056
13.591581 20.482916 49.274604
13.730543 19.764189 48.656796
14.342618 21.060577 49.133828
46.279359 27.907175 41.065171
45.497366 27.522364 41.462628
46.472691 27.331135 40.324652
30.574804 9.901535 12.652527
30.744012 10.612062 13.272274
30.538425 9.116921 13.200819
17.215086 46.220156 19.975665
17.338127 45.720162 20.783398
18.106121 46.421799 19.687630
19.190062 12.718400 47.435195
18.750868 11.974888 47.849761
19.201132 12.493753 46.504078
13.862014 44.204934 48.976955
14.055163 44.889050 49.619018
14.667899 43.688769 48.935866
13.871479 29.921635 42.164652
13.825713 30.825107 42.479628
13.812613 29.393131 42.961386
45.989362 46.976542 42.546125
45.744216 46.865407 41.626821
46.762267 46.420447 42.650736
9.047125 20.145789 38.256207
9.580974 20.615533 38.898011
9.553428 20.202200 37.445009
46.357943 38.489537 28.597295
45.710155 37.819010 28.377450
46.076185 39.258485 28.100408
7.993747 28.070940 46.749925
8.196121 28.251306 45.831188
7.167533 27.587381 46.716641
26.466476 24.127529 14.477517
27.022320 23.700229 15.130218
25.578598 23.855608 14.712675
1.486343 43.705803 47.035958
1.622397 42.830866 47.401392
2.067501 44.266981 47.550645
46.792624 24.003632 24.733404
46.688388 24.941138 24.900088
46.755352 23.930406 23.779037
4.547270 21.760437 16.118362
5.286757 21.374796 16.589537
3.778083 21.455923 16.601259
20.827640 19.725601 20.999796
21.371632 19.492014 20.246751
20.176611 19.024351 21.044269
35.704833 3.861321 34.041477
35.421090 3.200964 34.674712
36.398350 4.339541 34.497445
7.976105 45.015659 12.385078
7.899572 44.468716 13.167742
8.546037 45.735592 12.657914
16.902906 12.066111 5.013760
17.499395 12.514744 4.413347
17.282470 12.221119 5.879480
29.019837 24.675937 23.710463
29.955524 24.485767 23.787227
28.966420 25.296370 22.982605
41.600266 35.653741 38.964758
40.973963 35.350209 39.622921
41.345726 36.562677 38.801622
6.147306 17.573688 22.087207
5.835272 18.473507 21.984601
6.692637 17.425827 21.313697
9.482599 40.734944 17.455280
8.927164 41.485695 17.668427
10.026992 40.618247 18.234757
29.819124 46.366162 42.705813
29.703925 45.694973 43.379460
30.638766 46.799905 42.945854
15.131605 47.815172 7.282564
15.987722 47.730838 7.703893
15.155526 47.171250 6.573791
18.489311 17.239691 49.408671
18.370951 17.984721 49.999000
17.636540 16.803403 49.409129
43.767906 19.050962 11.811006
43.524886 19.793674 11.257033
43.370714 18.295403 11.376339
31.977213 42.863598 1.340058
31.586607 42.455170 2.113479
31.334829 42.711586 0.645937
10.920807 49.186780 4.830193
11.759494 49.521596 4.510710
10.335717 49.944079 4.788535
15.142084 49.595173 35.703916
15.578211 49.998376 36.455440
14.547597 48.953966 36.095075
16.225623 0.719264 38.206278
15.872885 0.002097 38.734307
16.714513 1.252931 38.833775
46.120122 12.440196 38.069449
46.763391 11.961245 37.545638
45.323003 11.913649 37.999331
19.071736 17.156720 39.527028
18.911814 17.586310 40.368125
18.897328 17.840006 38.878746
9.625555 9.797668 19.401873
9.157923 9.826762 20.237362
10.544912 9.913814 19.644484
25.574255 8.030733 33.082013
26.458959 7.907189 33.427848
25.180685 8.674894 33.671696
34.303239 34.287187 4.798926
34.595736 34.758989 5.579576
35.004900 33.657360 4.629935
13.084335 39.880277 49.232559
12.559364 39.179727 49.621406
13.399555 39.506402 48.408895
43.648953 35.861387 15.615901
44.026698 36.536572 16.180702
43.348691 35.187115 16.226447
18.996310 14.199459 32.772598
19.907488 14.481594 32.684721
18.487717 14.985425 32.569725
49.255868 28.834340 22.548134
48.888646 29.676534 22.277165
49.100182 28.259325 21.798009
44.399149 13.483825 0.909909
44.618353 13.610197 1.833784
45.231059 13.612073 0.452695
37.728187 28.600361 47.347712
38.299099 27.853193 47.530379
37.053810 28.550524 48.026166
38.900351 27.252408 35.363907
37.968271 27.381098 35.184376
39.321274 28.020433 34.975927
39.234324 35.347895 36.056851
40.024499 35.888524 36.087020
38.534194 35.941920 36.329834
22.983957 16.857728 29.581732
22.362377 17.552703 29.362153
23.529297 17.240785 30.269801
9.652274 40.139187 33.729302
9.678418 39.458338 34.402599
9.558047 40.953844 34.224298
13.881559 45.213168 41.939112
13.419503 45.824360 42.514016
14.785131 45.531168 41.937894
40.946234 39.463001 21.257488
40.744746 38.769337 21.886614
40.949101 40.262869 21.784527
28.783588 8.160845 49.085666
28.526167 7.239656 49.137744
28.837702 8.440422 50.000256
14.353965 21.715593 33.396517
14.188901 21.260931 32.569715
15.280741 21.550029 33.573272
27.011560 45.834422 2.080681
26.337990 46.457610 1.805896
27.290160 45.416668 1.264942
14.077132 40.693457 7.642693
14.309474 39.863347 7.224960
13.444476 41.088498 7.041647
12.648316 5.198264 25.287947
13.403170 5.242910 25.875970
11.905165 5.045952 25.872836
39.467019 43.898614 24.523727
40.262676 43.405483 24.320457
39.198785 44.267044 23.681186
39.781249 3.451452 15.634809
40.717990 3.254603 15.598283
39.746394 4.378293 15.874220
18.448948 28.016860 34.633617
17.596205 28.278714 34.982657
18.758682 27.350951 35.248593
15.055613 27.004702 41.054247
15.491255 26.352560 40.504253
15.297645 26.756524 41.947217
20.330435 26.516888 2.828370
20.447889 25.566220 2.829284
20.547424 26.778293 1.932742
26.220859 10.211884 41.202311
26.490086 10.362874 40.295511
26.846072 10.720944 41.719547
46.254437 16.217688 44.959932
45.486486 15.694222 45.191882
46.324144 16.857435 45.669461
43.349132 5.742977 46.288478
43.063897 6.570524 46.677547
44.305158 5.802786 46.286820
23.028355 30.025613 2.345733
22.959555 30.617746 1.595925
22.196170 30.135311 2.807254
17.607923 8.026818 41.597366
17.188100 8.664192 41.018514
16.929970 7.811809 42.239019
21.669521 27.241288 5.847235
22.374745 26.857339 5.324924
21.128999 27.703958 5.205878
21.423467 7.973927 35.468088
21.744777 8.078761 36.364378
20.854930 8.732995 35.333375
18.789321 30.212071 5.885909
17.859309 30.376183 6.046256
19.027017 29.554959 6.541097
34.868697 36.826048 35.495570
35.399523 36.260964 34.933012
34.128913 37.078456 34.941877
8.150292 36.051744 41.334568
8.358488 35.889281 42.255344
8.027170 35.176669 40.964905
10.677215 49.397283 41.962450
10.046335 48.944089 41.401940
11.226693 49.885741 41.348406
25.611233 3.178300 37.950174
25.440377 3.474500 37.055389
25.178807 3.833023 38.499640
4.171548 17.173593 42.548710
4.557328 16.370925 42.195914
3.663911 17.529443 41.818477
38.263624 20.424856 16.899257
38.461520 20.461405 17.835776
38.094637 19.496906 16.732165
44.449448 44.758062 14.352358
43.936134 44.058761 13.946090
43.802861 45.269239 14.840406
37.680901 41.065013 18.436464
38.124144 40.223484 18.322750
38.049397 41.618295 17.746786
13.663262 46.739051 39.831762
13.274784 47.123512 39.045097
13.538229 47.408607 40.505281
34.121426 41.488688 8.095159
34.655695 40.756308 7.785734
34.070092 41.356625 9.042519
48.107341 5.738385 49.929123
48.910585 5.401481 49.530547
48.254511 6.683023 49.988847
25.025417 25.533279 20.989780
24.738053 25.477892 20.077683
24.593215 26.320267 21.323574
4.886878 25.932588 38.559303
3.960615 25.951783 38.315921
5.345075 25.816904 37.726092
30.201593 29.281340 28.398323
31.072584 29.677146 28.446059
30.182601 28.668807 29.134536
16.509455 -0.075085 23.161525
16.989220 0.754006 23.160651
15.737173 0.102388 23.699716
39.618226 40.336139 1.562002
38.903746 40.637027 0.999373
40.365631 40.256585 0.968182
5.153069 28.068802 22.992959
4.936922 28.124062 22.061405
5.025002 28.961474 23.315917
20.219409 18.010917 47.371846
20.202572 18.237959 46.441397
19.809275 17.146052 47.408804
40.395184 0.006591 48.479534
39.640273 0.007498 49.069175
41.151171 0.005118 49.067792
14.323431 29.507362 5.312333
14.746980 28.993070 6.000574
13.402081 29.249998 5.361784
13.201336 1.743950 20.866969
12.699551 2.374717 20.349368
13.826521 1.374042 20.242566
37.190797 9.157378 44.133359
37.594684 8.503553 43.561560
36.813133 9.796165 43.527647
15.659171 10.305631 12.214313
16.250838 10.458516 12.951960
14.814220 10.637796 12.519749
41.988363 1.146772 10.494705
42.231129 0.682897 9.692551
42.081497 2.072449 10.266637
36.411225 40.999780 46.232904
36.258456 41.933169 46.081205
36.868244 40.706514 45.443793
26.301111 4.025214 3.413620
26.646343 3.248691 3.855653
26.463371 4.737991 4.032641
6.775729 24.209455 39.857596
7.425238 24.844831 39.554279
6.378945 23.877839 39.051271
31.679971 17.608351 26.677259
32.050538 18.232192 27.302616
31.491201 16.831992 27.205652
28.610636 47.519678 11.614276
28.988399 48.148084 12.230691
28.210717 46.853895 12.174959
41.417562 37.074515 45.869944
41.628767 37.222153 44.947360
41.814463 36.225405 46.067552
29.036839 32.313767 44.674406
28.765832 31.564298 44.142975
29.259311 32.987968 44.031347
33.593861 44.708801 33.182659
34.177627 45.219579 33.744699
32.916265 44.388561 33.779212
34.214147 21.860782 44.828569
34.962500 21.664766 45.393470
34.138317 22.815019 44.863886
46.552942 19.015644 49.442498
45.834634 19.539834 49.798624
46.638699 19.320352 48.538415
20.910561 24.037270 41.916258
21.022165 23.222457 42.407369
20.271160 24.533316 42.428773
9.135173 21.414325 32.171402
9.598351 20.620904 32.442539
8.974311 21.882736 32.991330
7.930115 48.471343 45.133207
8.127525 48.577207 44.201870
8.156953 49.318738 45.517957
33.485039 11.873391 24.419609
33.850757 11.984546 25.297939
32.611888 12.262804 24.479040
14.591965 9.593964 20.495293
15.309858 8.992054 20.695047
14.504911 10.125011 21.287743
37.141672 12.140273 3.318178
36.249280 11.807457 3.420346
37.693196 11.362657 3.411463
17.941401 42.938543 9.720280
17.724441 42.609469 8.847236
18.874612 42.745585 9.817493
20.607373 46.794046 10.738287
20.503654 45.846206 10.646584
20.275170 46.981549 11.616951
9.914793 1.406621 33.618586
9.438917 1.373860 34.449269
9.333428 1.895946 33.035368
2.597040 46.040391 3.712349
3.024721 46.166066 4.560206
3.178521 46.478778 3.090045
10.574205 42.694070 49.855778
11.340165 43.250931 49.999928
10.693596 42.358013 48.966746
42.467916 40.407893 43.745155
43.180195 40.911986 43.350040
41.746490 40.493900 43.120885
3.183069 48.888668 6.796675
2.282262 48.564301 6.826667
3.119405 49.710431 6.308597
35.747001 40.196937 36.218796
34.821795 40.391785 36.065186
35.919964 40.556087 37.089807
13.415104 34.176695 42.640086
13.724859 34.663028 41.875169
14.208837 33.782250 43.003359
18.522088 16.599262 26.204145
19.281022 17.064842 25.850844
18.464633 15.806482 25.669574
12.705149 48.305789 27.037121
13.216694 48.053713 27.806761
12.083615 47.585810 26.923576
6.904832 14.455319 44.758726
6.520202 14.540856 43.885622
6.924127 15.352241 45.094472
23.721275 39.677984 49.257064
23.400375 38.867187 48.860582
22.970372 40.009949 49.750532
42.676858 22.188158 10.685941
42.801861 22.744594 11.455564
43.286000 22.544731 10.038355
21.288719 12.024335 30.580812
20.815070 12.218746 31.390396
21.863542 11.294991 30.815765
48.592448 18.407984 36.329527
48.983736 18.964672 37.003737
47.832820 18.016123 36.761937
29.455471 45.324545 23.669279
29.614395 46.218579 23.364300
28.624034 45.082313 23.259885
26.589416 13.603382 11.247603
26.204661 14.298924 11.782161
26.123357 13.665169 10.413014
8.723410 31.797879 38.642797
7.891129 32.090921 38.269969
9.330003 31.813844 37.901612
33.960962 4.528430 37.800993
33.688402 5.154868 38.472448
34.917639 4.575470 37.812076
4.001262 36.781798 39.234118
4.609546 36.043209 39.279313
3.152532 36.399724 39.460490
16.774375 43.465336 6.393905
16.600727 44.191063 5.793295
16.647380 42.682231 5.857075
39.530532 6.814304 32.381421
39.460687 7.754741 32.549548
40.370979 6.569201 32.770188
39.468676 20.260350 47.946909
38.834252 20.953593 48.132614
39.551483 19.790699 48.777654
29.496532 19.405793 37.882129
28.960354 20.050995 37.419751
30.366928 19.504386 37.494499
11.721393 37.670121 39.600581
12.071643 38.200247 40.317420
10.790947 37.896422 39.575580
37.945376 21.002241 28.830175
37.325515 20.926876 29.556576
38.551780 21.688642 29.110702
31.298179 2.134920 30.345979
31.599590 2.816851 30.947384
30.355989 2.078972 30.509424
38.256041 40.509839 25.173244
37.376294 40.517629 25.552127
38.823031 40.788578 25.893240
44.205412 21.544826 38.769374
44.006073 20.750708 38.272175
44.642143 22.114305 38.134924
42.301081 29.000010 19.087701
41.439310 28.624676 19.272204
42.202875 29.395804 18.220943
17.218326 16.407759 28.636762
16.810925 17.240146 28.879093
16.757495 16.145550 27.838985
27.892850 26.094219 42.327015
28.012551 26.825247 41.719697
27.944564 25.316713 41.769900
23.473733 34.763155 34.750257
24.320006 35.207446 34.687066
22.855235 35.466163 34.952261
26.545677 8.868750 30.347703
27.347731 9.387216 30.273748
26.626670 8.212813 29.654339
9.967115 5.584367 7.235989
10.212629 5.028840 6.495260
10.358786 5.149370 7.994236
33.488336 20.051075 0.912190
33.275027 20.306292 1.810483
32.773524 20.416315 0.389494
35.633356 20.205508 18.268848
36.285587 20.863822 18.026395
35.318412 19.868348 17.429384
24.710035 32.546200 17.391522
24.323444 31.861163 17.938182
24.093212 32.641154 16.664830
19.192763 31.058132 45.928902
19.246690 31.319566 46.848854
18.457621 31.566402 45.584234
9.494332 30.796270 40.602996
9.275309 29.917641 40.915415
10.217092 31.071782 41.168043
36.953623 37.757809 37.389460
37.377439 37.810422 36.532034
36.147913 38.264907 37.283386
12.230313 44.755525 24.892928
12.385140 45.570031 25.372695
12.384580 44.068713 25.542587
13.097985 40.944729 41.025920
12.437876 41.635384 40.956506
12.596105 40.165129 41.266559
5.589995 45.419418 39.367583
6.102192 45.987528 38.790979
4.870217 45.976803 39.665587
7.435592 38.647003 37.708563
7.828334 39.322137 38.263103
8.186713 38.205162 37.310869
21.096194 13.699357 14.163745
20.446050 13.644293 14.865063
21.934129 13.578469 14.611871
30.262440 48.196293 39.870832
29.921415 47.333148 40.108003
30.602822 48.077298 38.983394
10.756760 14.817777 46.749246
10.190117 14.221744 47.240395
10.470230 14.717120 45.840767
5.478669 6.870713 30.303688
5.880312 6.008736 30.418780
6.192232 7.485961 30.476501
25.022326 22.853418 31.594346
25.042408 23.573883 30.963399
24.888917 22.073554 31.054363
8.870385 36.929963 46.271350
9.562933 36.720079 45.643741
8.392065 36.106605 46.375544
31.296898 25.718879 7.189056
32.100731 25.218363 7.333636
31.605679 26.599110 6.971309
38.732410 13.245478 45.574255
39.505952 13.395432 45.029542
38.219205 14.048483 45.477452
17.310652 39.030148 43.832454
17.448598 39.425853 42.971086
17.038624 39.763365 44.385591
13.214268 44.271120 33.662886
12.729180 43.584668 33.203494
14.063602 44.293081 33.220488
8.960419 4.361127 2.112426
8.743073 3.570110 1.617834
9.043410 4.055953 3.016610
13.539223 26.144463 1.389243
13.217560 26.463108 0.545107
13.682727 25.208222 1.246321
10.340951 42.690206 38.880097
10.776100 41.837007 38.863855
10.902816 43.249363 38.342307
37.676068 37.301562 16.267661
38.323961 37.738178 15.713434
37.817783 36.368742 16.102340
46.898134 13.122289 11.248293
46.087714 13.334403 11.712830
47.298971 13.975119 11.076307
16.064139 14.382873 31.770596
16.012751 14.347578 30.814729
15.160316 14.249099 32.058303
27.933572 9.621044 15.164056
28.028506 8.810913 14.661819
28.754918 10.089204 15.009835
44.590691 14.488958 40.804764
44.332641 14.050009 39.993407
45.368709 14.991851 40.561137
1.306343 24.063084 23.462538
2.153075 24.508575 23.508891
0.746285 24.563219 24.057321
23.995745 24.207957 28.623628
24.044465 23.929385 27.708428
23.485015 23.519219 29.050664
20.934303 38.966680 12.904674
20.249550 38.598357 13.464155
21.534207 39.391770 13.518662
45.790156 48.860939 27.256204
44.967960 48.380365 27.359202
45.611334 49.480932 26.548250
34.415238 16.348670 6.346325
33.619561 15.818113 6.400873
34.888991 16.143028 7.153069
18.640026 23.427226 19.818724
17.976312 23.469984 19.129361
19.456386 23.258210 19.346965
22.616629 15.085975 3.085636
23.174388 14.551762 3.652283
22.109241 14.445276 2.586009
2.883695 34.667306 47.685469
3.699330 34.784158 48.173989
2.868698 35.405856 47.075644
8.590113 48.738555 15.174924
8.967161 49.618123 15.132947
8.044302 48.680573 14.389879
32.698036 40.365408 41.110046
32.335808 39.478669 41.117272
33.305110 40.375893 41.850936
11.844350 35.293531 39.732963
12.006380 35.570803 38.830503
10.923407 35.510593 39.882341
13.096453 33.313449 48.741826
13.459289 34.199966 48.743479
12.708963 33.217922 49.612626
17.803847 43.950517 1.931181
17.071301 44.038151 2.542134
18.461334 43.457959 2.423790
11.479007 10.440447 42.663698
10.998893 10.997032 42.049474
11.895939 9.782568 42.106088
24.280764 33.850230 0.468953
24.282215 32.899493 0.352063
24.484652 33.971887 1.396959
0.948200 35.898469 7.336764
1.779619 36.370180 7.398395
1.075746 35.294866 6.603987
19.586883 32.381947 12.739959
20.272618 32.105904 13.349168
19.448896 33.306968 12.946991
17.582409 29.475263 23.456042
18.273928 29.328547 22.809635
17.101655 28.646986 23.476019
35.684732 31.605707 44.145415
34.774617 31.315467 44.074572
36.166941 31.003431 43.577696
18.143359 27.964459 14.455680
17.786871 28.675702 14.989175
17.940271 27.172985 14.955572
23.101301 27.667335 17.829678
23.157981 27.625711 16.874366
22.350311 28.238649 17.994541
6.747823 26.715209 1.070625
6.810243 27.143902 0.216287
6.242897 25.919992 0.896715
38.424821 44.584806 29.789214
37.635175 45.113251 29.667673
38.092754 43.725034 30.050158
46.557542 40.928461 0.297332
46.313212 41.851634 0.222354
45.816243 40.526715 0.751911
11.089192 25.279801 5.400565
10.555818 25.107472 6.177341
11.182585 26.233051 5.388005
15.420254 43.504228 42.651344
14.956463 43.559157 43.487674
16.345313 43.476811 42.898493
17.646799 22.271246 16.420859
17.488563 22.954927 15.768855
17.918641 21.512742 15.902844
44.214413 28.514258 30.821493
44.302431 29.140928 31.540593
45.116331 28.263755 30.618121
18.053263 41.829776 15.727345
18.576451 42.489092 15.270021
17.935344 41.134316 15.079272
37.098878 26.749805 16.905828
37.917988 27.245990 16.885185
36.419644 27.415122 16.789373
3.769378 16.683605 17.336093
3.028512 16.574072 17.933324
4.533097 16.710658 17.913647
43.608891 41.602912 4.849180
42.752249 41.977735 5.057122
43.480089 41.183829 3.997508
45.471569 1.742163 49.036066
45.493574 2.558610 49.536564
46.319729 1.717631 48.591556
23.363435 39.716659 27.858923
23.472817 39.192859 28.653427
23.816006 40.537559 28.056080
3.097876 43.090007 44.430557
3.871433 43.627580 44.604315
2.401831 43.511975 44.935563
36.573021 35.783250 0.757780
35.815657 35.315456 0.404036
36.380135 36.705325 0.584170
43.114649 46.017323 39.039148
43.824980 46.183057 38.418238
42.452241 45.560088 38.519804
34.819086 20.061721 20.384919
34.025377 20.496438 20.070890
35.477643 20.757239 20.396042
32.613436 13.095536 29.926756
32.149371 13.414708 29.151940
33.539278 13.196415 29.702689
20.103568 27.020471 9.255248
20.022320 26.198829 8.769583
20.160435 27.690514 8.573063
11.612582 6.295737 43.125069
12.430002 6.044642 43.556744
11.772205 6.113571 42.198299
38.592446 29.183127 21.094311
37.866363 29.767623 20.873555
38.517223 28.467786 20.461700
11.842797 25.949967 42.344989
11.205154 25.508376 41.782873
12.657451 25.468103 42.197636
32.585505 20.632534 35.766836
32.449550 20.172942 36.596207
31.759375 20.515081 35.296431
0.699484 38.060538 10.760256
0.256037 37.410454 10.214077
1.201166 38.586691 10.136522
26.077611 29.805682 0.564903
26.882812 29.879326 1.078512
25.523129 29.220487 1.082265
2.820778 20.040823 44.405477
2.479684 20.653342 43.752758
2.834290 20.548436 45.217704
18.015770 45.803619 31.488775
17.725922 46.358942 32.213463
17.759510 44.919770 31.754686
34.581776 37.471353 41.669204
35.182907 37.596959 42.404345
33.726499 37.720164 42.021570
12.385578 26.992352 39.128113
11.881266 26.401447 39.688529
13.109363 27.281552 39.684949
5.859285 46.739141 14.563436
5.945058 46.047744 13.906031
5.491052 46.291877 15.326277
40.713941 16.618300 48.544722
41.521761 17.114392 48.407291
40.794226 15.871623 47.950084
31.893641 33.975751 39.185178
30.958769 34.078286 39.003333
31.969089 33.083366 39.525066
11.237023 45.980662 46.530102
12.151192 46.225178 46.678678
10.767367 46.373484 47.266771
7.578331 2.692520 29.383653
8.083601 2.636041 30.195490
8.173650 2.354065 28.713870
8.664777 32.202962 22.131906
7.891129 32.539060 21.677953
8.843976 31.366714 21.700462
33.971149 10.596244 13.275397
33.108667 10.869045 12.960322
34.128081 9.761140 12.833198
31.724742 45.079732 25.857546
31.014280 45.535895 25.405080
32.177671 44.603338 25.160789
27.905026 47.785096 44.880783
27.638719 48.623526 44.501726
28.824457 47.916203 45.115355
27.398023 24.201680 30.243651
27.534742 23.419430 30.779338
27.337833 24.913971 30.881292
37.552105 26.671209 2.963152
36.795525 26.274135 3.396149
37.205496 27.478033 2.580446
13.580587 2.545317 42.546469
14.032680 3.006659 41.839121
13.208803 1.771884 42.120858
0.305638 11.016993 5.878965
1.199560 11.064919 5.538122
0.269262 11.711273 6.537917
30.460436 38.519789 27.932853
30.901929 38.054439 27.221445
29.754481 38.998115 27.496506
44.718507 2.403877 17.514531
45.156736 2.813251 16.767580
44.433424 1.552611 17.180404
18.608292 0.033014 41.638893
17.666371 0.205477 41.614241
18.962320 0.566841 40.926672
2.044981 37.017472 17.891461
2.742294 36.896787 17.245894
1.577854 37.796729 17.587952
